workload,workload_name,shape,allocator,allocator_version,profile,tokenizer,context_limit,output_reserve,tool_reserve,input_budget,n_candidates,n_authorized,n_selected,candidate_tokens,authorized_tokens,selected_item_tokens,assembled_tokens,unused_tokens,utilization,protected_retention,must_survive_retention,critical_evidence_recall,evidence_kept,evidence_missing,class_starvation,n_starved_classes,floor_violations,unauthorized_leakage,leaked_ids,overflow,failed_closed,failure_reason,n_truncated,truncated_ids,tokenize_ms,allocate_ms,assemble_ms,estimated_cost_usd,mismatch_tokenizer,mismatch_tokens,mismatch_overflow,selected_by_class,class_demand,class_budget,class_used,notes,prompt_hash,selection_hash,ordered_ids
cross_tenant,Adversarial cross-tenant data,adversarial,fixed_quota,1,32k,cl100k_base,32768,4096,512,28160,16,14,14,256,224,1012,961,27199,0.0341,1.0,1.0,1.0,rag_rate_limit,,,0,,0,,False,False,,0,,6.885,0.063,0.016,0.000144,o200k_base,964,False,"{""history"": 2, ""rag"": 1, ""security"": 3, ""system"": 2, ""tool_schema"": 5, ""user"": 1}","{""agent"": 0, ""history"": 54, ""memory"": 0, ""rag"": 79, ""security"": 273, ""system"": 349, ""tool_result"": 0, ""tool_schema"": 221, ""user"": 36}","{""agent"": 4083, ""history"": 8165, ""memory"": 2722, ""rag"": 6804, ""security"": 273, ""system"": 349, ""tool_result"": 5443, ""tool_schema"": 221, ""user"": 36}","{""history"": 54, ""rag"": 79, ""security"": 273, ""system"": 349, ""tool_schema"": 221, ""user"": 36}",protected first | fixed elastic quotas | spillover in spillover_order,3af75cdc1bef27c3dd12a48952d1744929a0db659dd5becb4f24b528fb1defb9,7e38379473d2202b83498584835ae3062d7ba6a1092ef896f03d256bdb630182,"sys_platform,sys_style,sec_tenant,sec_prod,sec_secrets,tool_search_docs,tool_get_incident,tool_list_exceptions,tool_run_query,tool_page_oncall,rag_rate_limit,hist_0000,hist_0001,user_current"
cross_tenant,Adversarial cross-tenant data,adversarial,waterfill,1,32k,cl100k_base,32768,4096,512,28160,16,14,14,256,224,1012,961,27199,0.0341,1.0,1.0,1.0,rag_rate_limit,,,0,,0,,False,False,,0,,0.196,0.045,0.007,0.000144,o200k_base,964,False,"{""history"": 2, ""rag"": 1, ""security"": 3, ""system"": 2, ""tool_schema"": 5, ""user"": 1}","{""agent"": 0, ""history"": 54, ""memory"": 0, ""rag"": 79, ""security"": 273, ""system"": 349, ""tool_result"": 0, ""tool_schema"": 221, ""user"": 36}","{""agent"": 0, ""history"": 54, ""memory"": 0, ""rag"": 79, ""security"": 273, ""system"": 349, ""tool_result"": 0, ""tool_schema"": 221, ""user"": 36}","{""history"": 54, ""rag"": 79, ""security"": 273, ""system"": 349, ""tool_schema"": 221, ""user"": 36}",protected first | elastic floors | weighted water-fill | ceilings,3af75cdc1bef27c3dd12a48952d1744929a0db659dd5becb4f24b528fb1defb9,130580b3d8fc9fdf47b452332db8a8fb58d9ffc9b9622c8ffdd4d04a97a50678,"sys_platform,sys_style,sec_tenant,sec_prod,sec_secrets,tool_search_docs,tool_get_incident,tool_list_exceptions,tool_run_query,tool_page_oncall,rag_rate_limit,hist_0000,hist_0001,user_current"
cross_tenant,Adversarial cross-tenant data,adversarial,utility,1,32k,cl100k_base,32768,4096,512,28160,16,14,14,256,224,1012,961,27199,0.0341,1.0,1.0,1.0,rag_rate_limit,,,0,,0,,False,False,,0,,0.185,0.03,0.005,0.000144,o200k_base,964,False,"{""history"": 2, ""rag"": 1, ""security"": 3, ""system"": 2, ""tool_schema"": 5, ""user"": 1}","{""agent"": 0, ""history"": 54, ""memory"": 0, ""rag"": 79, ""security"": 273, ""system"": 349, ""tool_result"": 0, ""tool_schema"": 221, ""user"": 36}","{""agent"": 0, ""history"": 54, ""memory"": 0, ""rag"": 79, ""security"": 273, ""system"": 349, ""tool_result"": 0, ""tool_schema"": 221, ""user"": 36}","{""history"": 54, ""rag"": 79, ""security"": 273, ""system"": 349, ""tool_schema"": 221, ""user"": 36}",protected first | elastic floors | greedy score packing | ceilings,3af75cdc1bef27c3dd12a48952d1744929a0db659dd5becb4f24b528fb1defb9,7b15b36010fd3c20ca2fd6a66a629a43c8de1708ee2b68c5cab01ca492b0cdc1,"sys_platform,sys_style,sec_tenant,sec_prod,sec_secrets,tool_search_docs,tool_get_incident,tool_list_exceptions,tool_run_query,tool_page_oncall,rag_rate_limit,hist_0000,hist_0001,user_current"
cross_tenant,Adversarial cross-tenant data,adversarial,recency,1,32k,cl100k_base,32768,4096,512,28160,16,14,14,256,224,1012,961,27199,0.0341,1.0,1.0,1.0,rag_rate_limit,,,0,,0,,False,False,,0,,0.182,0.025,0.005,0.000144,o200k_base,964,False,"{""history"": 2, ""rag"": 1, ""security"": 3, ""system"": 2, ""tool_schema"": 5, ""user"": 1}","{""agent"": 0, ""history"": 54, ""memory"": 0, ""rag"": 79, ""security"": 273, ""system"": 349, ""tool_result"": 0, ""tool_schema"": 221, ""user"": 36}","{""agent"": 27217, ""history"": 27217, ""memory"": 27242, ""rag"": 27242, ""security"": 273, ""system"": 349, ""tool_result"": 27217, ""tool_schema"": 221, ""user"": 36}","{""history"": 54, ""rag"": 79, ""security"": 273, ""system"": 349, ""tool_schema"": 221, ""user"": 36}",protected first | live classes newest-first (no oldest-history pin) | knowledge fills remainder by relevance | no elastic floors/ceilings,3af75cdc1bef27c3dd12a48952d1744929a0db659dd5becb4f24b528fb1defb9,793486f9eb501a1f0beed912ee17bceed37c26864b0785e604fbe864c3625ebb,"sys_platform,sys_style,sec_tenant,sec_prod,sec_secrets,tool_search_docs,tool_get_incident,tool_list_exceptions,tool_run_query,tool_page_oncall,rag_rate_limit,hist_0000,hist_0001,user_current"
cross_tenant,Adversarial cross-tenant data,adversarial,fixed_quota,1,64k,cl100k_base,65536,8192,1024,56320,16,14,14,256,224,1012,961,55359,0.0171,1.0,1.0,1.0,rag_rate_limit,,,0,,0,,False,False,,0,,0.18,0.028,0.005,0.000144,o200k_base,964,False,"{""history"": 2, ""rag"": 1, ""security"": 3, ""system"": 2, ""tool_schema"": 5, ""user"": 1}","{""agent"": 0, ""history"": 54, ""memory"": 0, ""rag"": 79, ""security"": 273, ""system"": 349, ""tool_result"": 0, ""tool_schema"": 221, ""user"": 36}","{""agent"": 8307, ""history"": 16613, ""memory"": 5538, ""rag"": 13844, ""security"": 273, ""system"": 349, ""tool_result"": 11075, ""tool_schema"": 221, ""user"": 36}","{""history"": 54, ""rag"": 79, ""security"": 273, ""system"": 349, ""tool_schema"": 221, ""user"": 36}",protected first | fixed elastic quotas | spillover in spillover_order,3af75cdc1bef27c3dd12a48952d1744929a0db659dd5becb4f24b528fb1defb9,7e38379473d2202b83498584835ae3062d7ba6a1092ef896f03d256bdb630182,"sys_platform,sys_style,sec_tenant,sec_prod,sec_secrets,tool_search_docs,tool_get_incident,tool_list_exceptions,tool_run_query,tool_page_oncall,rag_rate_limit,hist_0000,hist_0001,user_current"
cross_tenant,Adversarial cross-tenant data,adversarial,waterfill,1,64k,cl100k_base,65536,8192,1024,56320,16,14,14,256,224,1012,961,55359,0.0171,1.0,1.0,1.0,rag_rate_limit,,,0,,0,,False,False,,0,,0.19,0.031,0.004,0.000144,o200k_base,964,False,"{""history"": 2, ""rag"": 1, ""security"": 3, ""system"": 2, ""tool_schema"": 5, ""user"": 1}","{""agent"": 0, ""history"": 54, ""memory"": 0, ""rag"": 79, ""security"": 273, ""system"": 349, ""tool_result"": 0, ""tool_schema"": 221, ""user"": 36}","{""agent"": 0, ""history"": 54, ""memory"": 0, ""rag"": 79, ""security"": 273, ""system"": 349, ""tool_result"": 0, ""tool_schema"": 221, ""user"": 36}","{""history"": 54, ""rag"": 79, ""security"": 273, ""system"": 349, ""tool_schema"": 221, ""user"": 36}",protected first | elastic floors | weighted water-fill | ceilings,3af75cdc1bef27c3dd12a48952d1744929a0db659dd5becb4f24b528fb1defb9,130580b3d8fc9fdf47b452332db8a8fb58d9ffc9b9622c8ffdd4d04a97a50678,"sys_platform,sys_style,sec_tenant,sec_prod,sec_secrets,tool_search_docs,tool_get_incident,tool_list_exceptions,tool_run_query,tool_page_oncall,rag_rate_limit,hist_0000,hist_0001,user_current"
cross_tenant,Adversarial cross-tenant data,adversarial,utility,1,64k,cl100k_base,65536,8192,1024,56320,16,14,14,256,224,1012,961,55359,0.0171,1.0,1.0,1.0,rag_rate_limit,,,0,,0,,False,False,,0,,0.18,0.022,0.005,0.000144,o200k_base,964,False,"{""history"": 2, ""rag"": 1, ""security"": 3, ""system"": 2, ""tool_schema"": 5, ""user"": 1}","{""agent"": 0, ""history"": 54, ""memory"": 0, ""rag"": 79, ""security"": 273, ""system"": 349, ""tool_result"": 0, ""tool_schema"": 221, ""user"": 36}","{""agent"": 0, ""history"": 54, ""memory"": 0, ""rag"": 79, ""security"": 273, ""system"": 349, ""tool_result"": 0, ""tool_schema"": 221, ""user"": 36}","{""history"": 54, ""rag"": 79, ""security"": 273, ""system"": 349, ""tool_schema"": 221, ""user"": 36}",protected first | elastic floors | greedy score packing | ceilings,3af75cdc1bef27c3dd12a48952d1744929a0db659dd5becb4f24b528fb1defb9,7b15b36010fd3c20ca2fd6a66a629a43c8de1708ee2b68c5cab01ca492b0cdc1,"sys_platform,sys_style,sec_tenant,sec_prod,sec_secrets,tool_search_docs,tool_get_incident,tool_list_exceptions,tool_run_query,tool_page_oncall,rag_rate_limit,hist_0000,hist_0001,user_current"
cross_tenant,Adversarial cross-tenant data,adversarial,recency,1,64k,cl100k_base,65536,8192,1024,56320,16,14,14,256,224,1012,961,55359,0.0171,1.0,1.0,1.0,rag_rate_limit,,,0,,0,,False,False,,0,,0.179,0.02,0.004,0.000144,o200k_base,964,False,"{""history"": 2, ""rag"": 1, ""security"": 3, ""system"": 2, ""tool_schema"": 5, ""user"": 1}","{""agent"": 0, ""history"": 54, ""memory"": 0, ""rag"": 79, ""security"": 273, ""system"": 349, ""tool_result"": 0, ""tool_schema"": 221, ""user"": 36}","{""agent"": 55377, ""history"": 55377, ""memory"": 55402, ""rag"": 55402, ""security"": 273, ""system"": 349, ""tool_result"": 55377, ""tool_schema"": 221, ""user"": 36}","{""history"": 54, ""rag"": 79, ""security"": 273, ""system"": 349, ""tool_schema"": 221, ""user"": 36}",protected first | live classes newest-first (no oldest-history pin) | knowledge fills remainder by relevance | no elastic floors/ceilings,3af75cdc1bef27c3dd12a48952d1744929a0db659dd5becb4f24b528fb1defb9,793486f9eb501a1f0beed912ee17bceed37c26864b0785e604fbe864c3625ebb,"sys_platform,sys_style,sec_tenant,sec_prod,sec_secrets,tool_search_docs,tool_get_incident,tool_list_exceptions,tool_run_query,tool_page_oncall,rag_rate_limit,hist_0000,hist_0001,user_current"
cross_tenant,Adversarial cross-tenant data,adversarial,fixed_quota,1,128k,cl100k_base,131072,8192,2048,120832,16,14,14,256,224,1012,961,119871,0.008,1.0,1.0,1.0,rag_rate_limit,,,0,,0,,False,False,,0,,0.179,0.025,0.006,0.000144,o200k_base,964,False,"{""history"": 2, ""rag"": 1, ""security"": 3, ""system"": 2, ""tool_schema"": 5, ""user"": 1}","{""agent"": 0, ""history"": 54, ""memory"": 0, ""rag"": 79, ""security"": 273, ""system"": 349, ""tool_result"": 0, ""tool_schema"": 221, ""user"": 36}","{""agent"": 17983, ""history"": 35967, ""memory"": 11989, ""rag"": 29972, ""security"": 273, ""system"": 349, ""tool_result"": 23978, ""tool_schema"": 221, ""user"": 36}","{""history"": 54, ""rag"": 79, ""security"": 273, ""system"": 349, ""tool_schema"": 221, ""user"": 36}",protected first | fixed elastic quotas | spillover in spillover_order,3af75cdc1bef27c3dd12a48952d1744929a0db659dd5becb4f24b528fb1defb9,7e38379473d2202b83498584835ae3062d7ba6a1092ef896f03d256bdb630182,"sys_platform,sys_style,sec_tenant,sec_prod,sec_secrets,tool_search_docs,tool_get_incident,tool_list_exceptions,tool_run_query,tool_page_oncall,rag_rate_limit,hist_0000,hist_0001,user_current"
cross_tenant,Adversarial cross-tenant data,adversarial,waterfill,1,128k,cl100k_base,131072,8192,2048,120832,16,14,14,256,224,1012,961,119871,0.008,1.0,1.0,1.0,rag_rate_limit,,,0,,0,,False,False,,0,,0.181,0.028,0.004,0.000144,o200k_base,964,False,"{""history"": 2, ""rag"": 1, ""security"": 3, ""system"": 2, ""tool_schema"": 5, ""user"": 1}","{""agent"": 0, ""history"": 54, ""memory"": 0, ""rag"": 79, ""security"": 273, ""system"": 349, ""tool_result"": 0, ""tool_schema"": 221, ""user"": 36}","{""agent"": 0, ""history"": 54, ""memory"": 0, ""rag"": 79, ""security"": 273, ""system"": 349, ""tool_result"": 0, ""tool_schema"": 221, ""user"": 36}","{""history"": 54, ""rag"": 79, ""security"": 273, ""system"": 349, ""tool_schema"": 221, ""user"": 36}",protected first | elastic floors | weighted water-fill | ceilings,3af75cdc1bef27c3dd12a48952d1744929a0db659dd5becb4f24b528fb1defb9,130580b3d8fc9fdf47b452332db8a8fb58d9ffc9b9622c8ffdd4d04a97a50678,"sys_platform,sys_style,sec_tenant,sec_prod,sec_secrets,tool_search_docs,tool_get_incident,tool_list_exceptions,tool_run_query,tool_page_oncall,rag_rate_limit,hist_0000,hist_0001,user_current"
cross_tenant,Adversarial cross-tenant data,adversarial,utility,1,128k,cl100k_base,131072,8192,2048,120832,16,14,14,256,224,1012,961,119871,0.008,1.0,1.0,1.0,rag_rate_limit,,,0,,0,,False,False,,0,,0.18,0.022,0.004,0.000144,o200k_base,964,False,"{""history"": 2, ""rag"": 1, ""security"": 3, ""system"": 2, ""tool_schema"": 5, ""user"": 1}","{""agent"": 0, ""history"": 54, ""memory"": 0, ""rag"": 79, ""security"": 273, ""system"": 349, ""tool_result"": 0, ""tool_schema"": 221, ""user"": 36}","{""agent"": 0, ""history"": 54, ""memory"": 0, ""rag"": 79, ""security"": 273, ""system"": 349, ""tool_result"": 0, ""tool_schema"": 221, ""user"": 36}","{""history"": 54, ""rag"": 79, ""security"": 273, ""system"": 349, ""tool_schema"": 221, ""user"": 36}",protected first | elastic floors | greedy score packing | ceilings,3af75cdc1bef27c3dd12a48952d1744929a0db659dd5becb4f24b528fb1defb9,7b15b36010fd3c20ca2fd6a66a629a43c8de1708ee2b68c5cab01ca492b0cdc1,"sys_platform,sys_style,sec_tenant,sec_prod,sec_secrets,tool_search_docs,tool_get_incident,tool_list_exceptions,tool_run_query,tool_page_oncall,rag_rate_limit,hist_0000,hist_0001,user_current"
cross_tenant,Adversarial cross-tenant data,adversarial,recency,1,128k,cl100k_base,131072,8192,2048,120832,16,14,14,256,224,1012,961,119871,0.008,1.0,1.0,1.0,rag_rate_limit,,,0,,0,,False,False,,0,,0.18,0.019,0.004,0.000144,o200k_base,964,False,"{""history"": 2, ""rag"": 1, ""security"": 3, ""system"": 2, ""tool_schema"": 5, ""user"": 1}","{""agent"": 0, ""history"": 54, ""memory"": 0, ""rag"": 79, ""security"": 273, ""system"": 349, ""tool_result"": 0, ""tool_schema"": 221, ""user"": 36}","{""agent"": 119889, ""history"": 119889, ""memory"": 119914, ""rag"": 119914, ""security"": 273, ""system"": 349, ""tool_result"": 119889, ""tool_schema"": 221, ""user"": 36}","{""history"": 54, ""rag"": 79, ""security"": 273, ""system"": 349, ""tool_schema"": 221, ""user"": 36}",protected first | live classes newest-first (no oldest-history pin) | knowledge fills remainder by relevance | no elastic floors/ceilings,3af75cdc1bef27c3dd12a48952d1744929a0db659dd5becb4f24b528fb1defb9,793486f9eb501a1f0beed912ee17bceed37c26864b0785e604fbe864c3625ebb,"sys_platform,sys_style,sec_tenant,sec_prod,sec_secrets,tool_search_docs,tool_get_incident,tool_list_exceptions,tool_run_query,tool_page_oncall,rag_rate_limit,hist_0000,hist_0001,user_current"
cross_tenant,Adversarial cross-tenant data,adversarial,fixed_quota,1,256k,cl100k_base,262144,16384,2048,243712,16,14,14,256,224,1012,961,242751,0.0039,1.0,1.0,1.0,rag_rate_limit,,,0,,0,,False,False,,0,,0.189,0.024,0.004,0.000144,o200k_base,964,False,"{""history"": 2, ""rag"": 1, ""security"": 3, ""system"": 2, ""tool_schema"": 5, ""user"": 1}","{""agent"": 0, ""history"": 54, ""memory"": 0, ""rag"": 79, ""security"": 273, ""system"": 349, ""tool_result"": 0, ""tool_schema"": 221, ""user"": 36}","{""agent"": 36415, ""history"": 72831, ""memory"": 24277, ""rag"": 60692, ""security"": 273, ""system"": 349, ""tool_result"": 48554, ""tool_schema"": 221, ""user"": 36}","{""history"": 54, ""rag"": 79, ""security"": 273, ""system"": 349, ""tool_schema"": 221, ""user"": 36}",protected first | fixed elastic quotas | spillover in spillover_order,3af75cdc1bef27c3dd12a48952d1744929a0db659dd5becb4f24b528fb1defb9,7e38379473d2202b83498584835ae3062d7ba6a1092ef896f03d256bdb630182,"sys_platform,sys_style,sec_tenant,sec_prod,sec_secrets,tool_search_docs,tool_get_incident,tool_list_exceptions,tool_run_query,tool_page_oncall,rag_rate_limit,hist_0000,hist_0001,user_current"
cross_tenant,Adversarial cross-tenant data,adversarial,waterfill,1,256k,cl100k_base,262144,16384,2048,243712,16,14,14,256,224,1012,961,242751,0.0039,1.0,1.0,1.0,rag_rate_limit,,,0,,0,,False,False,,0,,0.18,0.047,0.005,0.000144,o200k_base,964,False,"{""history"": 2, ""rag"": 1, ""security"": 3, ""system"": 2, ""tool_schema"": 5, ""user"": 1}","{""agent"": 0, ""history"": 54, ""memory"": 0, ""rag"": 79, ""security"": 273, ""system"": 349, ""tool_result"": 0, ""tool_schema"": 221, ""user"": 36}","{""agent"": 0, ""history"": 54, ""memory"": 0, ""rag"": 79, ""security"": 273, ""system"": 349, ""tool_result"": 0, ""tool_schema"": 221, ""user"": 36}","{""history"": 54, ""rag"": 79, ""security"": 273, ""system"": 349, ""tool_schema"": 221, ""user"": 36}",protected first | elastic floors | weighted water-fill | ceilings,3af75cdc1bef27c3dd12a48952d1744929a0db659dd5becb4f24b528fb1defb9,130580b3d8fc9fdf47b452332db8a8fb58d9ffc9b9622c8ffdd4d04a97a50678,"sys_platform,sys_style,sec_tenant,sec_prod,sec_secrets,tool_search_docs,tool_get_incident,tool_list_exceptions,tool_run_query,tool_page_oncall,rag_rate_limit,hist_0000,hist_0001,user_current"
cross_tenant,Adversarial cross-tenant data,adversarial,utility,1,256k,cl100k_base,262144,16384,2048,243712,16,14,14,256,224,1012,961,242751,0.0039,1.0,1.0,1.0,rag_rate_limit,,,0,,0,,False,False,,0,,0.183,0.022,0.005,0.000144,o200k_base,964,False,"{""history"": 2, ""rag"": 1, ""security"": 3, ""system"": 2, ""tool_schema"": 5, ""user"": 1}","{""agent"": 0, ""history"": 54, ""memory"": 0, ""rag"": 79, ""security"": 273, ""system"": 349, ""tool_result"": 0, ""tool_schema"": 221, ""user"": 36}","{""agent"": 0, ""history"": 54, ""memory"": 0, ""rag"": 79, ""security"": 273, ""system"": 349, ""tool_result"": 0, ""tool_schema"": 221, ""user"": 36}","{""history"": 54, ""rag"": 79, ""security"": 273, ""system"": 349, ""tool_schema"": 221, ""user"": 36}",protected first | elastic floors | greedy score packing | ceilings,3af75cdc1bef27c3dd12a48952d1744929a0db659dd5becb4f24b528fb1defb9,7b15b36010fd3c20ca2fd6a66a629a43c8de1708ee2b68c5cab01ca492b0cdc1,"sys_platform,sys_style,sec_tenant,sec_prod,sec_secrets,tool_search_docs,tool_get_incident,tool_list_exceptions,tool_run_query,tool_page_oncall,rag_rate_limit,hist_0000,hist_0001,user_current"
cross_tenant,Adversarial cross-tenant data,adversarial,recency,1,256k,cl100k_base,262144,16384,2048,243712,16,14,14,256,224,1012,961,242751,0.0039,1.0,1.0,1.0,rag_rate_limit,,,0,,0,,False,False,,0,,0.18,0.019,0.005,0.000144,o200k_base,964,False,"{""history"": 2, ""rag"": 1, ""security"": 3, ""system"": 2, ""tool_schema"": 5, ""user"": 1}","{""agent"": 0, ""history"": 54, ""memory"": 0, ""rag"": 79, ""security"": 273, ""system"": 349, ""tool_result"": 0, ""tool_schema"": 221, ""user"": 36}","{""agent"": 242769, ""history"": 242769, ""memory"": 242794, ""rag"": 242794, ""security"": 273, ""system"": 349, ""tool_result"": 242769, ""tool_schema"": 221, ""user"": 36}","{""history"": 54, ""rag"": 79, ""security"": 273, ""system"": 349, ""tool_schema"": 221, ""user"": 36}",protected first | live classes newest-first (no oldest-history pin) | knowledge fills remainder by relevance | no elastic floors/ceilings,3af75cdc1bef27c3dd12a48952d1744929a0db659dd5becb4f24b528fb1defb9,793486f9eb501a1f0beed912ee17bceed37c26864b0785e604fbe864c3625ebb,"sys_platform,sys_style,sec_tenant,sec_prod,sec_secrets,tool_search_docs,tool_get_incident,tool_list_exceptions,tool_run_query,tool_page_oncall,rag_rate_limit,hist_0000,hist_0001,user_current"
early_history,Critical fact in the first history turn,early-history,fixed_quota,1,32k,cl100k_base,32768,4096,512,28160,93,91,44,1488,1456,27795,27643,517,0.9816,1.0,1.0,1.0,hist_0000,,,0,,0,,False,False,,0,,7.981,0.108,0.044,0.004146,o200k_base,27648,False,"{""history"": 33, ""security"": 3, ""system"": 2, ""tool_schema"": 5, ""user"": 1}","{""agent"": 0, ""history"": 65280, ""memory"": 0, ""rag"": 0, ""security"": 273, ""system"": 349, ""tool_result"": 0, ""tool_schema"": 221, ""user"": 24}","{""agent"": 4084, ""history"": 8169, ""memory"": 2723, ""rag"": 6807, ""security"": 273, ""system"": 349, ""tool_result"": 5446, ""tool_schema"": 221, ""user"": 24}","{""history"": 26928, ""security"": 273, ""system"": 349, ""tool_schema"": 221, ""user"": 24}",protected first | fixed elastic quotas | spillover in spillover_order | spillover consumed packing leftover,236cfd0f6286b135874238982f8399c9ff0f7cd36ae05c2f1c94a4f483f34c8d,7786f8030cda4e7f4a18e0726339162a578545cb74a934894ee5a0eb5aa2390b,"sys_platform,sys_style,sec_tenant,sec_prod,sec_secrets,tool_search_docs,tool_get_incident,tool_list_exceptions,tool_run_query,tool_page_oncall,hist_0000,hist_0048,hist_0049,hist_0050,hist_0051,hist_0052,hist_0053,hist_0054,hist_0055,hist_0056,hist_0057,hist_0058,hist_0059,hist_0060,hist_0061,hist_0062,hist_0063,hist_0064,hist_0065,hist_0066,hist_0067,hist_0068,hist_0069,hist_0070,hist_0071,hist_0072,hist_0073,hist_0074,hist_0075,hist_0076,hist_0077,hist_0078,hist_0079,user_current"
early_history,Critical fact in the first history turn,early-history,waterfill,1,32k,cl100k_base,32768,4096,512,28160,93,91,27,1488,1456,13923,13826,14334,0.491,1.0,1.0,1.0,hist_0000,,,0,,0,,False,False,,0,,8.041,0.103,0.021,0.002074,o200k_base,13820,False,"{""history"": 16, ""security"": 3, ""system"": 2, ""tool_schema"": 5, ""user"": 1}","{""agent"": 0, ""history"": 65280, ""memory"": 0, ""rag"": 0, ""security"": 273, ""system"": 349, ""tool_result"": 0, ""tool_schema"": 221, ""user"": 24}","{""agent"": 0, ""history"": 13614, ""memory"": 0, ""rag"": 0, ""security"": 273, ""system"": 349, ""tool_result"": 0, ""tool_schema"": 221, ""user"": 24}","{""history"": 13056, ""security"": 273, ""system"": 349, ""tool_schema"": 221, ""user"": 24}",protected first | elastic floors | weighted water-fill | ceilings,4805e2926bd6feca2a70de0c46c89c49318833f24994ada7e0d4f63ea2d14d3b,32794f0c5322b8582fd3185e78606e976554fa32ecddd8cbfa5710121281a39a,"sys_platform,sys_style,sec_tenant,sec_prod,sec_secrets,tool_search_docs,tool_get_incident,tool_list_exceptions,tool_run_query,tool_page_oncall,hist_0000,hist_0065,hist_0066,hist_0067,hist_0068,hist_0069,hist_0070,hist_0071,hist_0072,hist_0073,hist_0074,hist_0075,hist_0076,hist_0077,hist_0078,hist_0079,user_current"
early_history,Critical fact in the first history turn,early-history,utility,1,32k,cl100k_base,32768,4096,512,28160,93,91,27,1488,1456,13923,13826,14334,0.491,1.0,1.0,1.0,hist_0000,,,0,,0,,False,False,,0,,7.895,0.536,0.025,0.002074,o200k_base,13820,False,"{""history"": 16, ""security"": 3, ""system"": 2, ""tool_schema"": 5, ""user"": 1}","{""agent"": 0, ""history"": 65280, ""memory"": 0, ""rag"": 0, ""security"": 273, ""system"": 349, ""tool_result"": 0, ""tool_schema"": 221, ""user"": 24}","{""agent"": 0, ""history"": 13056, ""memory"": 0, ""rag"": 0, ""security"": 273, ""system"": 349, ""tool_result"": 0, ""tool_schema"": 221, ""user"": 24}","{""history"": 13056, ""security"": 273, ""system"": 349, ""tool_schema"": 221, ""user"": 24}",protected first | elastic floors | greedy score packing | ceilings,4805e2926bd6feca2a70de0c46c89c49318833f24994ada7e0d4f63ea2d14d3b,69a901ed9a10f4f3500aff94883b2587020f128976d0dfa0b4d0247b66666ad2,"sys_platform,sys_style,sec_tenant,sec_prod,sec_secrets,tool_search_docs,tool_get_incident,tool_list_exceptions,tool_run_query,tool_page_oncall,hist_0000,hist_0065,hist_0066,hist_0067,hist_0068,hist_0069,hist_0070,hist_0071,hist_0072,hist_0073,hist_0074,hist_0075,hist_0076,hist_0077,hist_0078,hist_0079,user_current"
early_history,Critical fact in the first history turn,early-history,recency,1,32k,cl100k_base,32768,4096,512,28160,93,91,44,1488,1456,27795,27642,518,0.9816,1.0,1.0,0.0,,hist_0000,,0,,0,,False,False,,0,,7.979,0.068,0.033,0.004146,o200k_base,27646,False,"{""history"": 33, ""security"": 3, ""system"": 2, ""tool_schema"": 5, ""user"": 1}","{""agent"": 0, ""history"": 65280, ""memory"": 0, ""rag"": 0, ""security"": 273, ""system"": 349, ""tool_result"": 0, ""tool_schema"": 221, ""user"": 24}","{""agent"": 27229, ""history"": 27229, ""memory"": 301, ""rag"": 301, ""security"": 273, ""system"": 349, ""tool_result"": 27229, ""tool_schema"": 221, ""user"": 24}","{""history"": 26928, ""security"": 273, ""system"": 349, ""tool_schema"": 221, ""user"": 24}",protected first | live classes newest-first (no oldest-history pin) | knowledge fills remainder by relevance | no elastic floors/ceilings,a5d8dce50b55346e5222853a565bfc799a62220fddcf28d362e1c0f1e055f394,5083aef53277590f6646f182f4712ef05a50004d0c5b6ce37f849b1d98ff0ce7,"sys_platform,sys_style,sec_tenant,sec_prod,sec_secrets,tool_search_docs,tool_get_incident,tool_list_exceptions,tool_run_query,tool_page_oncall,hist_0047,hist_0048,hist_0049,hist_0050,hist_0051,hist_0052,hist_0053,hist_0054,hist_0055,hist_0056,hist_0057,hist_0058,hist_0059,hist_0060,hist_0061,hist_0062,hist_0063,hist_0064,hist_0065,hist_0066,hist_0067,hist_0068,hist_0069,hist_0070,hist_0071,hist_0072,hist_0073,hist_0074,hist_0075,hist_0076,hist_0077,hist_0078,hist_0079,user_current"
early_history,Critical fact in the first history turn,early-history,fixed_quota,1,64k,cl100k_base,65536,8192,1024,56320,93,91,78,1488,1456,55539,55269,1051,0.9813,1.0,1.0,1.0,hist_0000,,,0,,0,,False,False,,0,,7.927,0.097,0.068,0.00829,o200k_base,55240,False,"{""history"": 67, ""security"": 3, ""system"": 2, ""tool_schema"": 5, ""user"": 1}","{""agent"": 0, ""history"": 65280, ""memory"": 0, ""rag"": 0, ""security"": 273, ""system"": 349, ""tool_result"": 0, ""tool_schema"": 221, ""user"": 24}","{""agent"": 8308, ""history"": 16617, ""memory"": 5539, ""rag"": 13847, ""security"": 273, ""system"": 349, ""tool_result"": 11078, ""tool_schema"": 221, ""user"": 24}","{""history"": 54672, ""security"": 273, ""system"": 349, ""tool_schema"": 221, ""user"": 24}",protected first | fixed elastic quotas | spillover in spillover_order | spillover consumed packing leftover,464fb617e5702cf9a1c1227bbd8e94fe90a5fe9a5aaa8e5232d07642ffe06bfb,66ac685d088f1b116da4629622be500acf6ea64bed80df796c59dbd676ee4499,"sys_platform,sys_style,sec_tenant,sec_prod,sec_secrets,tool_search_docs,tool_get_incident,tool_list_exceptions,tool_run_query,tool_page_oncall,hist_0000,hist_0014,hist_0015,hist_0016,hist_0017,hist_0018,hist_0019,hist_0020,hist_0021,hist_0022,hist_0023,hist_0024,hist_0025,hist_0026,hist_0027,hist_0028,hist_0029,hist_0030,hist_0031,hist_0032,hist_0033,hist_0034,hist_0035,hist_0036,hist_0037,hist_0038,hist_0039,hist_0040,hist_0041,hist_0042,hist_0043,hist_0044,hist_0045,hist_0046,hist_0047,hist_0048,hist_0049,hist_0050,hist_0051,hist_0052,hist_0053,hist_0054,hist_0055,hist_0056,hist_0057,hist_0058,hist_0059,hist_0060,hist_0061,hist_0062,hist_0063,hist_0064,hist_0065,hist_0066,hist_0067,hist_0068,hist_0069,hist_0070,hist_0071,hist_0072,hist_0073,hist_0074,hist_0075,hist_0076,hist_0077,hist_0078,hist_0079,user_current"
early_history,Critical fact in the first history turn,early-history,waterfill,1,64k,cl100k_base,65536,8192,1024,56320,93,91,44,1488,1456,27795,27643,28677,0.4908,1.0,1.0,1.0,hist_0000,,,0,,0,,False,False,,0,,7.912,0.098,0.034,0.004146,o200k_base,27648,False,"{""history"": 33, ""security"": 3, ""system"": 2, ""tool_schema"": 5, ""user"": 1}","{""agent"": 0, ""history"": 65280, ""memory"": 0, ""rag"": 0, ""security"": 273, ""system"": 349, ""tool_result"": 0, ""tool_schema"": 221, ""user"": 24}","{""agent"": 0, ""history"": 27694, ""memory"": 0, ""rag"": 0, ""security"": 273, ""system"": 349, ""tool_result"": 0, ""tool_schema"": 221, ""user"": 24}","{""history"": 26928, ""security"": 273, ""system"": 349, ""tool_schema"": 221, ""user"": 24}",protected first | elastic floors | weighted water-fill | ceilings,236cfd0f6286b135874238982f8399c9ff0f7cd36ae05c2f1c94a4f483f34c8d,472f5f0206e3ce97a061fee894e2c4fa44db8721d8ae5aa605eb1a8869b51f0d,"sys_platform,sys_style,sec_tenant,sec_prod,sec_secrets,tool_search_docs,tool_get_incident,tool_list_exceptions,tool_run_query,tool_page_oncall,hist_0000,hist_0048,hist_0049,hist_0050,hist_0051,hist_0052,hist_0053,hist_0054,hist_0055,hist_0056,hist_0057,hist_0058,hist_0059,hist_0060,hist_0061,hist_0062,hist_0063,hist_0064,hist_0065,hist_0066,hist_0067,hist_0068,hist_0069,hist_0070,hist_0071,hist_0072,hist_0073,hist_0074,hist_0075,hist_0076,hist_0077,hist_0078,hist_0079,user_current"
early_history,Critical fact in the first history turn,early-history,utility,1,64k,cl100k_base,65536,8192,1024,56320,93,91,44,1488,1456,27795,27643,28677,0.4908,1.0,1.0,1.0,hist_0000,,,0,,0,,False,False,,0,,7.83,0.215,0.034,0.004146,o200k_base,27648,False,"{""history"": 33, ""security"": 3, ""system"": 2, ""tool_schema"": 5, ""user"": 1}","{""agent"": 0, ""history"": 65280, ""memory"": 0, ""rag"": 0, ""security"": 273, ""system"": 349, ""tool_result"": 0, ""tool_schema"": 221, ""user"": 24}","{""agent"": 0, ""history"": 26928, ""memory"": 0, ""rag"": 0, ""security"": 273, ""system"": 349, ""tool_result"": 0, ""tool_schema"": 221, ""user"": 24}","{""history"": 26928, ""security"": 273, ""system"": 349, ""tool_schema"": 221, ""user"": 24}",protected first | elastic floors | greedy score packing | ceilings,236cfd0f6286b135874238982f8399c9ff0f7cd36ae05c2f1c94a4f483f34c8d,651743afeae00e042ae336d1e5e3040f619fe6079403548033270473e9240bc7,"sys_platform,sys_style,sec_tenant,sec_prod,sec_secrets,tool_search_docs,tool_get_incident,tool_list_exceptions,tool_run_query,tool_page_oncall,hist_0000,hist_0048,hist_0049,hist_0050,hist_0051,hist_0052,hist_0053,hist_0054,hist_0055,hist_0056,hist_0057,hist_0058,hist_0059,hist_0060,hist_0061,hist_0062,hist_0063,hist_0064,hist_0065,hist_0066,hist_0067,hist_0068,hist_0069,hist_0070,hist_0071,hist_0072,hist_0073,hist_0074,hist_0075,hist_0076,hist_0077,hist_0078,hist_0079,user_current"
early_history,Critical fact in the first history turn,early-history,recency,1,64k,cl100k_base,65536,8192,1024,56320,93,91,78,1488,1456,55539,55269,1051,0.9813,1.0,1.0,0.0,,hist_0000,,0,,0,,False,False,,0,,7.904,0.083,0.06,0.00829,o200k_base,55240,False,"{""history"": 67, ""security"": 3, ""system"": 2, ""tool_schema"": 5, ""user"": 1}","{""agent"": 0, ""history"": 65280, ""memory"": 0, ""rag"": 0, ""security"": 273, ""system"": 349, ""tool_result"": 0, ""tool_schema"": 221, ""user"": 24}","{""agent"": 55389, ""history"": 55389, ""memory"": 717, ""rag"": 717, ""security"": 273, ""system"": 349, ""tool_result"": 55389, ""tool_schema"": 221, ""user"": 24}","{""history"": 54672, ""security"": 273, ""system"": 349, ""tool_schema"": 221, ""user"": 24}",protected first | live classes newest-first (no oldest-history pin) | knowledge fills remainder by relevance | no elastic floors/ceilings,8ea80ceec397198117951053c709fad6333e7b0b586d98c2f050862e8a568838,c01368fd67b6cadae7c9c1a84e927f266730824e29d2610a6ca97b1469d1aa82,"sys_platform,sys_style,sec_tenant,sec_prod,sec_secrets,tool_search_docs,tool_get_incident,tool_list_exceptions,tool_run_query,tool_page_oncall,hist_0013,hist_0014,hist_0015,hist_0016,hist_0017,hist_0018,hist_0019,hist_0020,hist_0021,hist_0022,hist_0023,hist_0024,hist_0025,hist_0026,hist_0027,hist_0028,hist_0029,hist_0030,hist_0031,hist_0032,hist_0033,hist_0034,hist_0035,hist_0036,hist_0037,hist_0038,hist_0039,hist_0040,hist_0041,hist_0042,hist_0043,hist_0044,hist_0045,hist_0046,hist_0047,hist_0048,hist_0049,hist_0050,hist_0051,hist_0052,hist_0053,hist_0054,hist_0055,hist_0056,hist_0057,hist_0058,hist_0059,hist_0060,hist_0061,hist_0062,hist_0063,hist_0064,hist_0065,hist_0066,hist_0067,hist_0068,hist_0069,hist_0070,hist_0071,hist_0072,hist_0073,hist_0074,hist_0075,hist_0076,hist_0077,hist_0078,hist_0079,user_current"
early_history,Critical fact in the first history turn,early-history,fixed_quota,1,128k,cl100k_base,131072,8192,2048,120832,93,91,91,1488,1456,66147,65834,54998,0.5448,1.0,1.0,1.0,hist_0000,,,0,,0,,False,False,,0,,7.956,0.091,0.077,0.009875,o200k_base,65814,False,"{""history"": 80, ""security"": 3, ""system"": 2, ""tool_schema"": 5, ""user"": 1}","{""agent"": 0, ""history"": 65280, ""memory"": 0, ""rag"": 0, ""security"": 273, ""system"": 349, ""tool_result"": 0, ""tool_schema"": 221, ""user"": 24}","{""agent"": 17985, ""history"": 35971, ""memory"": 11990, ""rag"": 29975, ""security"": 273, ""system"": 349, ""tool_result"": 23980, ""tool_schema"": 221, ""user"": 24}","{""history"": 65280, ""security"": 273, ""system"": 349, ""tool_schema"": 221, ""user"": 24}",protected first | fixed elastic quotas | spillover in spillover_order | spillover consumed packing leftover,e5e8adf51c06f340e33f4653225564919c3f23591e93e2afe6f4f992d5fe3d98,4a2541e2a88fa795575df8fb0300011a385b0d46dbd6f2d8deec585d979c838f,"sys_platform,sys_style,sec_tenant,sec_prod,sec_secrets,tool_search_docs,tool_get_incident,tool_list_exceptions,tool_run_query,tool_page_oncall,hist_0000,hist_0001,hist_0002,hist_0003,hist_0004,hist_0005,hist_0006,hist_0007,hist_0008,hist_0009,hist_0010,hist_0011,hist_0012,hist_0013,hist_0014,hist_0015,hist_0016,hist_0017,hist_0018,hist_0019,hist_0020,hist_0021,hist_0022,hist_0023,hist_0024,hist_0025,hist_0026,hist_0027,hist_0028,hist_0029,hist_0030,hist_0031,hist_0032,hist_0033,hist_0034,hist_0035,hist_0036,hist_0037,hist_0038,hist_0039,hist_0040,hist_0041,hist_0042,hist_0043,hist_0044,hist_0045,hist_0046,hist_0047,hist_0048,hist_0049,hist_0050,hist_0051,hist_0052,hist_0053,hist_0054,hist_0055,hist_0056,hist_0057,hist_0058,hist_0059,hist_0060,hist_0061,hist_0062,hist_0063,hist_0064,hist_0065,hist_0066,hist_0067,hist_0068,hist_0069,hist_0070,hist_0071,hist_0072,hist_0073,hist_0074,hist_0075,hist_0076,hist_0077,hist_0078,hist_0079,user_current"
early_history,Critical fact in the first history turn,early-history,waterfill,1,128k,cl100k_base,131072,8192,2048,120832,93,91,84,1488,1456,60435,60147,60685,0.4978,1.0,1.0,1.0,hist_0000,,,0,,0,,False,False,,0,,7.986,0.097,0.066,0.009022,o200k_base,60128,False,"{""history"": 73, ""security"": 3, ""system"": 2, ""tool_schema"": 5, ""user"": 1}","{""agent"": 0, ""history"": 65280, ""memory"": 0, ""rag"": 0, ""security"": 273, ""system"": 349, ""tool_result"": 0, ""tool_schema"": 221, ""user"": 24}","{""agent"": 0, ""history"": 59950, ""memory"": 0, ""rag"": 0, ""security"": 273, ""system"": 349, ""tool_result"": 0, ""tool_schema"": 221, ""user"": 24}","{""history"": 59568, ""security"": 273, ""system"": 349, ""tool_schema"": 221, ""user"": 24}",protected first | elastic floors | weighted water-fill | ceilings,2f4d0cb0b77740e015859cf63c03e95f4acaef8ef6f3d16e6ad02275e4ba7d68,0f4de602f01faf7f097c1336b101aa69e13fa53a2199c6db85999a4678bc5d6b,"sys_platform,sys_style,sec_tenant,sec_prod,sec_secrets,tool_search_docs,tool_get_incident,tool_list_exceptions,tool_run_query,tool_page_oncall,hist_0000,hist_0008,hist_0009,hist_0010,hist_0011,hist_0012,hist_0013,hist_0014,hist_0015,hist_0016,hist_0017,hist_0018,hist_0019,hist_0020,hist_0021,hist_0022,hist_0023,hist_0024,hist_0025,hist_0026,hist_0027,hist_0028,hist_0029,hist_0030,hist_0031,hist_0032,hist_0033,hist_0034,hist_0035,hist_0036,hist_0037,hist_0038,hist_0039,hist_0040,hist_0041,hist_0042,hist_0043,hist_0044,hist_0045,hist_0046,hist_0047,hist_0048,hist_0049,hist_0050,hist_0051,hist_0052,hist_0053,hist_0054,hist_0055,hist_0056,hist_0057,hist_0058,hist_0059,hist_0060,hist_0061,hist_0062,hist_0063,hist_0064,hist_0065,hist_0066,hist_0067,hist_0068,hist_0069,hist_0070,hist_0071,hist_0072,hist_0073,hist_0074,hist_0075,hist_0076,hist_0077,hist_0078,hist_0079,user_current"
early_history,Critical fact in the first history turn,early-history,utility,1,128k,cl100k_base,131072,8192,2048,120832,93,91,84,1488,1456,60435,60147,60685,0.4978,1.0,1.0,1.0,hist_0000,,,0,,0,,False,False,,0,,7.846,0.22,0.068,0.009022,o200k_base,60128,False,"{""history"": 73, ""security"": 3, ""system"": 2, ""tool_schema"": 5, ""user"": 1}","{""agent"": 0, ""history"": 65280, ""memory"": 0, ""rag"": 0, ""security"": 273, ""system"": 349, ""tool_result"": 0, ""tool_schema"": 221, ""user"": 24}","{""agent"": 0, ""history"": 59568, ""memory"": 0, ""rag"": 0, ""security"": 273, ""system"": 349, ""tool_result"": 0, ""tool_schema"": 221, ""user"": 24}","{""history"": 59568, ""security"": 273, ""system"": 349, ""tool_schema"": 221, ""user"": 24}",protected first | elastic floors | greedy score packing | ceilings,2f4d0cb0b77740e015859cf63c03e95f4acaef8ef6f3d16e6ad02275e4ba7d68,13a4e700cf6875d66b8224db3ad19335f6db3215811e6eed172d292ccb550338,"sys_platform,sys_style,sec_tenant,sec_prod,sec_secrets,tool_search_docs,tool_get_incident,tool_list_exceptions,tool_run_query,tool_page_oncall,hist_0000,hist_0008,hist_0009,hist_0010,hist_0011,hist_0012,hist_0013,hist_0014,hist_0015,hist_0016,hist_0017,hist_0018,hist_0019,hist_0020,hist_0021,hist_0022,hist_0023,hist_0024,hist_0025,hist_0026,hist_0027,hist_0028,hist_0029,hist_0030,hist_0031,hist_0032,hist_0033,hist_0034,hist_0035,hist_0036,hist_0037,hist_0038,hist_0039,hist_0040,hist_0041,hist_0042,hist_0043,hist_0044,hist_0045,hist_0046,hist_0047,hist_0048,hist_0049,hist_0050,hist_0051,hist_0052,hist_0053,hist_0054,hist_0055,hist_0056,hist_0057,hist_0058,hist_0059,hist_0060,hist_0061,hist_0062,hist_0063,hist_0064,hist_0065,hist_0066,hist_0067,hist_0068,hist_0069,hist_0070,hist_0071,hist_0072,hist_0073,hist_0074,hist_0075,hist_0076,hist_0077,hist_0078,hist_0079,user_current"
early_history,Critical fact in the first history turn,early-history,recency,1,128k,cl100k_base,131072,8192,2048,120832,93,91,91,1488,1456,66147,65834,54998,0.5448,1.0,1.0,1.0,hist_0000,,,0,,0,,False,False,,0,,7.965,0.079,0.072,0.009875,o200k_base,65814,False,"{""history"": 80, ""security"": 3, ""system"": 2, ""tool_schema"": 5, ""user"": 1}","{""agent"": 0, ""history"": 65280, ""memory"": 0, ""rag"": 0, ""security"": 273, ""system"": 349, ""tool_result"": 0, ""tool_schema"": 221, ""user"": 24}","{""agent"": 119901, ""history"": 119901, ""memory"": 54621, ""rag"": 54621, ""security"": 273, ""system"": 349, ""tool_result"": 119901, ""tool_schema"": 221, ""user"": 24}","{""history"": 65280, ""security"": 273, ""system"": 349, ""tool_schema"": 221, ""user"": 24}",protected first | live classes newest-first (no oldest-history pin) | knowledge fills remainder by relevance | no elastic floors/ceilings,e5e8adf51c06f340e33f4653225564919c3f23591e93e2afe6f4f992d5fe3d98,f7f38647f9b099aac55c422413b2236be8a760915cb538d49015dcd15b73e82b,"sys_platform,sys_style,sec_tenant,sec_prod,sec_secrets,tool_search_docs,tool_get_incident,tool_list_exceptions,tool_run_query,tool_page_oncall,hist_0000,hist_0001,hist_0002,hist_0003,hist_0004,hist_0005,hist_0006,hist_0007,hist_0008,hist_0009,hist_0010,hist_0011,hist_0012,hist_0013,hist_0014,hist_0015,hist_0016,hist_0017,hist_0018,hist_0019,hist_0020,hist_0021,hist_0022,hist_0023,hist_0024,hist_0025,hist_0026,hist_0027,hist_0028,hist_0029,hist_0030,hist_0031,hist_0032,hist_0033,hist_0034,hist_0035,hist_0036,hist_0037,hist_0038,hist_0039,hist_0040,hist_0041,hist_0042,hist_0043,hist_0044,hist_0045,hist_0046,hist_0047,hist_0048,hist_0049,hist_0050,hist_0051,hist_0052,hist_0053,hist_0054,hist_0055,hist_0056,hist_0057,hist_0058,hist_0059,hist_0060,hist_0061,hist_0062,hist_0063,hist_0064,hist_0065,hist_0066,hist_0067,hist_0068,hist_0069,hist_0070,hist_0071,hist_0072,hist_0073,hist_0074,hist_0075,hist_0076,hist_0077,hist_0078,hist_0079,user_current"
early_history,Critical fact in the first history turn,early-history,fixed_quota,1,256k,cl100k_base,262144,16384,2048,243712,93,91,91,1488,1456,66147,65834,177878,0.2701,1.0,1.0,1.0,hist_0000,,,0,,0,,False,False,,0,,7.863,0.101,0.078,0.009875,o200k_base,65814,False,"{""history"": 80, ""security"": 3, ""system"": 2, ""tool_schema"": 5, ""user"": 1}","{""agent"": 0, ""history"": 65280, ""memory"": 0, ""rag"": 0, ""security"": 273, ""system"": 349, ""tool_result"": 0, ""tool_schema"": 221, ""user"": 24}","{""agent"": 36417, ""history"": 72835, ""memory"": 24278, ""rag"": 60695, ""security"": 273, ""system"": 349, ""tool_result"": 48556, ""tool_schema"": 221, ""user"": 24}","{""history"": 65280, ""security"": 273, ""system"": 349, ""tool_schema"": 221, ""user"": 24}",protected first | fixed elastic quotas | spillover in spillover_order,e5e8adf51c06f340e33f4653225564919c3f23591e93e2afe6f4f992d5fe3d98,4a2541e2a88fa795575df8fb0300011a385b0d46dbd6f2d8deec585d979c838f,"sys_platform,sys_style,sec_tenant,sec_prod,sec_secrets,tool_search_docs,tool_get_incident,tool_list_exceptions,tool_run_query,tool_page_oncall,hist_0000,hist_0001,hist_0002,hist_0003,hist_0004,hist_0005,hist_0006,hist_0007,hist_0008,hist_0009,hist_0010,hist_0011,hist_0012,hist_0013,hist_0014,hist_0015,hist_0016,hist_0017,hist_0018,hist_0019,hist_0020,hist_0021,hist_0022,hist_0023,hist_0024,hist_0025,hist_0026,hist_0027,hist_0028,hist_0029,hist_0030,hist_0031,hist_0032,hist_0033,hist_0034,hist_0035,hist_0036,hist_0037,hist_0038,hist_0039,hist_0040,hist_0041,hist_0042,hist_0043,hist_0044,hist_0045,hist_0046,hist_0047,hist_0048,hist_0049,hist_0050,hist_0051,hist_0052,hist_0053,hist_0054,hist_0055,hist_0056,hist_0057,hist_0058,hist_0059,hist_0060,hist_0061,hist_0062,hist_0063,hist_0064,hist_0065,hist_0066,hist_0067,hist_0068,hist_0069,hist_0070,hist_0071,hist_0072,hist_0073,hist_0074,hist_0075,hist_0076,hist_0077,hist_0078,hist_0079,user_current"
early_history,Critical fact in the first history turn,early-history,waterfill,1,256k,cl100k_base,262144,16384,2048,243712,93,91,91,1488,1456,66147,65834,177878,0.2701,1.0,1.0,1.0,hist_0000,,,0,,0,,False,False,,0,,8.014,0.106,0.075,0.009875,o200k_base,65814,False,"{""history"": 80, ""security"": 3, ""system"": 2, ""tool_schema"": 5, ""user"": 1}","{""agent"": 0, ""history"": 65280, ""memory"": 0, ""rag"": 0, ""security"": 273, ""system"": 349, ""tool_result"": 0, ""tool_schema"": 221, ""user"": 24}","{""agent"": 0, ""history"": 65280, ""memory"": 0, ""rag"": 0, ""security"": 273, ""system"": 349, ""tool_result"": 0, ""tool_schema"": 221, ""user"": 24}","{""history"": 65280, ""security"": 273, ""system"": 349, ""tool_schema"": 221, ""user"": 24}",protected first | elastic floors | weighted water-fill | ceilings,e5e8adf51c06f340e33f4653225564919c3f23591e93e2afe6f4f992d5fe3d98,9d6064a150e8026fa8e7e50eaf39c50fa9c4fd320984b2be9e0716d8494ef686,"sys_platform,sys_style,sec_tenant,sec_prod,sec_secrets,tool_search_docs,tool_get_incident,tool_list_exceptions,tool_run_query,tool_page_oncall,hist_0000,hist_0001,hist_0002,hist_0003,hist_0004,hist_0005,hist_0006,hist_0007,hist_0008,hist_0009,hist_0010,hist_0011,hist_0012,hist_0013,hist_0014,hist_0015,hist_0016,hist_0017,hist_0018,hist_0019,hist_0020,hist_0021,hist_0022,hist_0023,hist_0024,hist_0025,hist_0026,hist_0027,hist_0028,hist_0029,hist_0030,hist_0031,hist_0032,hist_0033,hist_0034,hist_0035,hist_0036,hist_0037,hist_0038,hist_0039,hist_0040,hist_0041,hist_0042,hist_0043,hist_0044,hist_0045,hist_0046,hist_0047,hist_0048,hist_0049,hist_0050,hist_0051,hist_0052,hist_0053,hist_0054,hist_0055,hist_0056,hist_0057,hist_0058,hist_0059,hist_0060,hist_0061,hist_0062,hist_0063,hist_0064,hist_0065,hist_0066,hist_0067,hist_0068,hist_0069,hist_0070,hist_0071,hist_0072,hist_0073,hist_0074,hist_0075,hist_0076,hist_0077,hist_0078,hist_0079,user_current"
early_history,Critical fact in the first history turn,early-history,utility,1,256k,cl100k_base,262144,16384,2048,243712,93,91,91,1488,1456,66147,65834,177878,0.2701,1.0,1.0,1.0,hist_0000,,,0,,0,,False,False,,0,,7.913,0.194,0.073,0.009875,o200k_base,65814,False,"{""history"": 80, ""security"": 3, ""system"": 2, ""tool_schema"": 5, ""user"": 1}","{""agent"": 0, ""history"": 65280, ""memory"": 0, ""rag"": 0, ""security"": 273, ""system"": 349, ""tool_result"": 0, ""tool_schema"": 221, ""user"": 24}","{""agent"": 0, ""history"": 65280, ""memory"": 0, ""rag"": 0, ""security"": 273, ""system"": 349, ""tool_result"": 0, ""tool_schema"": 221, ""user"": 24}","{""history"": 65280, ""security"": 273, ""system"": 349, ""tool_schema"": 221, ""user"": 24}",protected first | elastic floors | greedy score packing | ceilings,e5e8adf51c06f340e33f4653225564919c3f23591e93e2afe6f4f992d5fe3d98,83ee99de2e70c76510bab8235f588cad51c085d510451fb8f4f08097e49dd7d0,"sys_platform,sys_style,sec_tenant,sec_prod,sec_secrets,tool_search_docs,tool_get_incident,tool_list_exceptions,tool_run_query,tool_page_oncall,hist_0000,hist_0001,hist_0002,hist_0003,hist_0004,hist_0005,hist_0006,hist_0007,hist_0008,hist_0009,hist_0010,hist_0011,hist_0012,hist_0013,hist_0014,hist_0015,hist_0016,hist_0017,hist_0018,hist_0019,hist_0020,hist_0021,hist_0022,hist_0023,hist_0024,hist_0025,hist_0026,hist_0027,hist_0028,hist_0029,hist_0030,hist_0031,hist_0032,hist_0033,hist_0034,hist_0035,hist_0036,hist_0037,hist_0038,hist_0039,hist_0040,hist_0041,hist_0042,hist_0043,hist_0044,hist_0045,hist_0046,hist_0047,hist_0048,hist_0049,hist_0050,hist_0051,hist_0052,hist_0053,hist_0054,hist_0055,hist_0056,hist_0057,hist_0058,hist_0059,hist_0060,hist_0061,hist_0062,hist_0063,hist_0064,hist_0065,hist_0066,hist_0067,hist_0068,hist_0069,hist_0070,hist_0071,hist_0072,hist_0073,hist_0074,hist_0075,hist_0076,hist_0077,hist_0078,hist_0079,user_current"
early_history,Critical fact in the first history turn,early-history,recency,1,256k,cl100k_base,262144,16384,2048,243712,93,91,91,1488,1456,66147,65834,177878,0.2701,1.0,1.0,1.0,hist_0000,,,0,,0,,False,False,,0,,7.836,0.079,0.073,0.009875,o200k_base,65814,False,"{""history"": 80, ""security"": 3, ""system"": 2, ""tool_schema"": 5, ""user"": 1}","{""agent"": 0, ""history"": 65280, ""memory"": 0, ""rag"": 0, ""security"": 273, ""system"": 349, ""tool_result"": 0, ""tool_schema"": 221, ""user"": 24}","{""agent"": 242781, ""history"": 242781, ""memory"": 177501, ""rag"": 177501, ""security"": 273, ""system"": 349, ""tool_result"": 242781, ""tool_schema"": 221, ""user"": 24}","{""history"": 65280, ""security"": 273, ""system"": 349, ""tool_schema"": 221, ""user"": 24}",protected first | live classes newest-first (no oldest-history pin) | knowledge fills remainder by relevance | no elastic floors/ceilings,e5e8adf51c06f340e33f4653225564919c3f23591e93e2afe6f4f992d5fe3d98,f7f38647f9b099aac55c422413b2236be8a760915cb538d49015dcd15b73e82b,"sys_platform,sys_style,sec_tenant,sec_prod,sec_secrets,tool_search_docs,tool_get_incident,tool_list_exceptions,tool_run_query,tool_page_oncall,hist_0000,hist_0001,hist_0002,hist_0003,hist_0004,hist_0005,hist_0006,hist_0007,hist_0008,hist_0009,hist_0010,hist_0011,hist_0012,hist_0013,hist_0014,hist_0015,hist_0016,hist_0017,hist_0018,hist_0019,hist_0020,hist_0021,hist_0022,hist_0023,hist_0024,hist_0025,hist_0026,hist_0027,hist_0028,hist_0029,hist_0030,hist_0031,hist_0032,hist_0033,hist_0034,hist_0035,hist_0036,hist_0037,hist_0038,hist_0039,hist_0040,hist_0041,hist_0042,hist_0043,hist_0044,hist_0045,hist_0046,hist_0047,hist_0048,hist_0049,hist_0050,hist_0051,hist_0052,hist_0053,hist_0054,hist_0055,hist_0056,hist_0057,hist_0058,hist_0059,hist_0060,hist_0061,hist_0062,hist_0063,hist_0064,hist_0065,hist_0066,hist_0067,hist_0068,hist_0069,hist_0070,hist_0071,hist_0072,hist_0073,hist_0074,hist_0075,hist_0076,hist_0077,hist_0078,hist_0079,user_current"
fits_all,Everything fits,normal,fixed_quota,1,32k,cl100k_base,32768,4096,512,28160,17,17,17,272,272,1369,1316,26844,0.0467,1.0,1.0,1.0,rag_billing_retry,,,0,,0,,False,False,,0,,0.258,0.034,0.01,0.000197,o200k_base,1318,False,"{""agent"": 1, ""history"": 2, ""memory"": 1, ""rag"": 1, ""security"": 3, ""system"": 2, ""tool_result"": 1, ""tool_schema"": 5, ""user"": 1}","{""agent"": 60, ""history"": 55, ""memory"": 86, ""rag"": 155, ""security"": 273, ""system"": 349, ""tool_result"": 138, ""tool_schema"": 221, ""user"": 32}","{""agent"": 4083, ""history"": 8167, ""memory"": 2722, ""rag"": 6805, ""security"": 273, ""system"": 349, ""tool_result"": 5444, ""tool_schema"": 221, ""user"": 32}","{""agent"": 60, ""history"": 55, ""memory"": 86, ""rag"": 155, ""security"": 273, ""system"": 349, ""tool_result"": 138, ""tool_schema"": 221, ""user"": 32}",protected first | fixed elastic quotas | spillover in spillover_order,0a1fef8acc6189778f20ca0b023c919e5e84f0f6f319a7dbcf2352fa3a736e27,338ef7e520a71f0ffef1fbee4123f7a5d53f0cef287d568baae9ba3fc5e18d80,"sys_platform,sys_style,sec_tenant,sec_prod,sec_secrets,tool_search_docs,tool_get_incident,tool_list_exceptions,tool_run_query,tool_page_oncall,mem_csv_monday,rag_billing_retry,hist_0000,hist_0001,toolres_inc,agent_planner,user_current"
fits_all,Everything fits,normal,waterfill,1,32k,cl100k_base,32768,4096,512,28160,17,17,17,272,272,1369,1316,26844,0.0467,1.0,1.0,1.0,rag_billing_retry,,,0,,0,,False,False,,0,,0.218,0.033,0.006,0.000197,o200k_base,1318,False,"{""agent"": 1, ""history"": 2, ""memory"": 1, ""rag"": 1, ""security"": 3, ""system"": 2, ""tool_result"": 1, ""tool_schema"": 5, ""user"": 1}","{""agent"": 60, ""history"": 55, ""memory"": 86, ""rag"": 155, ""security"": 273, ""system"": 349, ""tool_result"": 138, ""tool_schema"": 221, ""user"": 32}","{""agent"": 60, ""history"": 55, ""memory"": 86, ""rag"": 155, ""security"": 273, ""system"": 349, ""tool_result"": 138, ""tool_schema"": 221, ""user"": 32}","{""agent"": 60, ""history"": 55, ""memory"": 86, ""rag"": 155, ""security"": 273, ""system"": 349, ""tool_result"": 138, ""tool_schema"": 221, ""user"": 32}",protected first | elastic floors | weighted water-fill | ceilings,0a1fef8acc6189778f20ca0b023c919e5e84f0f6f319a7dbcf2352fa3a736e27,ac0b3b26be2f4cc95e5c9bd278375d86913ea5f43ec1a572a30db61a1fdcde59,"sys_platform,sys_style,sec_tenant,sec_prod,sec_secrets,tool_search_docs,tool_get_incident,tool_list_exceptions,tool_run_query,tool_page_oncall,mem_csv_monday,rag_billing_retry,hist_0000,hist_0001,toolres_inc,agent_planner,user_current"
fits_all,Everything fits,normal,utility,1,32k,cl100k_base,32768,4096,512,28160,17,17,17,272,272,1369,1316,26844,0.0467,1.0,1.0,1.0,rag_billing_retry,,,0,,0,,False,False,,0,,0.218,0.026,0.006,0.000197,o200k_base,1318,False,"{""agent"": 1, ""history"": 2, ""memory"": 1, ""rag"": 1, ""security"": 3, ""system"": 2, ""tool_result"": 1, ""tool_schema"": 5, ""user"": 1}","{""agent"": 60, ""history"": 55, ""memory"": 86, ""rag"": 155, ""security"": 273, ""system"": 349, ""tool_result"": 138, ""tool_schema"": 221, ""user"": 32}","{""agent"": 60, ""history"": 55, ""memory"": 86, ""rag"": 155, ""security"": 273, ""system"": 349, ""tool_result"": 138, ""tool_schema"": 221, ""user"": 32}","{""agent"": 60, ""history"": 55, ""memory"": 86, ""rag"": 155, ""security"": 273, ""system"": 349, ""tool_result"": 138, ""tool_schema"": 221, ""user"": 32}",protected first | elastic floors | greedy score packing | ceilings,0a1fef8acc6189778f20ca0b023c919e5e84f0f6f319a7dbcf2352fa3a736e27,ecd5727ab5cdb6e518b5b1de49197076fbbbdeeb1aa880dbe8473002a90c8002,"sys_platform,sys_style,sec_tenant,sec_prod,sec_secrets,tool_search_docs,tool_get_incident,tool_list_exceptions,tool_run_query,tool_page_oncall,mem_csv_monday,rag_billing_retry,hist_0000,hist_0001,toolres_inc,agent_planner,user_current"
fits_all,Everything fits,normal,recency,1,32k,cl100k_base,32768,4096,512,28160,17,17,17,272,272,1369,1316,26844,0.0467,1.0,1.0,1.0,rag_billing_retry,,,0,,0,,False,False,,0,,0.217,0.023,0.006,0.000197,o200k_base,1318,False,"{""agent"": 1, ""history"": 2, ""memory"": 1, ""rag"": 1, ""security"": 3, ""system"": 2, ""tool_result"": 1, ""tool_schema"": 5, ""user"": 1}","{""agent"": 60, ""history"": 55, ""memory"": 86, ""rag"": 155, ""security"": 273, ""system"": 349, ""tool_result"": 138, ""tool_schema"": 221, ""user"": 32}","{""agent"": 27221, ""history"": 27221, ""memory"": 27209, ""rag"": 27209, ""security"": 273, ""system"": 349, ""tool_result"": 27221, ""tool_schema"": 221, ""user"": 32}","{""agent"": 60, ""history"": 55, ""memory"": 86, ""rag"": 155, ""security"": 273, ""system"": 349, ""tool_result"": 138, ""tool_schema"": 221, ""user"": 32}",protected first | live classes newest-first (no oldest-history pin) | knowledge fills remainder by relevance | no elastic floors/ceilings,0a1fef8acc6189778f20ca0b023c919e5e84f0f6f319a7dbcf2352fa3a736e27,a920dcc2dd9241ae59567b2660ebe6429b731397c2910084e82b30a99a01c9b1,"sys_platform,sys_style,sec_tenant,sec_prod,sec_secrets,tool_search_docs,tool_get_incident,tool_list_exceptions,tool_run_query,tool_page_oncall,mem_csv_monday,rag_billing_retry,hist_0000,hist_0001,toolres_inc,agent_planner,user_current"
fits_all,Everything fits,normal,fixed_quota,1,64k,cl100k_base,65536,8192,1024,56320,17,17,17,272,272,1369,1316,55004,0.0234,1.0,1.0,1.0,rag_billing_retry,,,0,,0,,False,False,,0,,0.214,0.026,0.005,0.000197,o200k_base,1318,False,"{""agent"": 1, ""history"": 2, ""memory"": 1, ""rag"": 1, ""security"": 3, ""system"": 2, ""tool_result"": 1, ""tool_schema"": 5, ""user"": 1}","{""agent"": 60, ""history"": 55, ""memory"": 86, ""rag"": 155, ""security"": 273, ""system"": 349, ""tool_result"": 138, ""tool_schema"": 221, ""user"": 32}","{""agent"": 8307, ""history"": 16615, ""memory"": 5538, ""rag"": 13845, ""security"": 273, ""system"": 349, ""tool_result"": 11076, ""tool_schema"": 221, ""user"": 32}","{""agent"": 60, ""history"": 55, ""memory"": 86, ""rag"": 155, ""security"": 273, ""system"": 349, ""tool_result"": 138, ""tool_schema"": 221, ""user"": 32}",protected first | fixed elastic quotas | spillover in spillover_order,0a1fef8acc6189778f20ca0b023c919e5e84f0f6f319a7dbcf2352fa3a736e27,338ef7e520a71f0ffef1fbee4123f7a5d53f0cef287d568baae9ba3fc5e18d80,"sys_platform,sys_style,sec_tenant,sec_prod,sec_secrets,tool_search_docs,tool_get_incident,tool_list_exceptions,tool_run_query,tool_page_oncall,mem_csv_monday,rag_billing_retry,hist_0000,hist_0001,toolres_inc,agent_planner,user_current"
fits_all,Everything fits,normal,waterfill,1,64k,cl100k_base,65536,8192,1024,56320,17,17,17,272,272,1369,1316,55004,0.0234,1.0,1.0,1.0,rag_billing_retry,,,0,,0,,False,False,,0,,0.215,0.029,0.006,0.000197,o200k_base,1318,False,"{""agent"": 1, ""history"": 2, ""memory"": 1, ""rag"": 1, ""security"": 3, ""system"": 2, ""tool_result"": 1, ""tool_schema"": 5, ""user"": 1}","{""agent"": 60, ""history"": 55, ""memory"": 86, ""rag"": 155, ""security"": 273, ""system"": 349, ""tool_result"": 138, ""tool_schema"": 221, ""user"": 32}","{""agent"": 60, ""history"": 55, ""memory"": 86, ""rag"": 155, ""security"": 273, ""system"": 349, ""tool_result"": 138, ""tool_schema"": 221, ""user"": 32}","{""agent"": 60, ""history"": 55, ""memory"": 86, ""rag"": 155, ""security"": 273, ""system"": 349, ""tool_result"": 138, ""tool_schema"": 221, ""user"": 32}",protected first | elastic floors | weighted water-fill | ceilings,0a1fef8acc6189778f20ca0b023c919e5e84f0f6f319a7dbcf2352fa3a736e27,ac0b3b26be2f4cc95e5c9bd278375d86913ea5f43ec1a572a30db61a1fdcde59,"sys_platform,sys_style,sec_tenant,sec_prod,sec_secrets,tool_search_docs,tool_get_incident,tool_list_exceptions,tool_run_query,tool_page_oncall,mem_csv_monday,rag_billing_retry,hist_0000,hist_0001,toolres_inc,agent_planner,user_current"
fits_all,Everything fits,normal,utility,1,64k,cl100k_base,65536,8192,1024,56320,17,17,17,272,272,1369,1316,55004,0.0234,1.0,1.0,1.0,rag_billing_retry,,,0,,0,,False,False,,0,,0.215,0.024,0.008,0.000197,o200k_base,1318,False,"{""agent"": 1, ""history"": 2, ""memory"": 1, ""rag"": 1, ""security"": 3, ""system"": 2, ""tool_result"": 1, ""tool_schema"": 5, ""user"": 1}","{""agent"": 60, ""history"": 55, ""memory"": 86, ""rag"": 155, ""security"": 273, ""system"": 349, ""tool_result"": 138, ""tool_schema"": 221, ""user"": 32}","{""agent"": 60, ""history"": 55, ""memory"": 86, ""rag"": 155, ""security"": 273, ""system"": 349, ""tool_result"": 138, ""tool_schema"": 221, ""user"": 32}","{""agent"": 60, ""history"": 55, ""memory"": 86, ""rag"": 155, ""security"": 273, ""system"": 349, ""tool_result"": 138, ""tool_schema"": 221, ""user"": 32}",protected first | elastic floors | greedy score packing | ceilings,0a1fef8acc6189778f20ca0b023c919e5e84f0f6f319a7dbcf2352fa3a736e27,ecd5727ab5cdb6e518b5b1de49197076fbbbdeeb1aa880dbe8473002a90c8002,"sys_platform,sys_style,sec_tenant,sec_prod,sec_secrets,tool_search_docs,tool_get_incident,tool_list_exceptions,tool_run_query,tool_page_oncall,mem_csv_monday,rag_billing_retry,hist_0000,hist_0001,toolres_inc,agent_planner,user_current"
fits_all,Everything fits,normal,recency,1,64k,cl100k_base,65536,8192,1024,56320,17,17,17,272,272,1369,1316,55004,0.0234,1.0,1.0,1.0,rag_billing_retry,,,0,,0,,False,False,,0,,0.214,0.021,0.006,0.000197,o200k_base,1318,False,"{""agent"": 1, ""history"": 2, ""memory"": 1, ""rag"": 1, ""security"": 3, ""system"": 2, ""tool_result"": 1, ""tool_schema"": 5, ""user"": 1}","{""agent"": 60, ""history"": 55, ""memory"": 86, ""rag"": 155, ""security"": 273, ""system"": 349, ""tool_result"": 138, ""tool_schema"": 221, ""user"": 32}","{""agent"": 55381, ""history"": 55381, ""memory"": 55369, ""rag"": 55369, ""security"": 273, ""system"": 349, ""tool_result"": 55381, ""tool_schema"": 221, ""user"": 32}","{""agent"": 60, ""history"": 55, ""memory"": 86, ""rag"": 155, ""security"": 273, ""system"": 349, ""tool_result"": 138, ""tool_schema"": 221, ""user"": 32}",protected first | live classes newest-first (no oldest-history pin) | knowledge fills remainder by relevance | no elastic floors/ceilings,0a1fef8acc6189778f20ca0b023c919e5e84f0f6f319a7dbcf2352fa3a736e27,a920dcc2dd9241ae59567b2660ebe6429b731397c2910084e82b30a99a01c9b1,"sys_platform,sys_style,sec_tenant,sec_prod,sec_secrets,tool_search_docs,tool_get_incident,tool_list_exceptions,tool_run_query,tool_page_oncall,mem_csv_monday,rag_billing_retry,hist_0000,hist_0001,toolres_inc,agent_planner,user_current"
fits_all,Everything fits,normal,fixed_quota,1,128k,cl100k_base,131072,8192,2048,120832,17,17,17,272,272,1369,1316,119516,0.0109,1.0,1.0,1.0,rag_billing_retry,,,0,,0,,False,False,,0,,0.213,0.026,0.005,0.000197,o200k_base,1318,False,"{""agent"": 1, ""history"": 2, ""memory"": 1, ""rag"": 1, ""security"": 3, ""system"": 2, ""tool_result"": 1, ""tool_schema"": 5, ""user"": 1}","{""agent"": 60, ""history"": 55, ""memory"": 86, ""rag"": 155, ""security"": 273, ""system"": 349, ""tool_result"": 138, ""tool_schema"": 221, ""user"": 32}","{""agent"": 17984, ""history"": 35968, ""memory"": 11989, ""rag"": 29973, ""security"": 273, ""system"": 349, ""tool_result"": 23979, ""tool_schema"": 221, ""user"": 32}","{""agent"": 60, ""history"": 55, ""memory"": 86, ""rag"": 155, ""security"": 273, ""system"": 349, ""tool_result"": 138, ""tool_schema"": 221, ""user"": 32}",protected first | fixed elastic quotas | spillover in spillover_order,0a1fef8acc6189778f20ca0b023c919e5e84f0f6f319a7dbcf2352fa3a736e27,338ef7e520a71f0ffef1fbee4123f7a5d53f0cef287d568baae9ba3fc5e18d80,"sys_platform,sys_style,sec_tenant,sec_prod,sec_secrets,tool_search_docs,tool_get_incident,tool_list_exceptions,tool_run_query,tool_page_oncall,mem_csv_monday,rag_billing_retry,hist_0000,hist_0001,toolres_inc,agent_planner,user_current"
fits_all,Everything fits,normal,waterfill,1,128k,cl100k_base,131072,8192,2048,120832,17,17,17,272,272,1369,1316,119516,0.0109,1.0,1.0,1.0,rag_billing_retry,,,0,,0,,False,False,,0,,0.217,0.029,0.005,0.000197,o200k_base,1318,False,"{""agent"": 1, ""history"": 2, ""memory"": 1, ""rag"": 1, ""security"": 3, ""system"": 2, ""tool_result"": 1, ""tool_schema"": 5, ""user"": 1}","{""agent"": 60, ""history"": 55, ""memory"": 86, ""rag"": 155, ""security"": 273, ""system"": 349, ""tool_result"": 138, ""tool_schema"": 221, ""user"": 32}","{""agent"": 60, ""history"": 55, ""memory"": 86, ""rag"": 155, ""security"": 273, ""system"": 349, ""tool_result"": 138, ""tool_schema"": 221, ""user"": 32}","{""agent"": 60, ""history"": 55, ""memory"": 86, ""rag"": 155, ""security"": 273, ""system"": 349, ""tool_result"": 138, ""tool_schema"": 221, ""user"": 32}",protected first | elastic floors | weighted water-fill | ceilings,0a1fef8acc6189778f20ca0b023c919e5e84f0f6f319a7dbcf2352fa3a736e27,ac0b3b26be2f4cc95e5c9bd278375d86913ea5f43ec1a572a30db61a1fdcde59,"sys_platform,sys_style,sec_tenant,sec_prod,sec_secrets,tool_search_docs,tool_get_incident,tool_list_exceptions,tool_run_query,tool_page_oncall,mem_csv_monday,rag_billing_retry,hist_0000,hist_0001,toolres_inc,agent_planner,user_current"
fits_all,Everything fits,normal,utility,1,128k,cl100k_base,131072,8192,2048,120832,17,17,17,272,272,1369,1316,119516,0.0109,1.0,1.0,1.0,rag_billing_retry,,,0,,0,,False,False,,0,,0.215,0.024,0.005,0.000197,o200k_base,1318,False,"{""agent"": 1, ""history"": 2, ""memory"": 1, ""rag"": 1, ""security"": 3, ""system"": 2, ""tool_result"": 1, ""tool_schema"": 5, ""user"": 1}","{""agent"": 60, ""history"": 55, ""memory"": 86, ""rag"": 155, ""security"": 273, ""system"": 349, ""tool_result"": 138, ""tool_schema"": 221, ""user"": 32}","{""agent"": 60, ""history"": 55, ""memory"": 86, ""rag"": 155, ""security"": 273, ""system"": 349, ""tool_result"": 138, ""tool_schema"": 221, ""user"": 32}","{""agent"": 60, ""history"": 55, ""memory"": 86, ""rag"": 155, ""security"": 273, ""system"": 349, ""tool_result"": 138, ""tool_schema"": 221, ""user"": 32}",protected first | elastic floors | greedy score packing | ceilings,0a1fef8acc6189778f20ca0b023c919e5e84f0f6f319a7dbcf2352fa3a736e27,ecd5727ab5cdb6e518b5b1de49197076fbbbdeeb1aa880dbe8473002a90c8002,"sys_platform,sys_style,sec_tenant,sec_prod,sec_secrets,tool_search_docs,tool_get_incident,tool_list_exceptions,tool_run_query,tool_page_oncall,mem_csv_monday,rag_billing_retry,hist_0000,hist_0001,toolres_inc,agent_planner,user_current"
fits_all,Everything fits,normal,recency,1,128k,cl100k_base,131072,8192,2048,120832,17,17,17,272,272,1369,1316,119516,0.0109,1.0,1.0,1.0,rag_billing_retry,,,0,,0,,False,False,,0,,0.216,0.021,0.006,0.000197,o200k_base,1318,False,"{""agent"": 1, ""history"": 2, ""memory"": 1, ""rag"": 1, ""security"": 3, ""system"": 2, ""tool_result"": 1, ""tool_schema"": 5, ""user"": 1}","{""agent"": 60, ""history"": 55, ""memory"": 86, ""rag"": 155, ""security"": 273, ""system"": 349, ""tool_result"": 138, ""tool_schema"": 221, ""user"": 32}","{""agent"": 119893, ""history"": 119893, ""memory"": 119881, ""rag"": 119881, ""security"": 273, ""system"": 349, ""tool_result"": 119893, ""tool_schema"": 221, ""user"": 32}","{""agent"": 60, ""history"": 55, ""memory"": 86, ""rag"": 155, ""security"": 273, ""system"": 349, ""tool_result"": 138, ""tool_schema"": 221, ""user"": 32}",protected first | live classes newest-first (no oldest-history pin) | knowledge fills remainder by relevance | no elastic floors/ceilings,0a1fef8acc6189778f20ca0b023c919e5e84f0f6f319a7dbcf2352fa3a736e27,a920dcc2dd9241ae59567b2660ebe6429b731397c2910084e82b30a99a01c9b1,"sys_platform,sys_style,sec_tenant,sec_prod,sec_secrets,tool_search_docs,tool_get_incident,tool_list_exceptions,tool_run_query,tool_page_oncall,mem_csv_monday,rag_billing_retry,hist_0000,hist_0001,toolres_inc,agent_planner,user_current"
fits_all,Everything fits,normal,fixed_quota,1,256k,cl100k_base,262144,16384,2048,243712,17,17,17,272,272,1369,1316,242396,0.0054,1.0,1.0,1.0,rag_billing_retry,,,0,,0,,False,False,,0,,0.212,0.026,0.006,0.000197,o200k_base,1318,False,"{""agent"": 1, ""history"": 2, ""memory"": 1, ""rag"": 1, ""security"": 3, ""system"": 2, ""tool_result"": 1, ""tool_schema"": 5, ""user"": 1}","{""agent"": 60, ""history"": 55, ""memory"": 86, ""rag"": 155, ""security"": 273, ""system"": 349, ""tool_result"": 138, ""tool_schema"": 221, ""user"": 32}","{""agent"": 36416, ""history"": 72832, ""memory"": 24277, ""rag"": 60693, ""security"": 273, ""system"": 349, ""tool_result"": 48555, ""tool_schema"": 221, ""user"": 32}","{""agent"": 60, ""history"": 55, ""memory"": 86, ""rag"": 155, ""security"": 273, ""system"": 349, ""tool_result"": 138, ""tool_schema"": 221, ""user"": 32}",protected first | fixed elastic quotas | spillover in spillover_order,0a1fef8acc6189778f20ca0b023c919e5e84f0f6f319a7dbcf2352fa3a736e27,338ef7e520a71f0ffef1fbee4123f7a5d53f0cef287d568baae9ba3fc5e18d80,"sys_platform,sys_style,sec_tenant,sec_prod,sec_secrets,tool_search_docs,tool_get_incident,tool_list_exceptions,tool_run_query,tool_page_oncall,mem_csv_monday,rag_billing_retry,hist_0000,hist_0001,toolres_inc,agent_planner,user_current"
fits_all,Everything fits,normal,waterfill,1,256k,cl100k_base,262144,16384,2048,243712,17,17,17,272,272,1369,1316,242396,0.0054,1.0,1.0,1.0,rag_billing_retry,,,0,,0,,False,False,,0,,0.228,0.029,0.006,0.000197,o200k_base,1318,False,"{""agent"": 1, ""history"": 2, ""memory"": 1, ""rag"": 1, ""security"": 3, ""system"": 2, ""tool_result"": 1, ""tool_schema"": 5, ""user"": 1}","{""agent"": 60, ""history"": 55, ""memory"": 86, ""rag"": 155, ""security"": 273, ""system"": 349, ""tool_result"": 138, ""tool_schema"": 221, ""user"": 32}","{""agent"": 60, ""history"": 55, ""memory"": 86, ""rag"": 155, ""security"": 273, ""system"": 349, ""tool_result"": 138, ""tool_schema"": 221, ""user"": 32}","{""agent"": 60, ""history"": 55, ""memory"": 86, ""rag"": 155, ""security"": 273, ""system"": 349, ""tool_result"": 138, ""tool_schema"": 221, ""user"": 32}",protected first | elastic floors | weighted water-fill | ceilings,0a1fef8acc6189778f20ca0b023c919e5e84f0f6f319a7dbcf2352fa3a736e27,ac0b3b26be2f4cc95e5c9bd278375d86913ea5f43ec1a572a30db61a1fdcde59,"sys_platform,sys_style,sec_tenant,sec_prod,sec_secrets,tool_search_docs,tool_get_incident,tool_list_exceptions,tool_run_query,tool_page_oncall,mem_csv_monday,rag_billing_retry,hist_0000,hist_0001,toolres_inc,agent_planner,user_current"
fits_all,Everything fits,normal,utility,1,256k,cl100k_base,262144,16384,2048,243712,17,17,17,272,272,1369,1316,242396,0.0054,1.0,1.0,1.0,rag_billing_retry,,,0,,0,,False,False,,0,,0.222,0.024,0.006,0.000197,o200k_base,1318,False,"{""agent"": 1, ""history"": 2, ""memory"": 1, ""rag"": 1, ""security"": 3, ""system"": 2, ""tool_result"": 1, ""tool_schema"": 5, ""user"": 1}","{""agent"": 60, ""history"": 55, ""memory"": 86, ""rag"": 155, ""security"": 273, ""system"": 349, ""tool_result"": 138, ""tool_schema"": 221, ""user"": 32}","{""agent"": 60, ""history"": 55, ""memory"": 86, ""rag"": 155, ""security"": 273, ""system"": 349, ""tool_result"": 138, ""tool_schema"": 221, ""user"": 32}","{""agent"": 60, ""history"": 55, ""memory"": 86, ""rag"": 155, ""security"": 273, ""system"": 349, ""tool_result"": 138, ""tool_schema"": 221, ""user"": 32}",protected first | elastic floors | greedy score packing | ceilings,0a1fef8acc6189778f20ca0b023c919e5e84f0f6f319a7dbcf2352fa3a736e27,ecd5727ab5cdb6e518b5b1de49197076fbbbdeeb1aa880dbe8473002a90c8002,"sys_platform,sys_style,sec_tenant,sec_prod,sec_secrets,tool_search_docs,tool_get_incident,tool_list_exceptions,tool_run_query,tool_page_oncall,mem_csv_monday,rag_billing_retry,hist_0000,hist_0001,toolres_inc,agent_planner,user_current"
fits_all,Everything fits,normal,recency,1,256k,cl100k_base,262144,16384,2048,243712,17,17,17,272,272,1369,1316,242396,0.0054,1.0,1.0,1.0,rag_billing_retry,,,0,,0,,False,False,,0,,0.221,0.021,0.005,0.000197,o200k_base,1318,False,"{""agent"": 1, ""history"": 2, ""memory"": 1, ""rag"": 1, ""security"": 3, ""system"": 2, ""tool_result"": 1, ""tool_schema"": 5, ""user"": 1}","{""agent"": 60, ""history"": 55, ""memory"": 86, ""rag"": 155, ""security"": 273, ""system"": 349, ""tool_result"": 138, ""tool_schema"": 221, ""user"": 32}","{""agent"": 242773, ""history"": 242773, ""memory"": 242761, ""rag"": 242761, ""security"": 273, ""system"": 349, ""tool_result"": 242773, ""tool_schema"": 221, ""user"": 32}","{""agent"": 60, ""history"": 55, ""memory"": 86, ""rag"": 155, ""security"": 273, ""system"": 349, ""tool_result"": 138, ""tool_schema"": 221, ""user"": 32}",protected first | live classes newest-first (no oldest-history pin) | knowledge fills remainder by relevance | no elastic floors/ceilings,0a1fef8acc6189778f20ca0b023c919e5e84f0f6f319a7dbcf2352fa3a736e27,a920dcc2dd9241ae59567b2660ebe6429b731397c2910084e82b30a99a01c9b1,"sys_platform,sys_style,sec_tenant,sec_prod,sec_secrets,tool_search_docs,tool_get_incident,tool_list_exceptions,tool_run_query,tool_page_oncall,mem_csv_monday,rag_billing_retry,hist_0000,hist_0001,toolres_inc,agent_planner,user_current"
history_heavy,History-heavy (answer in recent turn),history-heavy,fixed_quota,1,32k,cl100k_base,32768,4096,512,28160,134,132,49,2144,2112,27475,27310,850,0.9698,1.0,1.0,1.0,hist_0118,,,0,,0,,False,False,,0,,10.749,0.117,0.043,0.004097,o200k_base,27299,False,"{""history"": 37, ""rag"": 1, ""security"": 3, ""system"": 2, ""tool_schema"": 5, ""user"": 1}","{""agent"": 0, ""history"": 85920, ""memory"": 0, ""rag"": 108, ""security"": 273, ""system"": 349, ""tool_result"": 0, ""tool_schema"": 221, ""user"": 32}","{""agent"": 4083, ""history"": 8167, ""memory"": 2722, ""rag"": 6805, ""security"": 273, ""system"": 349, ""tool_result"": 5444, ""tool_schema"": 221, ""user"": 32}","{""history"": 26492, ""rag"": 108, ""security"": 273, ""system"": 349, ""tool_schema"": 221, ""user"": 32}",protected first | fixed elastic quotas | spillover in spillover_order | spillover consumed packing leftover,68222a57add387ee79ed55bfa290f28b0a00ca0a3a36ecadb43de4825df6e17b,ad48bd44aaeb45c70c2bcb35b5de09f73cebb165b2a009fea5a0b738f92a8943,"sys_platform,sys_style,sec_tenant,sec_prod,sec_secrets,tool_search_docs,tool_get_incident,tool_list_exceptions,tool_run_query,tool_page_oncall,rag_hmac,hist_0000,hist_0084,hist_0085,hist_0086,hist_0087,hist_0088,hist_0089,hist_0090,hist_0091,hist_0092,hist_0093,hist_0094,hist_0095,hist_0096,hist_0097,hist_0098,hist_0099,hist_0100,hist_0101,hist_0102,hist_0103,hist_0104,hist_0105,hist_0106,hist_0107,hist_0108,hist_0109,hist_0110,hist_0111,hist_0112,hist_0113,hist_0114,hist_0115,hist_0116,hist_0117,hist_0118,hist_0119,user_current"
history_heavy,History-heavy (answer in recent turn),history-heavy,waterfill,1,32k,cl100k_base,32768,4096,512,28160,134,132,31,2144,2112,14587,14481,13679,0.5142,1.0,1.0,1.0,hist_0118,,,0,,0,,False,False,,0,,10.501,0.117,0.021,0.002172,o200k_base,14465,False,"{""history"": 19, ""rag"": 1, ""security"": 3, ""system"": 2, ""tool_schema"": 5, ""user"": 1}","{""agent"": 0, ""history"": 85920, ""memory"": 0, ""rag"": 108, ""security"": 273, ""system"": 349, ""tool_result"": 0, ""tool_schema"": 221, ""user"": 32}","{""agent"": 0, ""history"": 13610, ""memory"": 0, ""rag"": 108, ""security"": 273, ""system"": 349, ""tool_result"": 0, ""tool_schema"": 221, ""user"": 32}","{""history"": 13604, ""rag"": 108, ""security"": 273, ""system"": 349, ""tool_schema"": 221, ""user"": 32}",protected first | elastic floors | weighted water-fill | ceilings,2f06302a053773b3316d8f8104c907f39693f920b816ef28066401b69913dbc5,e772a5f19f2338aebe62bc679688a9c6532f6ea4a2e40be71da91dfb370f602e,"sys_platform,sys_style,sec_tenant,sec_prod,sec_secrets,tool_search_docs,tool_get_incident,tool_list_exceptions,tool_run_query,tool_page_oncall,rag_hmac,hist_0000,hist_0102,hist_0103,hist_0104,hist_0105,hist_0106,hist_0107,hist_0108,hist_0109,hist_0110,hist_0111,hist_0112,hist_0113,hist_0114,hist_0115,hist_0116,hist_0117,hist_0118,hist_0119,user_current"
history_heavy,History-heavy (answer in recent turn),history-heavy,utility,1,32k,cl100k_base,32768,4096,512,28160,134,132,31,2144,2112,14587,14481,13679,0.5142,1.0,1.0,1.0,hist_0118,,,0,,0,,False,False,,0,,10.461,0.384,0.02,0.002172,o200k_base,14465,False,"{""history"": 19, ""rag"": 1, ""security"": 3, ""system"": 2, ""tool_schema"": 5, ""user"": 1}","{""agent"": 0, ""history"": 85920, ""memory"": 0, ""rag"": 108, ""security"": 273, ""system"": 349, ""tool_result"": 0, ""tool_schema"": 221, ""user"": 32}","{""agent"": 0, ""history"": 13604, ""memory"": 0, ""rag"": 108, ""security"": 273, ""system"": 349, ""tool_result"": 0, ""tool_schema"": 221, ""user"": 32}","{""history"": 13604, ""rag"": 108, ""security"": 273, ""system"": 349, ""tool_schema"": 221, ""user"": 32}",protected first | elastic floors | greedy score packing | ceilings,2f06302a053773b3316d8f8104c907f39693f920b816ef28066401b69913dbc5,54db1e3e34d32c0b88cb47dce363baf9f592689ae91fc85ffd862982b7d62bac,"sys_platform,sys_style,sec_tenant,sec_prod,sec_secrets,tool_search_docs,tool_get_incident,tool_list_exceptions,tool_run_query,tool_page_oncall,rag_hmac,hist_0000,hist_0102,hist_0103,hist_0104,hist_0105,hist_0106,hist_0107,hist_0108,hist_0109,hist_0110,hist_0111,hist_0112,hist_0113,hist_0114,hist_0115,hist_0116,hist_0117,hist_0118,hist_0119,user_current"
history_heavy,History-heavy (answer in recent turn),history-heavy,recency,1,32k,cl100k_base,32768,4096,512,28160,134,132,49,2144,2112,28083,27913,247,0.9912,1.0,1.0,1.0,hist_0118,,rag,1,,0,,False,False,,0,,10.55,0.082,0.033,0.004187,o200k_base,27903,False,"{""history"": 38, ""security"": 3, ""system"": 2, ""tool_schema"": 5, ""user"": 1}","{""agent"": 0, ""history"": 85920, ""memory"": 0, ""rag"": 108, ""security"": 273, ""system"": 349, ""tool_result"": 0, ""tool_schema"": 221, ""user"": 32}","{""agent"": 27221, ""history"": 27221, ""memory"": 13, ""rag"": 13, ""security"": 273, ""system"": 349, ""tool_result"": 27221, ""tool_schema"": 221, ""user"": 32}","{""history"": 27208, ""security"": 273, ""system"": 349, ""tool_schema"": 221, ""user"": 32}",protected first | live classes newest-first (no oldest-history pin) | knowledge fills remainder by relevance | no elastic floors/ceilings,a7d133073477eeda7c1ded02f22011a4b79febcdbbe6c28d2d572f36c10be843,b2b555b2a67c883d95ea9843cb971864482f7799f9f71997ad53008476cc9bfa,"sys_platform,sys_style,sec_tenant,sec_prod,sec_secrets,tool_search_docs,tool_get_incident,tool_list_exceptions,tool_run_query,tool_page_oncall,hist_0082,hist_0083,hist_0084,hist_0085,hist_0086,hist_0087,hist_0088,hist_0089,hist_0090,hist_0091,hist_0092,hist_0093,hist_0094,hist_0095,hist_0096,hist_0097,hist_0098,hist_0099,hist_0100,hist_0101,hist_0102,hist_0103,hist_0104,hist_0105,hist_0106,hist_0107,hist_0108,hist_0109,hist_0110,hist_0111,hist_0112,hist_0113,hist_0114,hist_0115,hist_0116,hist_0117,hist_0118,hist_0119,user_current"
history_heavy,History-heavy (answer in recent turn),history-heavy,fixed_quota,1,64k,cl100k_base,65536,8192,1024,56320,134,132,89,2144,2112,56115,55820,500,0.9911,1.0,1.0,1.0,hist_0118,,,0,,0,,False,False,,0,,10.713,0.118,0.077,0.008373,o200k_base,55786,False,"{""history"": 77, ""rag"": 1, ""security"": 3, ""system"": 2, ""tool_schema"": 5, ""user"": 1}","{""agent"": 0, ""history"": 85920, ""memory"": 0, ""rag"": 108, ""security"": 273, ""system"": 349, ""tool_result"": 0, ""tool_schema"": 221, ""user"": 32}","{""agent"": 8307, ""history"": 16615, ""memory"": 5538, ""rag"": 13845, ""security"": 273, ""system"": 349, ""tool_result"": 11076, ""tool_schema"": 221, ""user"": 32}","{""history"": 55132, ""rag"": 108, ""security"": 273, ""system"": 349, ""tool_schema"": 221, ""user"": 32}",protected first | fixed elastic quotas | spillover in spillover_order | spillover consumed packing leftover,72da906952cd0daec6c21491e093db249793e70f1015fc96b365c3cdc369fa62,6437b8d42b0a4ef3f0d61f6695cc96644d5fcc274865ee36223a4faa24415f37,"sys_platform,sys_style,sec_tenant,sec_prod,sec_secrets,tool_search_docs,tool_get_incident,tool_list_exceptions,tool_run_query,tool_page_oncall,rag_hmac,hist_0000,hist_0044,hist_0045,hist_0046,hist_0047,hist_0048,hist_0049,hist_0050,hist_0051,hist_0052,hist_0053,hist_0054,hist_0055,hist_0056,hist_0057,hist_0058,hist_0059,hist_0060,hist_0061,hist_0062,hist_0063,hist_0064,hist_0065,hist_0066,hist_0067,hist_0068,hist_0069,hist_0070,hist_0071,hist_0072,hist_0073,hist_0074,hist_0075,hist_0076,hist_0077,hist_0078,hist_0079,hist_0080,hist_0081,hist_0082,hist_0083,hist_0084,hist_0085,hist_0086,hist_0087,hist_0088,hist_0089,hist_0090,hist_0091,hist_0092,hist_0093,hist_0094,hist_0095,hist_0096,hist_0097,hist_0098,hist_0099,hist_0100,hist_0101,hist_0102,hist_0103,hist_0104,hist_0105,hist_0106,hist_0107,hist_0108,hist_0109,hist_0110,hist_0111,hist_0112,hist_0113,hist_0114,hist_0115,hist_0116,hist_0117,hist_0118,hist_0119,user_current"
history_heavy,History-heavy (answer in recent turn),history-heavy,waterfill,1,64k,cl100k_base,65536,8192,1024,56320,134,132,50,2144,2112,28191,28023,28297,0.4976,1.0,1.0,1.0,hist_0118,,,0,,0,,False,False,,0,,10.714,0.119,0.034,0.004203,o200k_base,28003,False,"{""history"": 38, ""rag"": 1, ""security"": 3, ""system"": 2, ""tool_schema"": 5, ""user"": 1}","{""agent"": 0, ""history"": 85920, ""memory"": 0, ""rag"": 108, ""security"": 273, ""system"": 349, ""tool_result"": 0, ""tool_schema"": 221, ""user"": 32}","{""agent"": 0, ""history"": 27690, ""memory"": 0, ""rag"": 108, ""security"": 273, ""system"": 349, ""tool_result"": 0, ""tool_schema"": 221, ""user"": 32}","{""history"": 27208, ""rag"": 108, ""security"": 273, ""system"": 349, ""tool_schema"": 221, ""user"": 32}",protected first | elastic floors | weighted water-fill | ceilings,a6cb058043063f043ca2ef0fc8445379d139db6e9ad7a77202a9908cc70e5f42,3bcfd491dc47bffd8b7051231cabe06e079bfb6966391019f4998b0bc99e9e9d,"sys_platform,sys_style,sec_tenant,sec_prod,sec_secrets,tool_search_docs,tool_get_incident,tool_list_exceptions,tool_run_query,tool_page_oncall,rag_hmac,hist_0000,hist_0083,hist_0084,hist_0085,hist_0086,hist_0087,hist_0088,hist_0089,hist_0090,hist_0091,hist_0092,hist_0093,hist_0094,hist_0095,hist_0096,hist_0097,hist_0098,hist_0099,hist_0100,hist_0101,hist_0102,hist_0103,hist_0104,hist_0105,hist_0106,hist_0107,hist_0108,hist_0109,hist_0110,hist_0111,hist_0112,hist_0113,hist_0114,hist_0115,hist_0116,hist_0117,hist_0118,hist_0119,user_current"
history_heavy,History-heavy (answer in recent turn),history-heavy,utility,1,64k,cl100k_base,65536,8192,1024,56320,134,132,50,2144,2112,28191,28023,28297,0.4976,1.0,1.0,1.0,hist_0118,,,0,,0,,False,False,,0,,10.489,0.39,0.035,0.004203,o200k_base,28003,False,"{""history"": 38, ""rag"": 1, ""security"": 3, ""system"": 2, ""tool_schema"": 5, ""user"": 1}","{""agent"": 0, ""history"": 85920, ""memory"": 0, ""rag"": 108, ""security"": 273, ""system"": 349, ""tool_result"": 0, ""tool_schema"": 221, ""user"": 32}","{""agent"": 0, ""history"": 27208, ""memory"": 0, ""rag"": 108, ""security"": 273, ""system"": 349, ""tool_result"": 0, ""tool_schema"": 221, ""user"": 32}","{""history"": 27208, ""rag"": 108, ""security"": 273, ""system"": 349, ""tool_schema"": 221, ""user"": 32}",protected first | elastic floors | greedy score packing | ceilings,a6cb058043063f043ca2ef0fc8445379d139db6e9ad7a77202a9908cc70e5f42,07d8936ca50ba1b1bd07dc0adb93529c54c4b2580d4d857128f6ae7708850570,"sys_platform,sys_style,sec_tenant,sec_prod,sec_secrets,tool_search_docs,tool_get_incident,tool_list_exceptions,tool_run_query,tool_page_oncall,rag_hmac,hist_0000,hist_0083,hist_0084,hist_0085,hist_0086,hist_0087,hist_0088,hist_0089,hist_0090,hist_0091,hist_0092,hist_0093,hist_0094,hist_0095,hist_0096,hist_0097,hist_0098,hist_0099,hist_0100,hist_0101,hist_0102,hist_0103,hist_0104,hist_0105,hist_0106,hist_0107,hist_0108,hist_0109,hist_0110,hist_0111,hist_0112,hist_0113,hist_0114,hist_0115,hist_0116,hist_0117,hist_0118,hist_0119,user_current"
history_heavy,History-heavy (answer in recent turn),history-heavy,recency,1,64k,cl100k_base,65536,8192,1024,56320,134,132,89,2144,2112,56115,55821,499,0.9911,1.0,1.0,1.0,hist_0118,,,0,,0,,False,False,,0,,10.609,0.094,0.062,0.008373,o200k_base,55797,False,"{""history"": 77, ""rag"": 1, ""security"": 3, ""system"": 2, ""tool_schema"": 5, ""user"": 1}","{""agent"": 0, ""history"": 85920, ""memory"": 0, ""rag"": 108, ""security"": 273, ""system"": 349, ""tool_result"": 0, ""tool_schema"": 221, ""user"": 32}","{""agent"": 55381, ""history"": 55381, ""memory"": 357, ""rag"": 357, ""security"": 273, ""system"": 349, ""tool_result"": 55381, ""tool_schema"": 221, ""user"": 32}","{""history"": 55132, ""rag"": 108, ""security"": 273, ""system"": 349, ""tool_schema"": 221, ""user"": 32}",protected first | live classes newest-first (no oldest-history pin) | knowledge fills remainder by relevance | no elastic floors/ceilings,94307fbdad16bbe1ad664b411b2b2f79e56cb66aace75e62b9fae11a7d548868,06b7332e80c4c406bb667bb9a9c2ac5557a8b16b0cc76544fd3d987e46a7ea73,"sys_platform,sys_style,sec_tenant,sec_prod,sec_secrets,tool_search_docs,tool_get_incident,tool_list_exceptions,tool_run_query,tool_page_oncall,rag_hmac,hist_0043,hist_0044,hist_0045,hist_0046,hist_0047,hist_0048,hist_0049,hist_0050,hist_0051,hist_0052,hist_0053,hist_0054,hist_0055,hist_0056,hist_0057,hist_0058,hist_0059,hist_0060,hist_0061,hist_0062,hist_0063,hist_0064,hist_0065,hist_0066,hist_0067,hist_0068,hist_0069,hist_0070,hist_0071,hist_0072,hist_0073,hist_0074,hist_0075,hist_0076,hist_0077,hist_0078,hist_0079,hist_0080,hist_0081,hist_0082,hist_0083,hist_0084,hist_0085,hist_0086,hist_0087,hist_0088,hist_0089,hist_0090,hist_0091,hist_0092,hist_0093,hist_0094,hist_0095,hist_0096,hist_0097,hist_0098,hist_0099,hist_0100,hist_0101,hist_0102,hist_0103,hist_0104,hist_0105,hist_0106,hist_0107,hist_0108,hist_0109,hist_0110,hist_0111,hist_0112,hist_0113,hist_0114,hist_0115,hist_0116,hist_0117,hist_0118,hist_0119,user_current"
history_heavy,History-heavy (answer in recent turn),history-heavy,fixed_quota,1,128k,cl100k_base,131072,8192,2048,120832,134,132,132,2144,2112,86903,86467,34365,0.7156,1.0,1.0,1.0,hist_0118,,,0,,0,,False,False,,0,,10.596,0.126,0.109,0.01297,o200k_base,86363,False,"{""history"": 120, ""rag"": 1, ""security"": 3, ""system"": 2, ""tool_schema"": 5, ""user"": 1}","{""agent"": 0, ""history"": 85920, ""memory"": 0, ""rag"": 108, ""security"": 273, ""system"": 349, ""tool_result"": 0, ""tool_schema"": 221, ""user"": 32}","{""agent"": 17984, ""history"": 35968, ""memory"": 11989, ""rag"": 29973, ""security"": 273, ""system"": 349, ""tool_result"": 23979, ""tool_schema"": 221, ""user"": 32}","{""history"": 85920, ""rag"": 108, ""security"": 273, ""system"": 349, ""tool_schema"": 221, ""user"": 32}",protected first | fixed elastic quotas | spillover in spillover_order | spillover consumed packing leftover,b35853fa941bc786d2710465fba5a10cf331a518feedb4c667c11249d5cf06be,8f7a999173d31c1ced6f3019466ff67dac93f05169c05dc4724bd462cd576e62,"sys_platform,sys_style,sec_tenant,sec_prod,sec_secrets,tool_search_docs,tool_get_incident,tool_list_exceptions,tool_run_query,tool_page_oncall,rag_hmac,hist_0000,hist_0001,hist_0002,hist_0003,hist_0004,hist_0005,hist_0006,hist_0007,hist_0008,hist_0009,hist_0010,hist_0011,hist_0012,hist_0013,hist_0014,hist_0015,hist_0016,hist_0017,hist_0018,hist_0019,hist_0020,hist_0021,hist_0022,hist_0023,hist_0024,hist_0025,hist_0026,hist_0027,hist_0028,hist_0029,hist_0030,hist_0031,hist_0032,hist_0033,hist_0034,hist_0035,hist_0036,hist_0037,hist_0038,hist_0039,hist_0040,hist_0041,hist_0042,hist_0043,hist_0044,hist_0045,hist_0046,hist_0047,hist_0048,hist_0049,hist_0050,hist_0051,hist_0052,hist_0053,hist_0054,hist_0055,hist_0056,hist_0057,hist_0058,hist_0059,hist_0060,hist_0061,hist_0062,hist_0063,hist_0064,hist_0065,hist_0066,hist_0067,hist_0068,hist_0069,hist_0070,hist_0071,hist_0072,hist_0073,hist_0074,hist_0075,hist_0076,hist_0077,hist_0078,hist_0079,hist_0080,hist_0081,hist_0082,hist_0083,hist_0084,hist_0085,hist_0086,hist_0087,hist_0088,hist_0089,hist_0090,hist_0091,hist_0092,hist_0093,hist_0094,hist_0095,hist_0096,hist_0097,hist_0098,hist_0099,hist_0100,hist_0101,hist_0102,hist_0103,hist_0104,hist_0105,hist_0106,hist_0107,hist_0108,hist_0109,hist_0110,hist_0111,hist_0112,hist_0113,hist_0114,hist_0115,hist_0116,hist_0117,hist_0118,hist_0119,user_current"
history_heavy,History-heavy (answer in recent turn),history-heavy,waterfill,1,128k,cl100k_base,131072,8192,2048,120832,134,132,95,2144,2112,60411,60097,60735,0.4974,1.0,1.0,1.0,hist_0118,,,0,,0,,False,False,,0,,10.647,0.124,0.07,0.009015,o200k_base,60060,False,"{""history"": 83, ""rag"": 1, ""security"": 3, ""system"": 2, ""tool_schema"": 5, ""user"": 1}","{""agent"": 0, ""history"": 85920, ""memory"": 0, ""rag"": 108, ""security"": 273, ""system"": 349, ""tool_result"": 0, ""tool_schema"": 221, ""user"": 32}","{""agent"": 0, ""history"": 59946, ""memory"": 0, ""rag"": 108, ""security"": 273, ""system"": 349, ""tool_result"": 0, ""tool_schema"": 221, ""user"": 32}","{""history"": 59428, ""rag"": 108, ""security"": 273, ""system"": 349, ""tool_schema"": 221, ""user"": 32}",protected first | elastic floors | weighted water-fill | ceilings,bf91e6e041f2be0e27e9e06a841818059d3d0c0c7c8d0ae91cca948fd0863415,bb61c8e3fd8bc55754e9c8aa222782f1d231a83930388304b83076003b4632e4,"sys_platform,sys_style,sec_tenant,sec_prod,sec_secrets,tool_search_docs,tool_get_incident,tool_list_exceptions,tool_run_query,tool_page_oncall,rag_hmac,hist_0000,hist_0038,hist_0039,hist_0040,hist_0041,hist_0042,hist_0043,hist_0044,hist_0045,hist_0046,hist_0047,hist_0048,hist_0049,hist_0050,hist_0051,hist_0052,hist_0053,hist_0054,hist_0055,hist_0056,hist_0057,hist_0058,hist_0059,hist_0060,hist_0061,hist_0062,hist_0063,hist_0064,hist_0065,hist_0066,hist_0067,hist_0068,hist_0069,hist_0070,hist_0071,hist_0072,hist_0073,hist_0074,hist_0075,hist_0076,hist_0077,hist_0078,hist_0079,hist_0080,hist_0081,hist_0082,hist_0083,hist_0084,hist_0085,hist_0086,hist_0087,hist_0088,hist_0089,hist_0090,hist_0091,hist_0092,hist_0093,hist_0094,hist_0095,hist_0096,hist_0097,hist_0098,hist_0099,hist_0100,hist_0101,hist_0102,hist_0103,hist_0104,hist_0105,hist_0106,hist_0107,hist_0108,hist_0109,hist_0110,hist_0111,hist_0112,hist_0113,hist_0114,hist_0115,hist_0116,hist_0117,hist_0118,hist_0119,user_current"
history_heavy,History-heavy (answer in recent turn),history-heavy,utility,1,128k,cl100k_base,131072,8192,2048,120832,134,132,95,2144,2112,60411,60097,60735,0.4974,1.0,1.0,1.0,hist_0118,,,0,,0,,False,False,,0,,10.439,0.377,0.08,0.009015,o200k_base,60060,False,"{""history"": 83, ""rag"": 1, ""security"": 3, ""system"": 2, ""tool_schema"": 5, ""user"": 1}","{""agent"": 0, ""history"": 85920, ""memory"": 0, ""rag"": 108, ""security"": 273, ""system"": 349, ""tool_result"": 0, ""tool_schema"": 221, ""user"": 32}","{""agent"": 0, ""history"": 59428, ""memory"": 0, ""rag"": 108, ""security"": 273, ""system"": 349, ""tool_result"": 0, ""tool_schema"": 221, ""user"": 32}","{""history"": 59428, ""rag"": 108, ""security"": 273, ""system"": 349, ""tool_schema"": 221, ""user"": 32}",protected first | elastic floors | greedy score packing | ceilings,bf91e6e041f2be0e27e9e06a841818059d3d0c0c7c8d0ae91cca948fd0863415,549f6d1d722b2d5d90157e3b0f11f97b528701a27e3253ea8d6ea774eff36785,"sys_platform,sys_style,sec_tenant,sec_prod,sec_secrets,tool_search_docs,tool_get_incident,tool_list_exceptions,tool_run_query,tool_page_oncall,rag_hmac,hist_0000,hist_0038,hist_0039,hist_0040,hist_0041,hist_0042,hist_0043,hist_0044,hist_0045,hist_0046,hist_0047,hist_0048,hist_0049,hist_0050,hist_0051,hist_0052,hist_0053,hist_0054,hist_0055,hist_0056,hist_0057,hist_0058,hist_0059,hist_0060,hist_0061,hist_0062,hist_0063,hist_0064,hist_0065,hist_0066,hist_0067,hist_0068,hist_0069,hist_0070,hist_0071,hist_0072,hist_0073,hist_0074,hist_0075,hist_0076,hist_0077,hist_0078,hist_0079,hist_0080,hist_0081,hist_0082,hist_0083,hist_0084,hist_0085,hist_0086,hist_0087,hist_0088,hist_0089,hist_0090,hist_0091,hist_0092,hist_0093,hist_0094,hist_0095,hist_0096,hist_0097,hist_0098,hist_0099,hist_0100,hist_0101,hist_0102,hist_0103,hist_0104,hist_0105,hist_0106,hist_0107,hist_0108,hist_0109,hist_0110,hist_0111,hist_0112,hist_0113,hist_0114,hist_0115,hist_0116,hist_0117,hist_0118,hist_0119,user_current"
history_heavy,History-heavy (answer in recent turn),history-heavy,recency,1,128k,cl100k_base,131072,8192,2048,120832,134,132,132,2144,2112,86903,86467,34365,0.7156,1.0,1.0,1.0,hist_0118,,,0,,0,,False,False,,0,,10.524,0.111,0.103,0.01297,o200k_base,86363,False,"{""history"": 120, ""rag"": 1, ""security"": 3, ""system"": 2, ""tool_schema"": 5, ""user"": 1}","{""agent"": 0, ""history"": 85920, ""memory"": 0, ""rag"": 108, ""security"": 273, ""system"": 349, ""tool_result"": 0, ""tool_schema"": 221, ""user"": 32}","{""agent"": 119893, ""history"": 119893, ""memory"": 34081, ""rag"": 34081, ""security"": 273, ""system"": 349, ""tool_result"": 119893, ""tool_schema"": 221, ""user"": 32}","{""history"": 85920, ""rag"": 108, ""security"": 273, ""system"": 349, ""tool_schema"": 221, ""user"": 32}",protected first | live classes newest-first (no oldest-history pin) | knowledge fills remainder by relevance | no elastic floors/ceilings,b35853fa941bc786d2710465fba5a10cf331a518feedb4c667c11249d5cf06be,65b83de2481be732e7e38bb39a38cc8427c29f23997761fa5be90cfd5e8c884d,"sys_platform,sys_style,sec_tenant,sec_prod,sec_secrets,tool_search_docs,tool_get_incident,tool_list_exceptions,tool_run_query,tool_page_oncall,rag_hmac,hist_0000,hist_0001,hist_0002,hist_0003,hist_0004,hist_0005,hist_0006,hist_0007,hist_0008,hist_0009,hist_0010,hist_0011,hist_0012,hist_0013,hist_0014,hist_0015,hist_0016,hist_0017,hist_0018,hist_0019,hist_0020,hist_0021,hist_0022,hist_0023,hist_0024,hist_0025,hist_0026,hist_0027,hist_0028,hist_0029,hist_0030,hist_0031,hist_0032,hist_0033,hist_0034,hist_0035,hist_0036,hist_0037,hist_0038,hist_0039,hist_0040,hist_0041,hist_0042,hist_0043,hist_0044,hist_0045,hist_0046,hist_0047,hist_0048,hist_0049,hist_0050,hist_0051,hist_0052,hist_0053,hist_0054,hist_0055,hist_0056,hist_0057,hist_0058,hist_0059,hist_0060,hist_0061,hist_0062,hist_0063,hist_0064,hist_0065,hist_0066,hist_0067,hist_0068,hist_0069,hist_0070,hist_0071,hist_0072,hist_0073,hist_0074,hist_0075,hist_0076,hist_0077,hist_0078,hist_0079,hist_0080,hist_0081,hist_0082,hist_0083,hist_0084,hist_0085,hist_0086,hist_0087,hist_0088,hist_0089,hist_0090,hist_0091,hist_0092,hist_0093,hist_0094,hist_0095,hist_0096,hist_0097,hist_0098,hist_0099,hist_0100,hist_0101,hist_0102,hist_0103,hist_0104,hist_0105,hist_0106,hist_0107,hist_0108,hist_0109,hist_0110,hist_0111,hist_0112,hist_0113,hist_0114,hist_0115,hist_0116,hist_0117,hist_0118,hist_0119,user_current"
history_heavy,History-heavy (answer in recent turn),history-heavy,fixed_quota,1,256k,cl100k_base,262144,16384,2048,243712,134,132,132,2144,2112,86903,86467,157245,0.3548,1.0,1.0,1.0,hist_0118,,,0,,0,,False,False,,0,,10.703,0.129,0.106,0.01297,o200k_base,86363,False,"{""history"": 120, ""rag"": 1, ""security"": 3, ""system"": 2, ""tool_schema"": 5, ""user"": 1}","{""agent"": 0, ""history"": 85920, ""memory"": 0, ""rag"": 108, ""security"": 273, ""system"": 349, ""tool_result"": 0, ""tool_schema"": 221, ""user"": 32}","{""agent"": 36416, ""history"": 72832, ""memory"": 24277, ""rag"": 60693, ""security"": 273, ""system"": 349, ""tool_result"": 48555, ""tool_schema"": 221, ""user"": 32}","{""history"": 85920, ""rag"": 108, ""security"": 273, ""system"": 349, ""tool_schema"": 221, ""user"": 32}",protected first | fixed elastic quotas | spillover in spillover_order | spillover consumed packing leftover,b35853fa941bc786d2710465fba5a10cf331a518feedb4c667c11249d5cf06be,8f7a999173d31c1ced6f3019466ff67dac93f05169c05dc4724bd462cd576e62,"sys_platform,sys_style,sec_tenant,sec_prod,sec_secrets,tool_search_docs,tool_get_incident,tool_list_exceptions,tool_run_query,tool_page_oncall,rag_hmac,hist_0000,hist_0001,hist_0002,hist_0003,hist_0004,hist_0005,hist_0006,hist_0007,hist_0008,hist_0009,hist_0010,hist_0011,hist_0012,hist_0013,hist_0014,hist_0015,hist_0016,hist_0017,hist_0018,hist_0019,hist_0020,hist_0021,hist_0022,hist_0023,hist_0024,hist_0025,hist_0026,hist_0027,hist_0028,hist_0029,hist_0030,hist_0031,hist_0032,hist_0033,hist_0034,hist_0035,hist_0036,hist_0037,hist_0038,hist_0039,hist_0040,hist_0041,hist_0042,hist_0043,hist_0044,hist_0045,hist_0046,hist_0047,hist_0048,hist_0049,hist_0050,hist_0051,hist_0052,hist_0053,hist_0054,hist_0055,hist_0056,hist_0057,hist_0058,hist_0059,hist_0060,hist_0061,hist_0062,hist_0063,hist_0064,hist_0065,hist_0066,hist_0067,hist_0068,hist_0069,hist_0070,hist_0071,hist_0072,hist_0073,hist_0074,hist_0075,hist_0076,hist_0077,hist_0078,hist_0079,hist_0080,hist_0081,hist_0082,hist_0083,hist_0084,hist_0085,hist_0086,hist_0087,hist_0088,hist_0089,hist_0090,hist_0091,hist_0092,hist_0093,hist_0094,hist_0095,hist_0096,hist_0097,hist_0098,hist_0099,hist_0100,hist_0101,hist_0102,hist_0103,hist_0104,hist_0105,hist_0106,hist_0107,hist_0108,hist_0109,hist_0110,hist_0111,hist_0112,hist_0113,hist_0114,hist_0115,hist_0116,hist_0117,hist_0118,hist_0119,user_current"
history_heavy,History-heavy (answer in recent turn),history-heavy,waterfill,1,256k,cl100k_base,262144,16384,2048,243712,134,132,132,2144,2112,86903,86467,157245,0.3548,1.0,1.0,1.0,hist_0118,,,0,,0,,False,False,,0,,10.53,0.129,0.1,0.01297,o200k_base,86363,False,"{""history"": 120, ""rag"": 1, ""security"": 3, ""system"": 2, ""tool_schema"": 5, ""user"": 1}","{""agent"": 0, ""history"": 85920, ""memory"": 0, ""rag"": 108, ""security"": 273, ""system"": 349, ""tool_result"": 0, ""tool_schema"": 221, ""user"": 32}","{""agent"": 0, ""history"": 85920, ""memory"": 0, ""rag"": 108, ""security"": 273, ""system"": 349, ""tool_result"": 0, ""tool_schema"": 221, ""user"": 32}","{""history"": 85920, ""rag"": 108, ""security"": 273, ""system"": 349, ""tool_schema"": 221, ""user"": 32}",protected first | elastic floors | weighted water-fill | ceilings,b35853fa941bc786d2710465fba5a10cf331a518feedb4c667c11249d5cf06be,757efc3c4845d1447ae2319025e5538a9c1dbfaec82f7d1f768ed41dd642d5e5,"sys_platform,sys_style,sec_tenant,sec_prod,sec_secrets,tool_search_docs,tool_get_incident,tool_list_exceptions,tool_run_query,tool_page_oncall,rag_hmac,hist_0000,hist_0001,hist_0002,hist_0003,hist_0004,hist_0005,hist_0006,hist_0007,hist_0008,hist_0009,hist_0010,hist_0011,hist_0012,hist_0013,hist_0014,hist_0015,hist_0016,hist_0017,hist_0018,hist_0019,hist_0020,hist_0021,hist_0022,hist_0023,hist_0024,hist_0025,hist_0026,hist_0027,hist_0028,hist_0029,hist_0030,hist_0031,hist_0032,hist_0033,hist_0034,hist_0035,hist_0036,hist_0037,hist_0038,hist_0039,hist_0040,hist_0041,hist_0042,hist_0043,hist_0044,hist_0045,hist_0046,hist_0047,hist_0048,hist_0049,hist_0050,hist_0051,hist_0052,hist_0053,hist_0054,hist_0055,hist_0056,hist_0057,hist_0058,hist_0059,hist_0060,hist_0061,hist_0062,hist_0063,hist_0064,hist_0065,hist_0066,hist_0067,hist_0068,hist_0069,hist_0070,hist_0071,hist_0072,hist_0073,hist_0074,hist_0075,hist_0076,hist_0077,hist_0078,hist_0079,hist_0080,hist_0081,hist_0082,hist_0083,hist_0084,hist_0085,hist_0086,hist_0087,hist_0088,hist_0089,hist_0090,hist_0091,hist_0092,hist_0093,hist_0094,hist_0095,hist_0096,hist_0097,hist_0098,hist_0099,hist_0100,hist_0101,hist_0102,hist_0103,hist_0104,hist_0105,hist_0106,hist_0107,hist_0108,hist_0109,hist_0110,hist_0111,hist_0112,hist_0113,hist_0114,hist_0115,hist_0116,hist_0117,hist_0118,hist_0119,user_current"
history_heavy,History-heavy (answer in recent turn),history-heavy,utility,1,256k,cl100k_base,262144,16384,2048,243712,134,132,132,2144,2112,86903,86467,157245,0.3548,1.0,1.0,1.0,hist_0118,,,0,,0,,False,False,,0,,10.625,0.35,0.098,0.01297,o200k_base,86363,False,"{""history"": 120, ""rag"": 1, ""security"": 3, ""system"": 2, ""tool_schema"": 5, ""user"": 1}","{""agent"": 0, ""history"": 85920, ""memory"": 0, ""rag"": 108, ""security"": 273, ""system"": 349, ""tool_result"": 0, ""tool_schema"": 221, ""user"": 32}","{""agent"": 0, ""history"": 85920, ""memory"": 0, ""rag"": 108, ""security"": 273, ""system"": 349, ""tool_result"": 0, ""tool_schema"": 221, ""user"": 32}","{""history"": 85920, ""rag"": 108, ""security"": 273, ""system"": 349, ""tool_schema"": 221, ""user"": 32}",protected first | elastic floors | greedy score packing | ceilings,b35853fa941bc786d2710465fba5a10cf331a518feedb4c667c11249d5cf06be,e313da0f05060383c2f79708bcd7bc8c5c9a5963668caeb0e490646734d82c40,"sys_platform,sys_style,sec_tenant,sec_prod,sec_secrets,tool_search_docs,tool_get_incident,tool_list_exceptions,tool_run_query,tool_page_oncall,rag_hmac,hist_0000,hist_0001,hist_0002,hist_0003,hist_0004,hist_0005,hist_0006,hist_0007,hist_0008,hist_0009,hist_0010,hist_0011,hist_0012,hist_0013,hist_0014,hist_0015,hist_0016,hist_0017,hist_0018,hist_0019,hist_0020,hist_0021,hist_0022,hist_0023,hist_0024,hist_0025,hist_0026,hist_0027,hist_0028,hist_0029,hist_0030,hist_0031,hist_0032,hist_0033,hist_0034,hist_0035,hist_0036,hist_0037,hist_0038,hist_0039,hist_0040,hist_0041,hist_0042,hist_0043,hist_0044,hist_0045,hist_0046,hist_0047,hist_0048,hist_0049,hist_0050,hist_0051,hist_0052,hist_0053,hist_0054,hist_0055,hist_0056,hist_0057,hist_0058,hist_0059,hist_0060,hist_0061,hist_0062,hist_0063,hist_0064,hist_0065,hist_0066,hist_0067,hist_0068,hist_0069,hist_0070,hist_0071,hist_0072,hist_0073,hist_0074,hist_0075,hist_0076,hist_0077,hist_0078,hist_0079,hist_0080,hist_0081,hist_0082,hist_0083,hist_0084,hist_0085,hist_0086,hist_0087,hist_0088,hist_0089,hist_0090,hist_0091,hist_0092,hist_0093,hist_0094,hist_0095,hist_0096,hist_0097,hist_0098,hist_0099,hist_0100,hist_0101,hist_0102,hist_0103,hist_0104,hist_0105,hist_0106,hist_0107,hist_0108,hist_0109,hist_0110,hist_0111,hist_0112,hist_0113,hist_0114,hist_0115,hist_0116,hist_0117,hist_0118,hist_0119,user_current"
history_heavy,History-heavy (answer in recent turn),history-heavy,recency,1,256k,cl100k_base,262144,16384,2048,243712,134,132,132,2144,2112,86903,86467,157245,0.3548,1.0,1.0,1.0,hist_0118,,,0,,0,,False,False,,0,,10.608,0.105,0.108,0.01297,o200k_base,86363,False,"{""history"": 120, ""rag"": 1, ""security"": 3, ""system"": 2, ""tool_schema"": 5, ""user"": 1}","{""agent"": 0, ""history"": 85920, ""memory"": 0, ""rag"": 108, ""security"": 273, ""system"": 349, ""tool_result"": 0, ""tool_schema"": 221, ""user"": 32}","{""agent"": 242773, ""history"": 242773, ""memory"": 156961, ""rag"": 156961, ""security"": 273, ""system"": 349, ""tool_result"": 242773, ""tool_schema"": 221, ""user"": 32}","{""history"": 85920, ""rag"": 108, ""security"": 273, ""system"": 349, ""tool_schema"": 221, ""user"": 32}",protected first | live classes newest-first (no oldest-history pin) | knowledge fills remainder by relevance | no elastic floors/ceilings,b35853fa941bc786d2710465fba5a10cf331a518feedb4c667c11249d5cf06be,65b83de2481be732e7e38bb39a38cc8427c29f23997761fa5be90cfd5e8c884d,"sys_platform,sys_style,sec_tenant,sec_prod,sec_secrets,tool_search_docs,tool_get_incident,tool_list_exceptions,tool_run_query,tool_page_oncall,rag_hmac,hist_0000,hist_0001,hist_0002,hist_0003,hist_0004,hist_0005,hist_0006,hist_0007,hist_0008,hist_0009,hist_0010,hist_0011,hist_0012,hist_0013,hist_0014,hist_0015,hist_0016,hist_0017,hist_0018,hist_0019,hist_0020,hist_0021,hist_0022,hist_0023,hist_0024,hist_0025,hist_0026,hist_0027,hist_0028,hist_0029,hist_0030,hist_0031,hist_0032,hist_0033,hist_0034,hist_0035,hist_0036,hist_0037,hist_0038,hist_0039,hist_0040,hist_0041,hist_0042,hist_0043,hist_0044,hist_0045,hist_0046,hist_0047,hist_0048,hist_0049,hist_0050,hist_0051,hist_0052,hist_0053,hist_0054,hist_0055,hist_0056,hist_0057,hist_0058,hist_0059,hist_0060,hist_0061,hist_0062,hist_0063,hist_0064,hist_0065,hist_0066,hist_0067,hist_0068,hist_0069,hist_0070,hist_0071,hist_0072,hist_0073,hist_0074,hist_0075,hist_0076,hist_0077,hist_0078,hist_0079,hist_0080,hist_0081,hist_0082,hist_0083,hist_0084,hist_0085,hist_0086,hist_0087,hist_0088,hist_0089,hist_0090,hist_0091,hist_0092,hist_0093,hist_0094,hist_0095,hist_0096,hist_0097,hist_0098,hist_0099,hist_0100,hist_0101,hist_0102,hist_0103,hist_0104,hist_0105,hist_0106,hist_0107,hist_0108,hist_0109,hist_0110,hist_0111,hist_0112,hist_0113,hist_0114,hist_0115,hist_0116,hist_0117,hist_0118,hist_0119,user_current"
huge_mixed,Huge mixed overflow,huge-mixed,fixed_quota,1,32k,cl100k_base,32768,4096,512,28160,205,203,31,3280,3248,28096,28022,138,0.9951,1.0,1.0,1.0,rag_sla_p1,,,0,,0,,False,False,,2,"toolres_0013,toolres_0012",34.343,1.005,0.04,0.004203,o200k_base,27856,False,"{""agent"": 3, ""history"": 8, ""memory"": 2, ""rag"": 3, ""security"": 3, ""system"": 2, ""tool_result"": 4, ""tool_schema"": 5, ""user"": 1}","{""agent"": 19456, ""history"": 97280, ""memory"": 24320, ""rag"": 108960, ""security"": 273, ""system"": 349, ""tool_result"": 40256, ""tool_schema"": 221, ""user"": 59}","{""agent"": 4079, ""history"": 8158, ""memory"": 2719, ""rag"": 6799, ""security"": 273, ""system"": 349, ""tool_result"": 5439, ""tool_schema"": 221, ""user"": 59}","{""agent"": 3648, ""history"": 9728, ""memory"": 2432, ""rag"": 5448, ""security"": 273, ""system"": 349, ""tool_result"": 5938, ""tool_schema"": 221, ""user"": 59}",protected first | fixed elastic quotas | spillover in spillover_order | spillover consumed packing leftover,f9101398566e16761f9f124c8ad51cce46f60092325dc91879dc5c90b375d28a,7ef3ea07d4f59c579dc03e894948931d806ffd7cddf38f471318a544eb35b34e,"sys_platform,sys_style,sec_tenant,sec_prod,sec_secrets,tool_search_docs,tool_get_incident,tool_list_exceptions,tool_run_query,tool_page_oncall,mem_0000,mem_0001,rag_sla_p1,rag_0000,rag_0001,hist_0000,hist_0073,hist_0074,hist_0075,hist_0076,hist_0077,hist_0078,hist_0079,toolres_0012,toolres_0013,toolres_0014,toolres_0015,agent_0013,agent_0014,agent_0015,user_current"
huge_mixed,Huge mixed overflow,huge-mixed,waterfill,1,32k,cl100k_base,32768,4096,512,28160,205,203,31,3280,3248,28096,28021,139,0.9951,1.0,1.0,1.0,rag_sla_p1,,,0,,0,,False,False,,2,"toolres_0013,toolres_0012",34.485,0.999,0.034,0.004203,o200k_base,27852,False,"{""agent"": 3, ""history"": 7, ""memory"": 3, ""rag"": 3, ""security"": 3, ""system"": 2, ""tool_result"": 4, ""tool_schema"": 5, ""user"": 1}","{""agent"": 19456, ""history"": 97280, ""memory"": 24320, ""rag"": 108960, ""security"": 273, ""system"": 349, ""tool_result"": 40256, ""tool_schema"": 221, ""user"": 59}","{""agent"": 4686, ""history"": 7196, ""memory"": 4058, ""rag"": 5941, ""security"": 273, ""system"": 349, ""tool_result"": 5313, ""tool_schema"": 221, ""user"": 59}","{""agent"": 3648, ""history"": 8512, ""memory"": 3648, ""rag"": 5448, ""security"": 273, ""system"": 349, ""tool_result"": 5938, ""tool_schema"": 221, ""user"": 59}",protected first | elastic floors | weighted water-fill | ceilings | spillover consumed packing leftover under ceilings,e1925e582cb3cd074c5d909e64c533c92e09ff65b194ab2216d711a75026bcf9,9ec187d37cf15a227746f186d1e4214868b05f6f55a5184fabef38f7d46d6836,"sys_platform,sys_style,sec_tenant,sec_prod,sec_secrets,tool_search_docs,tool_get_incident,tool_list_exceptions,tool_run_query,tool_page_oncall,mem_0000,mem_0001,mem_0002,rag_sla_p1,rag_0000,rag_0001,hist_0000,hist_0074,hist_0075,hist_0076,hist_0077,hist_0078,hist_0079,toolres_0012,toolres_0013,toolres_0014,toolres_0015,agent_0013,agent_0014,agent_0015,user_current"
huge_mixed,Huge mixed overflow,huge-mixed,utility,1,32k,cl100k_base,32768,4096,512,28160,205,203,31,3280,3248,28096,28019,141,0.995,1.0,1.0,1.0,rag_sla_p1,,,0,,0,,False,False,,2,"toolres_0015,toolres_0014",34.458,1.536,0.037,0.004203,o200k_base,27860,False,"{""agent"": 1, ""history"": 11, ""memory"": 1, ""rag"": 5, ""security"": 3, ""system"": 2, ""tool_result"": 2, ""tool_schema"": 5, ""user"": 1}","{""agent"": 19456, ""history"": 97280, ""memory"": 24320, ""rag"": 108960, ""security"": 273, ""system"": 349, ""tool_result"": 40256, ""tool_schema"": 221, ""user"": 59}","{""agent"": 2175, ""history"": 13376, ""memory"": 2175, ""rag"": 9080, ""security"": 273, ""system"": 349, ""tool_result"": 2306, ""tool_schema"": 221, ""user"": 59}","{""agent"": 1216, ""history"": 13376, ""memory"": 1216, ""rag"": 9080, ""security"": 273, ""system"": 349, ""tool_result"": 2306, ""tool_schema"": 221, ""user"": 59}",protected first | elastic floors | greedy score packing | ceilings,236ce38f68161c4259886f33bbccd566c4465bf9b5dcab8595e110fc3cf2c6d6,05ea1ada96ea082580bb326ef8765df7765fcb938bcfbb7a65cbc447b83fc398,"sys_platform,sys_style,sec_tenant,sec_prod,sec_secrets,tool_search_docs,tool_get_incident,tool_list_exceptions,tool_run_query,tool_page_oncall,mem_0000,rag_sla_p1,rag_0000,rag_0001,rag_0002,rag_0004,hist_0000,hist_0070,hist_0071,hist_0072,hist_0073,hist_0074,hist_0075,hist_0076,hist_0077,hist_0078,hist_0079,toolres_0014,toolres_0015,agent_0015,user_current"
huge_mixed,Huge mixed overflow,huge-mixed,recency,1,32k,cl100k_base,32768,4096,512,28160,205,203,31,3280,3248,28096,28002,158,0.9944,1.0,1.0,0.0,,rag_sla_p1,"history,rag,memory",3,,0,,False,False,,1,toolres_0012,34.403,0.457,0.036,0.0042,o200k_base,27892,False,"{""agent"": 16, ""security"": 3, ""system"": 2, ""tool_result"": 4, ""tool_schema"": 5, ""user"": 1}","{""agent"": 19456, ""history"": 97280, ""memory"": 24320, ""rag"": 108960, ""security"": 273, ""system"": 349, ""tool_result"": 40256, ""tool_schema"": 221, ""user"": 59}","{""agent"": 27194, ""history"": 27194, ""memory"": 0, ""rag"": 0, ""security"": 273, ""system"": 349, ""tool_result"": 27194, ""tool_schema"": 221, ""user"": 59}","{""agent"": 19456, ""security"": 273, ""system"": 349, ""tool_result"": 7738, ""tool_schema"": 221, ""user"": 59}",protected first | live classes newest-first (no oldest-history pin) | knowledge fills remainder by relevance | no elastic floors/ceilings,c77cbb0c79262c31cdf94ec9d60d1d71661f19b4983b0a640fd8d26e12a77200,f101cb199369aeca403826effce313ba8ec7c52bc9a332bff200b55f9912fa30,"sys_platform,sys_style,sec_tenant,sec_prod,sec_secrets,tool_search_docs,tool_get_incident,tool_list_exceptions,tool_run_query,tool_page_oncall,toolres_0012,toolres_0013,toolres_0014,toolres_0015,agent_0000,agent_0001,agent_0002,agent_0003,agent_0004,agent_0005,agent_0006,agent_0007,agent_0008,agent_0009,agent_0010,agent_0011,agent_0012,agent_0013,agent_0014,agent_0015,user_current"
huge_mixed,Huge mixed overflow,huge-mixed,fixed_quota,1,64k,cl100k_base,65536,8192,1024,56320,205,203,49,3280,3248,56256,56129,191,0.9966,1.0,1.0,1.0,rag_sla_p1,,,0,,0,,False,False,,2,"toolres_0011,toolres_0010",34.382,3.847,0.253,0.008419,o200k_base,55830,False,"{""agent"": 6, ""history"": 15, ""memory"": 4, ""rag"": 7, ""security"": 3, ""system"": 2, ""tool_result"": 6, ""tool_schema"": 5, ""user"": 1}","{""agent"": 19456, ""history"": 97280, ""memory"": 24320, ""rag"": 108960, ""security"": 273, ""system"": 349, ""tool_result"": 40256, ""tool_schema"": 221, ""user"": 59}","{""agent"": 8303, ""history"": 16606, ""memory"": 5535, ""rag"": 13839, ""security"": 273, ""system"": 349, ""tool_result"": 11071, ""tool_schema"": 221, ""user"": 59}","{""agent"": 7296, ""history"": 18240, ""memory"": 4864, ""rag"": 12712, ""security"": 273, ""system"": 349, ""tool_result"": 12242, ""tool_schema"": 221, ""user"": 59}",protected first | fixed elastic quotas | spillover in spillover_order | spillover consumed packing leftover,3f4e546a7abaee2b51b037708173caa6e9095af3aac71834c8c1a346d3bb06ab,4c47f141e25c1cfcfe63ac40335ec2d6b81a8784063fc46ace884641385cf11d,"sys_platform,sys_style,sec_tenant,sec_prod,sec_secrets,tool_search_docs,tool_get_incident,tool_list_exceptions,tool_run_query,tool_page_oncall,mem_0000,mem_0001,mem_0002,mem_0003,rag_sla_p1,rag_0000,rag_0001,rag_0002,rag_0004,rag_0005,rag_0006,hist_0000,hist_0066,hist_0067,hist_0068,hist_0069,hist_0070,hist_0071,hist_0072,hist_0073,hist_0074,hist_0075,hist_0076,hist_0077,hist_0078,hist_0079,toolres_0010,toolres_0011,toolres_0012,toolres_0013,toolres_0014,toolres_0015,agent_0010,agent_0011,agent_0012,agent_0013,agent_0014,agent_0015,user_current"
huge_mixed,Huge mixed overflow,huge-mixed,waterfill,1,64k,cl100k_base,65536,8192,1024,56320,205,203,50,3280,3248,56256,56124,196,0.9965,1.0,1.0,1.0,rag_sla_p1,,,0,,0,,False,False,,2,"toolres_0011,toolres_0010",39.22,1.245,0.071,0.008419,o200k_base,55814,False,"{""agent"": 7, ""history"": 14, ""memory"": 6, ""rag"": 6, ""security"": 3, ""system"": 2, ""tool_result"": 6, ""tool_schema"": 5, ""user"": 1}","{""agent"": 19456, ""history"": 97280, ""memory"": 24320, ""rag"": 108960, ""security"": 273, ""system"": 349, ""tool_result"": 40256, ""tool_schema"": 221, ""user"": 59}","{""agent"": 9538, ""history"": 14648, ""memory"": 8260, ""rag"": 12093, ""security"": 273, ""system"": 349, ""tool_result"": 10815, ""tool_schema"": 221, ""user"": 59}","{""agent"": 8512, ""history"": 17024, ""memory"": 7296, ""rag"": 10896, ""security"": 273, ""system"": 349, ""tool_result"": 11626, ""tool_schema"": 221, ""user"": 59}",protected first | elastic floors | weighted water-fill | ceilings | spillover consumed packing leftover under ceilings,e701eb45cf5a4da6a6b832d28eb967ea5050acdaeeb75efbe2e599606988c4eb,d741c00380ea2c0fdd20a27ce43d3e43ac4681cead5e47a42cd1afaad1960012,"sys_platform,sys_style,sec_tenant,sec_prod,sec_secrets,tool_search_docs,tool_get_incident,tool_list_exceptions,tool_run_query,tool_page_oncall,mem_0000,mem_0001,mem_0002,mem_0003,mem_0004,mem_0005,rag_sla_p1,rag_0000,rag_0001,rag_0002,rag_0004,rag_0005,hist_0000,hist_0067,hist_0068,hist_0069,hist_0070,hist_0071,hist_0072,hist_0073,hist_0074,hist_0075,hist_0076,hist_0077,hist_0078,hist_0079,toolres_0010,toolres_0011,toolres_0012,toolres_0013,toolres_0014,toolres_0015,agent_0009,agent_0010,agent_0011,agent_0012,agent_0013,agent_0014,agent_0015,user_current"
huge_mixed,Huge mixed overflow,huge-mixed,utility,1,64k,cl100k_base,65536,8192,1024,56320,205,203,51,3280,3248,56256,56117,203,0.9964,1.0,1.0,1.0,rag_sla_p1,,,0,,0,,False,False,,2,"toolres_0014,toolres_0013",34.867,1.611,0.072,0.008418,o200k_base,55850,False,"{""agent"": 3, ""history"": 22, ""memory"": 3, ""rag"": 9, ""security"": 3, ""system"": 2, ""tool_result"": 3, ""tool_schema"": 5, ""user"": 1}","{""agent"": 19456, ""history"": 97280, ""memory"": 24320, ""rag"": 108960, ""security"": 273, ""system"": 349, ""tool_result"": 40256, ""tool_schema"": 221, ""user"": 59}","{""agent"": 4428, ""history"": 26752, ""memory"": 4428, ""rag"": 16344, ""security"": 273, ""system"": 349, ""tool_result"": 4962, ""tool_schema"": 221, ""user"": 59}","{""agent"": 3648, ""history"": 26752, ""memory"": 3648, ""rag"": 16344, ""security"": 273, ""system"": 349, ""tool_result"": 4962, ""tool_schema"": 221, ""user"": 59}",protected first | elastic floors | greedy score packing | ceilings,28476a64f3727941bf5c14529f01bde1bde47a30f8e880af7e102856907641da,bfcb711f32351bd0836ccdda6a47f9c0082e811992497711c5ee2b4221aedc27,"sys_platform,sys_style,sec_tenant,sec_prod,sec_secrets,tool_search_docs,tool_get_incident,tool_list_exceptions,tool_run_query,tool_page_oncall,mem_0000,mem_0001,mem_0002,rag_sla_p1,rag_0000,rag_0001,rag_0002,rag_0004,rag_0005,rag_0006,rag_0007,rag_0008,hist_0000,hist_0059,hist_0060,hist_0061,hist_0062,hist_0063,hist_0064,hist_0065,hist_0066,hist_0067,hist_0068,hist_0069,hist_0070,hist_0071,hist_0072,hist_0073,hist_0074,hist_0075,hist_0076,hist_0077,hist_0078,hist_0079,toolres_0013,toolres_0014,toolres_0015,agent_0013,agent_0014,agent_0015,user_current"
huge_mixed,Huge mixed overflow,huge-mixed,recency,1,64k,cl100k_base,65536,8192,1024,56320,205,203,42,3280,3248,56256,56150,170,0.997,1.0,1.0,0.0,,rag_sla_p1,"history,rag,memory",3,,0,,False,False,,1,toolres_0001,34.723,0.599,0.071,0.008422,o200k_base,55945,False,"{""agent"": 16, ""security"": 3, ""system"": 2, ""tool_result"": 15, ""tool_schema"": 5, ""user"": 1}","{""agent"": 19456, ""history"": 97280, ""memory"": 24320, ""rag"": 108960, ""security"": 273, ""system"": 349, ""tool_result"": 40256, ""tool_schema"": 221, ""user"": 59}","{""agent"": 55354, ""history"": 55354, ""memory"": 0, ""rag"": 0, ""security"": 273, ""system"": 349, ""tool_result"": 55354, ""tool_schema"": 221, ""user"": 59}","{""agent"": 19456, ""security"": 273, ""system"": 349, ""tool_result"": 35898, ""tool_schema"": 221, ""user"": 59}",protected first | live classes newest-first (no oldest-history pin) | knowledge fills remainder by relevance | no elastic floors/ceilings,537f7f52ecfe50dec6320a17b58c853c650eefe2405e82c797ba186a17ff41e9,eeda6f40e7a56265087a2afae43ea287f8b098ce17298f9be07799777e4e9948,"sys_platform,sys_style,sec_tenant,sec_prod,sec_secrets,tool_search_docs,tool_get_incident,tool_list_exceptions,tool_run_query,tool_page_oncall,toolres_0001,toolres_0002,toolres_0003,toolres_0004,toolres_0005,toolres_0006,toolres_0007,toolres_0008,toolres_0009,toolres_0010,toolres_0011,toolres_0012,toolres_0013,toolres_0014,toolres_0015,agent_0000,agent_0001,agent_0002,agent_0003,agent_0004,agent_0005,agent_0006,agent_0007,agent_0008,agent_0009,agent_0010,agent_0011,agent_0012,agent_0013,agent_0014,agent_0015,user_current"
huge_mixed,Huge mixed overflow,huge-mixed,fixed_quota,1,128k,cl100k_base,131072,8192,2048,120832,205,203,92,3280,3248,120768,120514,318,0.9974,1.0,1.0,1.0,rag_sla_p1,,,0,,0,,False,False,,2,"toolres_0006,toolres_0005",34.494,1.412,0.176,0.018077,o200k_base,119961,False,"{""agent"": 14, ""history"": 31, ""memory"": 9, ""rag"": 16, ""security"": 3, ""system"": 2, ""tool_result"": 11, ""tool_schema"": 5, ""user"": 1}","{""agent"": 19456, ""history"": 97280, ""memory"": 24320, ""rag"": 108960, ""security"": 273, ""system"": 349, ""tool_result"": 40256, ""tool_schema"": 221, ""user"": 59}","{""agent"": 17980, ""history"": 35960, ""memory"": 11987, ""rag"": 29966, ""security"": 273, ""system"": 349, ""tool_result"": 23973, ""tool_schema"": 221, ""user"": 59}","{""agent"": 17024, ""history"": 37696, ""memory"": 10944, ""rag"": 29056, ""security"": 273, ""system"": 349, ""tool_result"": 25146, ""tool_schema"": 221, ""user"": 59}",protected first | fixed elastic quotas | spillover in spillover_order | spillover consumed packing leftover,ed44ad0f243099a6be4b2be3500655d9497244a331344a5421462ca3835a8231,872f14eab66061bb9247f07e22632bdc47b667ef33daa27a518bb16ed2d13a6d,"sys_platform,sys_style,sec_tenant,sec_prod,sec_secrets,tool_search_docs,tool_get_incident,tool_list_exceptions,tool_run_query,tool_page_oncall,mem_0000,mem_0001,mem_0002,mem_0003,mem_0004,mem_0005,mem_0006,mem_0007,mem_0008,rag_sla_p1,rag_0000,rag_0001,rag_0002,rag_0004,rag_0005,rag_0006,rag_0007,rag_0008,rag_0009,rag_0010,rag_0011,rag_0012,rag_0013,rag_0014,rag_0015,hist_0000,hist_0050,hist_0051,hist_0052,hist_0053,hist_0054,hist_0055,hist_0056,hist_0057,hist_0058,hist_0059,hist_0060,hist_0061,hist_0062,hist_0063,hist_0064,hist_0065,hist_0066,hist_0067,hist_0068,hist_0069,hist_0070,hist_0071,hist_0072,hist_0073,hist_0074,hist_0075,hist_0076,hist_0077,hist_0078,hist_0079,toolres_0005,toolres_0006,toolres_0007,toolres_0008,toolres_0009,toolres_0010,toolres_0011,toolres_0012,toolres_0013,toolres_0014,toolres_0015,agent_0002,agent_0003,agent_0004,agent_0005,agent_0006,agent_0007,agent_0008,agent_0009,agent_0010,agent_0011,agent_0012,agent_0013,agent_0014,agent_0015,user_current"
huge_mixed,Huge mixed overflow,huge-mixed,waterfill,1,128k,cl100k_base,131072,8192,2048,120832,205,203,94,3280,3248,120768,120507,325,0.9973,1.0,1.0,1.0,rag_sla_p1,,,0,,0,,False,False,,2,"toolres_0006,toolres_0005",34.714,1.099,0.124,0.018076,o200k_base,119977,False,"{""agent"": 16, ""history"": 28, ""memory"": 14, ""rag"": 14, ""security"": 3, ""system"": 2, ""tool_result"": 11, ""tool_schema"": 5, ""user"": 1}","{""agent"": 19456, ""history"": 97280, ""memory"": 24320, ""rag"": 108960, ""security"": 273, ""system"": 349, ""tool_result"": 40256, ""tool_schema"": 221, ""user"": 59}","{""agent"": 19456, ""history"": 32154, ""memory"": 18051, ""rag"": 26513, ""security"": 273, ""system"": 349, ""tool_result"": 23692, ""tool_schema"": 221, ""user"": 59}","{""agent"": 19456, ""history"": 34048, ""memory"": 17024, ""rag"": 25424, ""security"": 273, ""system"": 349, ""tool_result"": 23914, ""tool_schema"": 221, ""user"": 59}",protected first | elastic floors | weighted water-fill | ceilings | spillover consumed packing leftover under ceilings,df1e699b5670eb5c9cc20917122bc8f2c2e5a0733a6a430007e50f8e1538535d,e12a9ecdbd6efabb9cbdca456db446b960573016d8240ed46479c7e34ae016ef,"sys_platform,sys_style,sec_tenant,sec_prod,sec_secrets,tool_search_docs,tool_get_incident,tool_list_exceptions,tool_run_query,tool_page_oncall,mem_0000,mem_0001,mem_0002,mem_0003,mem_0004,mem_0005,mem_0006,mem_0007,mem_0008,mem_0009,mem_0010,mem_0011,mem_0012,mem_0013,rag_sla_p1,rag_0000,rag_0001,rag_0002,rag_0004,rag_0005,rag_0006,rag_0007,rag_0008,rag_0009,rag_0010,rag_0011,rag_0012,rag_0013,hist_0000,hist_0053,hist_0054,hist_0055,hist_0056,hist_0057,hist_0058,hist_0059,hist_0060,hist_0061,hist_0062,hist_0063,hist_0064,hist_0065,hist_0066,hist_0067,hist_0068,hist_0069,hist_0070,hist_0071,hist_0072,hist_0073,hist_0074,hist_0075,hist_0076,hist_0077,hist_0078,hist_0079,toolres_0005,toolres_0006,toolres_0007,toolres_0008,toolres_0009,toolres_0010,toolres_0011,toolres_0012,toolres_0013,toolres_0014,toolres_0015,agent_0000,agent_0001,agent_0002,agent_0003,agent_0004,agent_0005,agent_0006,agent_0007,agent_0008,agent_0009,agent_0010,agent_0011,agent_0012,agent_0013,agent_0014,agent_0015,user_current"
huge_mixed,Huge mixed overflow,huge-mixed,utility,1,128k,cl100k_base,131072,8192,2048,120832,205,203,97,3280,3248,120768,120488,344,0.9972,1.0,1.0,1.0,rag_sla_p1,,,0,,0,,False,False,,2,"toolres_0012,toolres_0011",34.492,1.673,0.137,0.018073,o200k_base,119895,False,"{""agent"": 7, ""history"": 49, ""memory"": 7, ""rag"": 18, ""security"": 3, ""system"": 2, ""tool_result"": 5, ""tool_schema"": 5, ""user"": 1}","{""agent"": 19456, ""history"": 97280, ""memory"": 24320, ""rag"": 108960, ""security"": 273, ""system"": 349, ""tool_result"": 40256, ""tool_schema"": 221, ""user"": 59}","{""agent"": 9589, ""history"": 59584, ""memory"": 9589, ""rag"": 32688, ""security"": 273, ""system"": 349, ""tool_result"": 10570, ""tool_schema"": 221, ""user"": 59}","{""agent"": 8512, ""history"": 59584, ""memory"": 8512, ""rag"": 32688, ""security"": 273, ""system"": 349, ""tool_result"": 10570, ""tool_schema"": 221, ""user"": 59}",protected first | elastic floors | greedy score packing | ceilings,f572f4e46141cb746fc3f4c3b0ec8b3fbba3edc7131848ab3960631cc4fc7cd7,96c190ff230f8d289ae9671aacaaa6eec42b52ea8fc89de9698af0ee091b4125,"sys_platform,sys_style,sec_tenant,sec_prod,sec_secrets,tool_search_docs,tool_get_incident,tool_list_exceptions,tool_run_query,tool_page_oncall,mem_0000,mem_0001,mem_0002,mem_0003,mem_0004,mem_0005,mem_0006,rag_sla_p1,rag_0000,rag_0001,rag_0002,rag_0004,rag_0005,rag_0006,rag_0007,rag_0008,rag_0009,rag_0010,rag_0011,rag_0012,rag_0013,rag_0014,rag_0015,rag_0016,rag_0017,hist_0000,hist_0032,hist_0033,hist_0034,hist_0035,hist_0036,hist_0037,hist_0038,hist_0039,hist_0040,hist_0041,hist_0042,hist_0043,hist_0044,hist_0045,hist_0046,hist_0047,hist_0048,hist_0049,hist_0050,hist_0051,hist_0052,hist_0053,hist_0054,hist_0055,hist_0056,hist_0057,hist_0058,hist_0059,hist_0060,hist_0061,hist_0062,hist_0063,hist_0064,hist_0065,hist_0066,hist_0067,hist_0068,hist_0069,hist_0070,hist_0071,hist_0072,hist_0073,hist_0074,hist_0075,hist_0076,hist_0077,hist_0078,hist_0079,toolres_0011,toolres_0012,toolres_0013,toolres_0014,toolres_0015,agent_0009,agent_0010,agent_0011,agent_0012,agent_0013,agent_0014,agent_0015,user_current"
huge_mixed,Huge mixed overflow,huge-mixed,recency,1,128k,cl100k_base,131072,8192,2048,120832,205,203,92,3280,3248,120198,119939,893,0.9926,1.0,1.0,0.0,,rag_sla_p1,"rag,memory",2,,0,,False,False,,0,,34.375,0.147,0.126,0.017991,o200k_base,119542,False,"{""agent"": 16, ""history"": 49, ""security"": 3, ""system"": 2, ""tool_result"": 16, ""tool_schema"": 5, ""user"": 1}","{""agent"": 19456, ""history"": 97280, ""memory"": 24320, ""rag"": 108960, ""security"": 273, ""system"": 349, ""tool_result"": 40256, ""tool_schema"": 221, ""user"": 59}","{""agent"": 119866, ""history"": 119866, ""memory"": 570, ""rag"": 570, ""security"": 273, ""system"": 349, ""tool_result"": 119866, ""tool_schema"": 221, ""user"": 59}","{""agent"": 19456, ""history"": 59584, ""security"": 273, ""system"": 349, ""tool_result"": 40256, ""tool_schema"": 221, ""user"": 59}",protected first | live classes newest-first (no oldest-history pin) | knowledge fills remainder by relevance | no elastic floors/ceilings,e4e895235d43f2388e41979f23bfb56ffb759e787e559c1bd1d7b0b1200fb975,670ac8f06cd892e5346fb088c74b476a6df1c5baf2a7e140536db6acdfad3d0a,"sys_platform,sys_style,sec_tenant,sec_prod,sec_secrets,tool_search_docs,tool_get_incident,tool_list_exceptions,tool_run_query,tool_page_oncall,hist_0031,hist_0032,hist_0033,hist_0034,hist_0035,hist_0036,hist_0037,hist_0038,hist_0039,hist_0040,hist_0041,hist_0042,hist_0043,hist_0044,hist_0045,hist_0046,hist_0047,hist_0048,hist_0049,hist_0050,hist_0051,hist_0052,hist_0053,hist_0054,hist_0055,hist_0056,hist_0057,hist_0058,hist_0059,hist_0060,hist_0061,hist_0062,hist_0063,hist_0064,hist_0065,hist_0066,hist_0067,hist_0068,hist_0069,hist_0070,hist_0071,hist_0072,hist_0073,hist_0074,hist_0075,hist_0076,hist_0077,hist_0078,hist_0079,toolres_0000,toolres_0001,toolres_0002,toolres_0003,toolres_0004,toolres_0005,toolres_0006,toolres_0007,toolres_0008,toolres_0009,toolres_0010,toolres_0011,toolres_0012,toolres_0013,toolres_0014,toolres_0015,agent_0000,agent_0001,agent_0002,agent_0003,agent_0004,agent_0005,agent_0006,agent_0007,agent_0008,agent_0009,agent_0010,agent_0011,agent_0012,agent_0013,agent_0014,agent_0015,user_current"
huge_mixed,Huge mixed overflow,huge-mixed,fixed_quota,1,256k,cl100k_base,262144,16384,2048,243712,205,203,176,3280,3248,242742,242228,1484,0.9939,1.0,1.0,1.0,rag_sla_p1,,,0,,0,,False,False,,0,,34.35,0.193,0.286,0.036334,o200k_base,241230,False,"{""agent"": 16, ""history"": 80, ""memory"": 19, ""rag"": 34, ""security"": 3, ""system"": 2, ""tool_result"": 16, ""tool_schema"": 5, ""user"": 1}","{""agent"": 19456, ""history"": 97280, ""memory"": 24320, ""rag"": 108960, ""security"": 273, ""system"": 349, ""tool_result"": 40256, ""tool_schema"": 221, ""user"": 59}","{""agent"": 36412, ""history"": 72824, ""memory"": 24275, ""rag"": 60686, ""security"": 273, ""system"": 349, ""tool_result"": 48549, ""tool_schema"": 221, ""user"": 59}","{""agent"": 19456, ""history"": 97280, ""memory"": 23104, ""rag"": 61744, ""security"": 273, ""system"": 349, ""tool_result"": 40256, ""tool_schema"": 221, ""user"": 59}",protected first | fixed elastic quotas | spillover in spillover_order | spillover consumed packing leftover,634ef1d16b25ff40b59fe1c2db6bcf60cda7f13f22c50e9b10648568724af81f,98acf9a4b353405c6c0c98b99b151f0323971b34a07948a7e5887338363a183d,"sys_platform,sys_style,sec_tenant,sec_prod,sec_secrets,tool_search_docs,tool_get_incident,tool_list_exceptions,tool_run_query,tool_page_oncall,mem_0000,mem_0001,mem_0002,mem_0003,mem_0004,mem_0005,mem_0006,mem_0007,mem_0008,mem_0009,mem_0010,mem_0011,mem_0012,mem_0013,mem_0014,mem_0015,mem_0016,mem_0017,mem_0018,rag_sla_p1,rag_0000,rag_0001,rag_0002,rag_0004,rag_0005,rag_0006,rag_0007,rag_0008,rag_0009,rag_0010,rag_0011,rag_0012,rag_0013,rag_0014,rag_0015,rag_0016,rag_0017,rag_0018,rag_0019,rag_0020,rag_0021,rag_0022,rag_0023,rag_0024,rag_0025,rag_0026,rag_0027,rag_0028,rag_0029,rag_0030,rag_0031,rag_0032,rag_0033,hist_0000,hist_0001,hist_0002,hist_0003,hist_0004,hist_0005,hist_0006,hist_0007,hist_0008,hist_0009,hist_0010,hist_0011,hist_0012,hist_0013,hist_0014,hist_0015,hist_0016,hist_0017,hist_0018,hist_0019,hist_0020,hist_0021,hist_0022,hist_0023,hist_0024,hist_0025,hist_0026,hist_0027,hist_0028,hist_0029,hist_0030,hist_0031,hist_0032,hist_0033,hist_0034,hist_0035,hist_0036,hist_0037,hist_0038,hist_0039,hist_0040,hist_0041,hist_0042,hist_0043,hist_0044,hist_0045,hist_0046,hist_0047,hist_0048,hist_0049,hist_0050,hist_0051,hist_0052,hist_0053,hist_0054,hist_0055,hist_0056,hist_0057,hist_0058,hist_0059,hist_0060,hist_0061,hist_0062,hist_0063,hist_0064,hist_0065,hist_0066,hist_0067,hist_0068,hist_0069,hist_0070,hist_0071,hist_0072,hist_0073,hist_0074,hist_0075,hist_0076,hist_0077,hist_0078,hist_0079,toolres_0000,toolres_0001,toolres_0002,toolres_0003,toolres_0004,toolres_0005,toolres_0006,toolres_0007,toolres_0008,toolres_0009,toolres_0010,toolres_0011,toolres_0012,toolres_0013,toolres_0014,toolres_0015,agent_0000,agent_0001,agent_0002,agent_0003,agent_0004,agent_0005,agent_0006,agent_0007,agent_0008,agent_0009,agent_0010,agent_0011,agent_0012,agent_0013,agent_0014,agent_0015,user_current"
huge_mixed,Huge mixed overflow,huge-mixed,waterfill,1,256k,cl100k_base,262144,16384,2048,243712,205,203,174,3280,3248,242710,242202,1510,0.9938,1.0,1.0,1.0,rag_sla_p1,,,0,,0,,False,False,,0,,34.682,0.205,0.254,0.03633,o200k_base,241171,False,"{""agent"": 16, ""history"": 73, ""memory"": 20, ""rag"": 38, ""security"": 3, ""system"": 2, ""tool_result"": 16, ""tool_schema"": 5, ""user"": 1}","{""agent"": 19456, ""history"": 97280, ""memory"": 24320, ""rag"": 108960, ""security"": 273, ""system"": 349, ""tool_result"": 40256, ""tool_schema"": 221, ""user"": 59}","{""agent"": 19456, ""history"": 87920, ""memory"": 24320, ""rag"": 70794, ""security"": 273, ""system"": 349, ""tool_result"": 40256, ""tool_schema"": 221, ""user"": 59}","{""agent"": 19456, ""history"": 88768, ""memory"": 24320, ""rag"": 69008, ""security"": 273, ""system"": 349, ""tool_result"": 40256, ""tool_schema"": 221, ""user"": 59}",protected first | elastic floors | weighted water-fill | ceilings | spillover consumed packing leftover under ceilings,4bcf125b7d77712ca93a4b42cee7b12295b5c425fe844d37dbcbc8ba2c276654,b308fb1470ca2a83b8319e91a8910d0b0333ba5eb2846fc459e4e20b361d9b19,"sys_platform,sys_style,sec_tenant,sec_prod,sec_secrets,tool_search_docs,tool_get_incident,tool_list_exceptions,tool_run_query,tool_page_oncall,mem_0000,mem_0001,mem_0002,mem_0003,mem_0004,mem_0005,mem_0006,mem_0007,mem_0008,mem_0009,mem_0010,mem_0011,mem_0012,mem_0013,mem_0014,mem_0015,mem_0016,mem_0017,mem_0018,mem_0019,rag_sla_p1,rag_0000,rag_0001,rag_0002,rag_0004,rag_0005,rag_0006,rag_0007,rag_0008,rag_0009,rag_0010,rag_0011,rag_0012,rag_0013,rag_0014,rag_0015,rag_0016,rag_0017,rag_0018,rag_0019,rag_0020,rag_0021,rag_0022,rag_0023,rag_0024,rag_0025,rag_0026,rag_0027,rag_0028,rag_0029,rag_0030,rag_0031,rag_0032,rag_0033,rag_0034,rag_0035,rag_0036,rag_0037,hist_0000,hist_0008,hist_0009,hist_0010,hist_0011,hist_0012,hist_0013,hist_0014,hist_0015,hist_0016,hist_0017,hist_0018,hist_0019,hist_0020,hist_0021,hist_0022,hist_0023,hist_0024,hist_0025,hist_0026,hist_0027,hist_0028,hist_0029,hist_0030,hist_0031,hist_0032,hist_0033,hist_0034,hist_0035,hist_0036,hist_0037,hist_0038,hist_0039,hist_0040,hist_0041,hist_0042,hist_0043,hist_0044,hist_0045,hist_0046,hist_0047,hist_0048,hist_0049,hist_0050,hist_0051,hist_0052,hist_0053,hist_0054,hist_0055,hist_0056,hist_0057,hist_0058,hist_0059,hist_0060,hist_0061,hist_0062,hist_0063,hist_0064,hist_0065,hist_0066,hist_0067,hist_0068,hist_0069,hist_0070,hist_0071,hist_0072,hist_0073,hist_0074,hist_0075,hist_0076,hist_0077,hist_0078,hist_0079,toolres_0000,toolres_0001,toolres_0002,toolres_0003,toolres_0004,toolres_0005,toolres_0006,toolres_0007,toolres_0008,toolres_0009,toolres_0010,toolres_0011,toolres_0012,toolres_0013,toolres_0014,toolres_0015,agent_0000,agent_0001,agent_0002,agent_0003,agent_0004,agent_0005,agent_0006,agent_0007,agent_0008,agent_0009,agent_0010,agent_0011,agent_0012,agent_0013,agent_0014,agent_0015,user_current"
huge_mixed,Huge mixed overflow,huge-mixed,utility,1,256k,cl100k_base,262144,16384,2048,243712,205,203,177,3280,3248,243648,243125,587,0.9976,1.0,1.0,1.0,rag_sla_p1,,,0,,0,,False,False,,2,"toolres_0008,toolres_0005",34.525,1.634,0.274,0.036469,o200k_base,242020,False,"{""agent"": 15, ""history"": 77, ""memory"": 15, ""rag"": 48, ""security"": 3, ""system"": 2, ""tool_result"": 11, ""tool_schema"": 5, ""user"": 1}","{""agent"": 19456, ""history"": 97280, ""memory"": 24320, ""rag"": 108960, ""security"": 273, ""system"": 349, ""tool_result"": 40256, ""tool_schema"": 221, ""user"": 59}","{""agent"": 19419, ""history"": 93632, ""memory"": 19419, ""rag"": 87168, ""security"": 273, ""system"": 349, ""tool_result"": 25466, ""tool_schema"": 221, ""user"": 59}","{""agent"": 18240, ""history"": 93632, ""memory"": 18240, ""rag"": 87168, ""security"": 273, ""system"": 349, ""tool_result"": 25466, ""tool_schema"": 221, ""user"": 59}",protected first | elastic floors | greedy score packing | ceilings,6bd5a79976916e7e0b369950cfee9eec3dd06658e652f54d337bbc56639f88b4,f0566063307fe26149ced5018f0f33c152c1633747db0e57792ea0628bc57a0a,"sys_platform,sys_style,sec_tenant,sec_prod,sec_secrets,tool_search_docs,tool_get_incident,tool_list_exceptions,tool_run_query,tool_page_oncall,mem_0000,mem_0001,mem_0002,mem_0003,mem_0004,mem_0005,mem_0006,mem_0007,mem_0008,mem_0009,mem_0010,mem_0011,mem_0012,mem_0013,mem_0014,rag_sla_p1,rag_0000,rag_0001,rag_0002,rag_0004,rag_0005,rag_0006,rag_0007,rag_0008,rag_0009,rag_0010,rag_0011,rag_0012,rag_0013,rag_0014,rag_0015,rag_0016,rag_0017,rag_0018,rag_0019,rag_0020,rag_0021,rag_0022,rag_0023,rag_0024,rag_0025,rag_0026,rag_0027,rag_0028,rag_0029,rag_0030,rag_0031,rag_0032,rag_0033,rag_0034,rag_0035,rag_0036,rag_0037,rag_0038,rag_0039,rag_0040,rag_0041,rag_0042,rag_0043,rag_0044,rag_0045,rag_0046,rag_0047,hist_0000,hist_0004,hist_0005,hist_0006,hist_0007,hist_0008,hist_0009,hist_0010,hist_0011,hist_0012,hist_0013,hist_0014,hist_0015,hist_0016,hist_0017,hist_0018,hist_0019,hist_0020,hist_0021,hist_0022,hist_0023,hist_0024,hist_0025,hist_0026,hist_0027,hist_0028,hist_0029,hist_0030,hist_0031,hist_0032,hist_0033,hist_0034,hist_0035,hist_0036,hist_0037,hist_0038,hist_0039,hist_0040,hist_0041,hist_0042,hist_0043,hist_0044,hist_0045,hist_0046,hist_0047,hist_0048,hist_0049,hist_0050,hist_0051,hist_0052,hist_0053,hist_0054,hist_0055,hist_0056,hist_0057,hist_0058,hist_0059,hist_0060,hist_0061,hist_0062,hist_0063,hist_0064,hist_0065,hist_0066,hist_0067,hist_0068,hist_0069,hist_0070,hist_0071,hist_0072,hist_0073,hist_0074,hist_0075,hist_0076,hist_0077,hist_0078,hist_0079,toolres_0005,toolres_0006,toolres_0007,toolres_0008,toolres_0009,toolres_0010,toolres_0011,toolres_0012,toolres_0013,toolres_0014,toolres_0015,agent_0001,agent_0002,agent_0003,agent_0004,agent_0005,agent_0006,agent_0007,agent_0008,agent_0009,agent_0010,agent_0011,agent_0012,agent_0013,agent_0014,agent_0015,user_current"
huge_mixed,Huge mixed overflow,huge-mixed,recency,1,256k,cl100k_base,262144,16384,2048,243712,205,203,173,3280,3248,243294,242789,923,0.9962,1.0,1.0,1.0,rag_sla_p1,,,0,,0,,False,False,,0,,34.426,0.172,0.261,0.036418,o200k_base,241739,False,"{""agent"": 16, ""history"": 80, ""memory"": 9, ""rag"": 41, ""security"": 3, ""system"": 2, ""tool_result"": 16, ""tool_schema"": 5, ""user"": 1}","{""agent"": 19456, ""history"": 97280, ""memory"": 24320, ""rag"": 108960, ""security"": 273, ""system"": 349, ""tool_result"": 40256, ""tool_schema"": 221, ""user"": 59}","{""agent"": 242746, ""history"": 242746, ""memory"": 171154, ""rag"": 171154, ""security"": 273, ""system"": 349, ""tool_result"": 242746, ""tool_schema"": 221, ""user"": 59}","{""agent"": 19456, ""history"": 97280, ""memory"": 10944, ""rag"": 74456, ""security"": 273, ""system"": 349, ""tool_result"": 40256, ""tool_schema"": 221, ""user"": 59}",protected first | live classes newest-first (no oldest-history pin) | knowledge fills remainder by relevance | no elastic floors/ceilings,8bb035f281a1ad69769fdc4a30bfd7ac873c17a8f87a93134bd2b7b1c287e384,c0f6a5f1f4006aaad0937dabd974f8085ea124e51bc9ffb14f57ff5c497e6afb,"sys_platform,sys_style,sec_tenant,sec_prod,sec_secrets,tool_search_docs,tool_get_incident,tool_list_exceptions,tool_run_query,tool_page_oncall,mem_0000,mem_0001,mem_0002,mem_0003,mem_0004,mem_0005,mem_0006,mem_0007,mem_0008,rag_sla_p1,rag_0000,rag_0001,rag_0002,rag_0004,rag_0005,rag_0006,rag_0007,rag_0008,rag_0009,rag_0010,rag_0011,rag_0012,rag_0013,rag_0014,rag_0015,rag_0016,rag_0017,rag_0018,rag_0019,rag_0020,rag_0021,rag_0022,rag_0023,rag_0024,rag_0025,rag_0026,rag_0027,rag_0028,rag_0029,rag_0030,rag_0031,rag_0032,rag_0033,rag_0034,rag_0035,rag_0036,rag_0037,rag_0038,rag_0039,rag_0040,hist_0000,hist_0001,hist_0002,hist_0003,hist_0004,hist_0005,hist_0006,hist_0007,hist_0008,hist_0009,hist_0010,hist_0011,hist_0012,hist_0013,hist_0014,hist_0015,hist_0016,hist_0017,hist_0018,hist_0019,hist_0020,hist_0021,hist_0022,hist_0023,hist_0024,hist_0025,hist_0026,hist_0027,hist_0028,hist_0029,hist_0030,hist_0031,hist_0032,hist_0033,hist_0034,hist_0035,hist_0036,hist_0037,hist_0038,hist_0039,hist_0040,hist_0041,hist_0042,hist_0043,hist_0044,hist_0045,hist_0046,hist_0047,hist_0048,hist_0049,hist_0050,hist_0051,hist_0052,hist_0053,hist_0054,hist_0055,hist_0056,hist_0057,hist_0058,hist_0059,hist_0060,hist_0061,hist_0062,hist_0063,hist_0064,hist_0065,hist_0066,hist_0067,hist_0068,hist_0069,hist_0070,hist_0071,hist_0072,hist_0073,hist_0074,hist_0075,hist_0076,hist_0077,hist_0078,hist_0079,toolres_0000,toolres_0001,toolres_0002,toolres_0003,toolres_0004,toolres_0005,toolres_0006,toolres_0007,toolres_0008,toolres_0009,toolres_0010,toolres_0011,toolres_0012,toolres_0013,toolres_0014,toolres_0015,agent_0000,agent_0001,agent_0002,agent_0003,agent_0004,agent_0005,agent_0006,agent_0007,agent_0008,agent_0009,agent_0010,agent_0011,agent_0012,agent_0013,agent_0014,agent_0015,user_current"
knowledge_vs_recency,"Answer in knowledge, pressure from recent chat",knowledge-vs-recency,fixed_quota,1,32k,cl100k_base,32768,4096,512,28160,84,82,41,1344,1312,27589,27461,699,0.9752,1.0,1.0,1.0,rag_sla_p1,,,0,,0,,False,False,,0,,7.817,0.089,0.035,0.004119,o200k_base,27390,False,"{""history"": 29, ""rag"": 1, ""security"": 3, ""system"": 2, ""tool_schema"": 5, ""user"": 1}","{""agent"": 0, ""history"": 64120, ""memory"": 0, ""rag"": 145, ""security"": 273, ""system"": 349, ""tool_result"": 0, ""tool_schema"": 221, ""user"": 37}","{""agent"": 4082, ""history"": 8165, ""memory"": 2722, ""rag"": 6804, ""security"": 273, ""system"": 349, ""tool_result"": 5443, ""tool_schema"": 221, ""user"": 37}","{""history"": 26564, ""rag"": 145, ""security"": 273, ""system"": 349, ""tool_schema"": 221, ""user"": 37}",protected first | fixed elastic quotas | spillover in spillover_order | spillover consumed packing leftover,fa75934df78a50fd94da9e7a8edb2270c3d51761e306548a655695fe1e67a181,532fe38f02761d1aba7c23bc32d352239b0ce2ecc7d032b4315a0ccf2c6a049f,"sys_platform,sys_style,sec_tenant,sec_prod,sec_secrets,tool_search_docs,tool_get_incident,tool_list_exceptions,tool_run_query,tool_page_oncall,rag_sla_p1,hist_0000,hist_0042,hist_0043,hist_0044,hist_0045,hist_0046,hist_0047,hist_0048,hist_0049,hist_0050,hist_0051,hist_0052,hist_0053,hist_0054,hist_0055,hist_0056,hist_0057,hist_0058,hist_0059,hist_0060,hist_0061,hist_0062,hist_0063,hist_0064,hist_0065,hist_0066,hist_0067,hist_0068,hist_0069,user_current"
knowledge_vs_recency,"Answer in knowledge, pressure from recent chat",knowledge-vs-recency,waterfill,1,32k,cl100k_base,32768,4096,512,28160,84,82,26,1344,1312,13849,13766,14394,0.4888,1.0,1.0,1.0,rag_sla_p1,,,0,,0,,False,False,,0,,7.884,0.088,0.019,0.002065,o200k_base,13738,False,"{""history"": 14, ""rag"": 1, ""security"": 3, ""system"": 2, ""tool_schema"": 5, ""user"": 1}","{""agent"": 0, ""history"": 64120, ""memory"": 0, ""rag"": 145, ""security"": 273, ""system"": 349, ""tool_result"": 0, ""tool_schema"": 221, ""user"": 37}","{""agent"": 0, ""history"": 13608, ""memory"": 0, ""rag"": 145, ""security"": 273, ""system"": 349, ""tool_result"": 0, ""tool_schema"": 221, ""user"": 37}","{""history"": 12824, ""rag"": 145, ""security"": 273, ""system"": 349, ""tool_schema"": 221, ""user"": 37}",protected first | elastic floors | weighted water-fill | ceilings,c8f9e62bb22e69f6b060546f7d241dcc0ad16b6d75cd234913f848ee32f5f7d0,f3845197f4494fecdd16a4ef0abfd1eb860ede14e9bfa16d156a89747159a915,"sys_platform,sys_style,sec_tenant,sec_prod,sec_secrets,tool_search_docs,tool_get_incident,tool_list_exceptions,tool_run_query,tool_page_oncall,rag_sla_p1,hist_0000,hist_0057,hist_0058,hist_0059,hist_0060,hist_0061,hist_0062,hist_0063,hist_0064,hist_0065,hist_0066,hist_0067,hist_0068,hist_0069,user_current"
knowledge_vs_recency,"Answer in knowledge, pressure from recent chat",knowledge-vs-recency,utility,1,32k,cl100k_base,32768,4096,512,28160,84,82,26,1344,1312,13849,13766,14394,0.4888,1.0,1.0,1.0,rag_sla_p1,,,0,,0,,False,False,,0,,7.824,0.194,0.02,0.002065,o200k_base,13738,False,"{""history"": 14, ""rag"": 1, ""security"": 3, ""system"": 2, ""tool_schema"": 5, ""user"": 1}","{""agent"": 0, ""history"": 64120, ""memory"": 0, ""rag"": 145, ""security"": 273, ""system"": 349, ""tool_result"": 0, ""tool_schema"": 221, ""user"": 37}","{""agent"": 0, ""history"": 12824, ""memory"": 0, ""rag"": 145, ""security"": 273, ""system"": 349, ""tool_result"": 0, ""tool_schema"": 221, ""user"": 37}","{""history"": 12824, ""rag"": 145, ""security"": 273, ""system"": 349, ""tool_schema"": 221, ""user"": 37}",protected first | elastic floors | greedy score packing | ceilings,c8f9e62bb22e69f6b060546f7d241dcc0ad16b6d75cd234913f848ee32f5f7d0,2e13772d3a0e122271ef39272a77be0cb79b94a5868861483455453636ca704c,"sys_platform,sys_style,sec_tenant,sec_prod,sec_secrets,tool_search_docs,tool_get_incident,tool_list_exceptions,tool_run_query,tool_page_oncall,rag_sla_p1,hist_0000,hist_0057,hist_0058,hist_0059,hist_0060,hist_0061,hist_0062,hist_0063,hist_0064,hist_0065,hist_0066,hist_0067,hist_0068,hist_0069,user_current"
knowledge_vs_recency,"Answer in knowledge, pressure from recent chat",knowledge-vs-recency,recency,1,32k,cl100k_base,32768,4096,512,28160,84,82,41,1344,1312,27589,27461,699,0.9752,1.0,1.0,1.0,rag_sla_p1,,,0,,0,,False,False,,0,,7.936,0.068,0.034,0.004119,o200k_base,27390,False,"{""history"": 29, ""rag"": 1, ""security"": 3, ""system"": 2, ""tool_schema"": 5, ""user"": 1}","{""agent"": 0, ""history"": 64120, ""memory"": 0, ""rag"": 145, ""security"": 273, ""system"": 349, ""tool_result"": 0, ""tool_schema"": 221, ""user"": 37}","{""agent"": 27216, ""history"": 27216, ""memory"": 797, ""rag"": 797, ""security"": 273, ""system"": 349, ""tool_result"": 27216, ""tool_schema"": 221, ""user"": 37}","{""history"": 26564, ""rag"": 145, ""security"": 273, ""system"": 349, ""tool_schema"": 221, ""user"": 37}",protected first | live classes newest-first (no oldest-history pin) | knowledge fills remainder by relevance | no elastic floors/ceilings,0e642b49ac4a352398c94756d09ca37133b1a9aff22f6d18b08b67e7329729e1,59b1fb4d774936d3bb44f16336b10a7b72063571cda8fd98adf3394a79d97bbe,"sys_platform,sys_style,sec_tenant,sec_prod,sec_secrets,tool_search_docs,tool_get_incident,tool_list_exceptions,tool_run_query,tool_page_oncall,rag_sla_p1,hist_0041,hist_0042,hist_0043,hist_0044,hist_0045,hist_0046,hist_0047,hist_0048,hist_0049,hist_0050,hist_0051,hist_0052,hist_0053,hist_0054,hist_0055,hist_0056,hist_0057,hist_0058,hist_0059,hist_0060,hist_0061,hist_0062,hist_0063,hist_0064,hist_0065,hist_0066,hist_0067,hist_0068,hist_0069,user_current"
knowledge_vs_recency,"Answer in knowledge, pressure from recent chat",knowledge-vs-recency,fixed_quota,1,64k,cl100k_base,65536,8192,1024,56320,84,82,72,1344,1312,55985,55760,560,0.9901,1.0,1.0,1.0,rag_sla_p1,,,0,,0,,False,False,,0,,7.906,0.089,0.07,0.008364,o200k_base,55633,False,"{""history"": 60, ""rag"": 1, ""security"": 3, ""system"": 2, ""tool_schema"": 5, ""user"": 1}","{""agent"": 0, ""history"": 64120, ""memory"": 0, ""rag"": 145, ""security"": 273, ""system"": 349, ""tool_result"": 0, ""tool_schema"": 221, ""user"": 37}","{""agent"": 8306, ""history"": 16613, ""memory"": 5538, ""rag"": 13844, ""security"": 273, ""system"": 349, ""tool_result"": 11075, ""tool_schema"": 221, ""user"": 37}","{""history"": 54960, ""rag"": 145, ""security"": 273, ""system"": 349, ""tool_schema"": 221, ""user"": 37}",protected first | fixed elastic quotas | spillover in spillover_order | spillover consumed packing leftover,fc299b80cef8a162b1cc89321fc1b1b2e2ff5c06ac8ad51a0f2307e5b3012f75,1e48652119a0381026d25002ff4a216181de09471e58a88c206c3454ced1d039,"sys_platform,sys_style,sec_tenant,sec_prod,sec_secrets,tool_search_docs,tool_get_incident,tool_list_exceptions,tool_run_query,tool_page_oncall,rag_sla_p1,hist_0000,hist_0011,hist_0012,hist_0013,hist_0014,hist_0015,hist_0016,hist_0017,hist_0018,hist_0019,hist_0020,hist_0021,hist_0022,hist_0023,hist_0024,hist_0025,hist_0026,hist_0027,hist_0028,hist_0029,hist_0030,hist_0031,hist_0032,hist_0033,hist_0034,hist_0035,hist_0036,hist_0037,hist_0038,hist_0039,hist_0040,hist_0041,hist_0042,hist_0043,hist_0044,hist_0045,hist_0046,hist_0047,hist_0048,hist_0049,hist_0050,hist_0051,hist_0052,hist_0053,hist_0054,hist_0055,hist_0056,hist_0057,hist_0058,hist_0059,hist_0060,hist_0061,hist_0062,hist_0063,hist_0064,hist_0065,hist_0066,hist_0067,hist_0068,hist_0069,user_current"
knowledge_vs_recency,"Answer in knowledge, pressure from recent chat",knowledge-vs-recency,waterfill,1,64k,cl100k_base,65536,8192,1024,56320,84,82,42,1344,1312,28505,28374,27946,0.5038,1.0,1.0,1.0,rag_sla_p1,,,0,,0,,False,False,,0,,7.851,0.084,0.034,0.004256,o200k_base,28302,False,"{""history"": 30, ""rag"": 1, ""security"": 3, ""system"": 2, ""tool_schema"": 5, ""user"": 1}","{""agent"": 0, ""history"": 64120, ""memory"": 0, ""rag"": 145, ""security"": 273, ""system"": 349, ""tool_result"": 0, ""tool_schema"": 221, ""user"": 37}","{""agent"": 0, ""history"": 27688, ""memory"": 0, ""rag"": 145, ""security"": 273, ""system"": 349, ""tool_result"": 0, ""tool_schema"": 221, ""user"": 37}","{""history"": 27480, ""rag"": 145, ""security"": 273, ""system"": 349, ""tool_schema"": 221, ""user"": 37}",protected first | elastic floors | weighted water-fill | ceilings,e01e5b0f11677344992b9e699a25166d38cd7696bcc9010af93f684a97c5d0a0,16fc2ce19ae4136e023905e537f66d0ce22d26677b2674da75ba474e261a1bea,"sys_platform,sys_style,sec_tenant,sec_prod,sec_secrets,tool_search_docs,tool_get_incident,tool_list_exceptions,tool_run_query,tool_page_oncall,rag_sla_p1,hist_0000,hist_0041,hist_0042,hist_0043,hist_0044,hist_0045,hist_0046,hist_0047,hist_0048,hist_0049,hist_0050,hist_0051,hist_0052,hist_0053,hist_0054,hist_0055,hist_0056,hist_0057,hist_0058,hist_0059,hist_0060,hist_0061,hist_0062,hist_0063,hist_0064,hist_0065,hist_0066,hist_0067,hist_0068,hist_0069,user_current"
knowledge_vs_recency,"Answer in knowledge, pressure from recent chat",knowledge-vs-recency,utility,1,64k,cl100k_base,65536,8192,1024,56320,84,82,42,1344,1312,28505,28374,27946,0.5038,1.0,1.0,1.0,rag_sla_p1,,,0,,0,,False,False,,0,,7.9,0.185,0.033,0.004256,o200k_base,28302,False,"{""history"": 30, ""rag"": 1, ""security"": 3, ""system"": 2, ""tool_schema"": 5, ""user"": 1}","{""agent"": 0, ""history"": 64120, ""memory"": 0, ""rag"": 145, ""security"": 273, ""system"": 349, ""tool_result"": 0, ""tool_schema"": 221, ""user"": 37}","{""agent"": 0, ""history"": 27480, ""memory"": 0, ""rag"": 145, ""security"": 273, ""system"": 349, ""tool_result"": 0, ""tool_schema"": 221, ""user"": 37}","{""history"": 27480, ""rag"": 145, ""security"": 273, ""system"": 349, ""tool_schema"": 221, ""user"": 37}",protected first | elastic floors | greedy score packing | ceilings,e01e5b0f11677344992b9e699a25166d38cd7696bcc9010af93f684a97c5d0a0,cf7cc29aa4efb74f556bf146edd18846614c49cbe75b92595176c0fe73139d2a,"sys_platform,sys_style,sec_tenant,sec_prod,sec_secrets,tool_search_docs,tool_get_incident,tool_list_exceptions,tool_run_query,tool_page_oncall,rag_sla_p1,hist_0000,hist_0041,hist_0042,hist_0043,hist_0044,hist_0045,hist_0046,hist_0047,hist_0048,hist_0049,hist_0050,hist_0051,hist_0052,hist_0053,hist_0054,hist_0055,hist_0056,hist_0057,hist_0058,hist_0059,hist_0060,hist_0061,hist_0062,hist_0063,hist_0064,hist_0065,hist_0066,hist_0067,hist_0068,hist_0069,user_current"
knowledge_vs_recency,"Answer in knowledge, pressure from recent chat",knowledge-vs-recency,recency,1,64k,cl100k_base,65536,8192,1024,56320,84,82,72,1344,1312,55985,55760,560,0.9901,1.0,1.0,1.0,rag_sla_p1,,,0,,0,,False,False,,0,,7.874,0.079,0.06,0.008364,o200k_base,55633,False,"{""history"": 60, ""rag"": 1, ""security"": 3, ""system"": 2, ""tool_schema"": 5, ""user"": 1}","{""agent"": 0, ""history"": 64120, ""memory"": 0, ""rag"": 145, ""security"": 273, ""system"": 349, ""tool_result"": 0, ""tool_schema"": 221, ""user"": 37}","{""agent"": 55376, ""history"": 55376, ""memory"": 561, ""rag"": 561, ""security"": 273, ""system"": 349, ""tool_result"": 55376, ""tool_schema"": 221, ""user"": 37}","{""history"": 54960, ""rag"": 145, ""security"": 273, ""system"": 349, ""tool_schema"": 221, ""user"": 37}",protected first | live classes newest-first (no oldest-history pin) | knowledge fills remainder by relevance | no elastic floors/ceilings,4a4e34b6a2d8acb87ac7947d7cc81612af79c00d7a813a071f0284b2a7a150b2,ccd142d5de1eaad6930ef13228d1edf4a94a7e9d82570ac8c3d8864097754875,"sys_platform,sys_style,sec_tenant,sec_prod,sec_secrets,tool_search_docs,tool_get_incident,tool_list_exceptions,tool_run_query,tool_page_oncall,rag_sla_p1,hist_0010,hist_0011,hist_0012,hist_0013,hist_0014,hist_0015,hist_0016,hist_0017,hist_0018,hist_0019,hist_0020,hist_0021,hist_0022,hist_0023,hist_0024,hist_0025,hist_0026,hist_0027,hist_0028,hist_0029,hist_0030,hist_0031,hist_0032,hist_0033,hist_0034,hist_0035,hist_0036,hist_0037,hist_0038,hist_0039,hist_0040,hist_0041,hist_0042,hist_0043,hist_0044,hist_0045,hist_0046,hist_0047,hist_0048,hist_0049,hist_0050,hist_0051,hist_0052,hist_0053,hist_0054,hist_0055,hist_0056,hist_0057,hist_0058,hist_0059,hist_0060,hist_0061,hist_0062,hist_0063,hist_0064,hist_0065,hist_0066,hist_0067,hist_0068,hist_0069,user_current"
knowledge_vs_recency,"Answer in knowledge, pressure from recent chat",knowledge-vs-recency,fixed_quota,1,128k,cl100k_base,131072,8192,2048,120832,84,82,82,1344,1312,65145,64889,55943,0.537,1.0,1.0,1.0,rag_sla_p1,,,0,,0,,False,False,,0,,7.98,0.087,0.078,0.009733,o200k_base,64716,False,"{""history"": 70, ""rag"": 1, ""security"": 3, ""system"": 2, ""tool_schema"": 5, ""user"": 1}","{""agent"": 0, ""history"": 64120, ""memory"": 0, ""rag"": 145, ""security"": 273, ""system"": 349, ""tool_result"": 0, ""tool_schema"": 221, ""user"": 37}","{""agent"": 17983, ""history"": 35966, ""memory"": 11989, ""rag"": 29972, ""security"": 273, ""system"": 349, ""tool_result"": 23978, ""tool_schema"": 221, ""user"": 37}","{""history"": 64120, ""rag"": 145, ""security"": 273, ""system"": 349, ""tool_schema"": 221, ""user"": 37}",protected first | fixed elastic quotas | spillover in spillover_order | spillover consumed packing leftover,45a4769bcb578b0eb41b05023054de2360d2c50bb5804d31e0f0fc95be8f87e4,b7a8f93c59e39a26d7bd3ba1782621544586c4d08440d9372a9ca559758ec921,"sys_platform,sys_style,sec_tenant,sec_prod,sec_secrets,tool_search_docs,tool_get_incident,tool_list_exceptions,tool_run_query,tool_page_oncall,rag_sla_p1,hist_0000,hist_0001,hist_0002,hist_0003,hist_0004,hist_0005,hist_0006,hist_0007,hist_0008,hist_0009,hist_0010,hist_0011,hist_0012,hist_0013,hist_0014,hist_0015,hist_0016,hist_0017,hist_0018,hist_0019,hist_0020,hist_0021,hist_0022,hist_0023,hist_0024,hist_0025,hist_0026,hist_0027,hist_0028,hist_0029,hist_0030,hist_0031,hist_0032,hist_0033,hist_0034,hist_0035,hist_0036,hist_0037,hist_0038,hist_0039,hist_0040,hist_0041,hist_0042,hist_0043,hist_0044,hist_0045,hist_0046,hist_0047,hist_0048,hist_0049,hist_0050,hist_0051,hist_0052,hist_0053,hist_0054,hist_0055,hist_0056,hist_0057,hist_0058,hist_0059,hist_0060,hist_0061,hist_0062,hist_0063,hist_0064,hist_0065,hist_0066,hist_0067,hist_0068,hist_0069,user_current"
knowledge_vs_recency,"Answer in knowledge, pressure from recent chat",knowledge-vs-recency,waterfill,1,128k,cl100k_base,131072,8192,2048,120832,84,82,77,1344,1312,60565,60324,60508,0.4992,1.0,1.0,1.0,rag_sla_p1,,,0,,0,,False,False,,0,,7.885,0.095,0.067,0.009049,o200k_base,60181,False,"{""history"": 65, ""rag"": 1, ""security"": 3, ""system"": 2, ""tool_schema"": 5, ""user"": 1}","{""agent"": 0, ""history"": 64120, ""memory"": 0, ""rag"": 145, ""security"": 273, ""system"": 349, ""tool_result"": 0, ""tool_schema"": 221, ""user"": 37}","{""agent"": 0, ""history"": 59944, ""memory"": 0, ""rag"": 145, ""security"": 273, ""system"": 349, ""tool_result"": 0, ""tool_schema"": 221, ""user"": 37}","{""history"": 59540, ""rag"": 145, ""security"": 273, ""system"": 349, ""tool_schema"": 221, ""user"": 37}",protected first | elastic floors | weighted water-fill | ceilings,be3f9b5baafce674a703d50f2ba8c18dc6e646da2a8776b9b88f820e25614654,d536e3fa47c7414a3ba68f44f21f63770463ddc6350c161813937a2aa4d122ae,"sys_platform,sys_style,sec_tenant,sec_prod,sec_secrets,tool_search_docs,tool_get_incident,tool_list_exceptions,tool_run_query,tool_page_oncall,rag_sla_p1,hist_0000,hist_0006,hist_0007,hist_0008,hist_0009,hist_0010,hist_0011,hist_0012,hist_0013,hist_0014,hist_0015,hist_0016,hist_0017,hist_0018,hist_0019,hist_0020,hist_0021,hist_0022,hist_0023,hist_0024,hist_0025,hist_0026,hist_0027,hist_0028,hist_0029,hist_0030,hist_0031,hist_0032,hist_0033,hist_0034,hist_0035,hist_0036,hist_0037,hist_0038,hist_0039,hist_0040,hist_0041,hist_0042,hist_0043,hist_0044,hist_0045,hist_0046,hist_0047,hist_0048,hist_0049,hist_0050,hist_0051,hist_0052,hist_0053,hist_0054,hist_0055,hist_0056,hist_0057,hist_0058,hist_0059,hist_0060,hist_0061,hist_0062,hist_0063,hist_0064,hist_0065,hist_0066,hist_0067,hist_0068,hist_0069,user_current"
knowledge_vs_recency,"Answer in knowledge, pressure from recent chat",knowledge-vs-recency,utility,1,128k,cl100k_base,131072,8192,2048,120832,84,82,77,1344,1312,60565,60324,60508,0.4992,1.0,1.0,1.0,rag_sla_p1,,,0,,0,,False,False,,0,,7.886,0.192,0.066,0.009049,o200k_base,60181,False,"{""history"": 65, ""rag"": 1, ""security"": 3, ""system"": 2, ""tool_schema"": 5, ""user"": 1}","{""agent"": 0, ""history"": 64120, ""memory"": 0, ""rag"": 145, ""security"": 273, ""system"": 349, ""tool_result"": 0, ""tool_schema"": 221, ""user"": 37}","{""agent"": 0, ""history"": 59540, ""memory"": 0, ""rag"": 145, ""security"": 273, ""system"": 349, ""tool_result"": 0, ""tool_schema"": 221, ""user"": 37}","{""history"": 59540, ""rag"": 145, ""security"": 273, ""system"": 349, ""tool_schema"": 221, ""user"": 37}",protected first | elastic floors | greedy score packing | ceilings,be3f9b5baafce674a703d50f2ba8c18dc6e646da2a8776b9b88f820e25614654,a5639856f4f5d7c2f5b88fd7f4ab50d821eacca3daa61969d32a452b4c27bbc3,"sys_platform,sys_style,sec_tenant,sec_prod,sec_secrets,tool_search_docs,tool_get_incident,tool_list_exceptions,tool_run_query,tool_page_oncall,rag_sla_p1,hist_0000,hist_0006,hist_0007,hist_0008,hist_0009,hist_0010,hist_0011,hist_0012,hist_0013,hist_0014,hist_0015,hist_0016,hist_0017,hist_0018,hist_0019,hist_0020,hist_0021,hist_0022,hist_0023,hist_0024,hist_0025,hist_0026,hist_0027,hist_0028,hist_0029,hist_0030,hist_0031,hist_0032,hist_0033,hist_0034,hist_0035,hist_0036,hist_0037,hist_0038,hist_0039,hist_0040,hist_0041,hist_0042,hist_0043,hist_0044,hist_0045,hist_0046,hist_0047,hist_0048,hist_0049,hist_0050,hist_0051,hist_0052,hist_0053,hist_0054,hist_0055,hist_0056,hist_0057,hist_0058,hist_0059,hist_0060,hist_0061,hist_0062,hist_0063,hist_0064,hist_0065,hist_0066,hist_0067,hist_0068,hist_0069,user_current"
knowledge_vs_recency,"Answer in knowledge, pressure from recent chat",knowledge-vs-recency,recency,1,128k,cl100k_base,131072,8192,2048,120832,84,82,82,1344,1312,65145,64889,55943,0.537,1.0,1.0,1.0,rag_sla_p1,,,0,,0,,False,False,,0,,7.883,0.073,0.069,0.009733,o200k_base,64716,False,"{""history"": 70, ""rag"": 1, ""security"": 3, ""system"": 2, ""tool_schema"": 5, ""user"": 1}","{""agent"": 0, ""history"": 64120, ""memory"": 0, ""rag"": 145, ""security"": 273, ""system"": 349, ""tool_result"": 0, ""tool_schema"": 221, ""user"": 37}","{""agent"": 119888, ""history"": 119888, ""memory"": 55913, ""rag"": 55913, ""security"": 273, ""system"": 349, ""tool_result"": 119888, ""tool_schema"": 221, ""user"": 37}","{""history"": 64120, ""rag"": 145, ""security"": 273, ""system"": 349, ""tool_schema"": 221, ""user"": 37}",protected first | live classes newest-first (no oldest-history pin) | knowledge fills remainder by relevance | no elastic floors/ceilings,45a4769bcb578b0eb41b05023054de2360d2c50bb5804d31e0f0fc95be8f87e4,4852ce3b071d787f9518a61aaeb43474ec5c07a3f8e240ead8634788fc95727a,"sys_platform,sys_style,sec_tenant,sec_prod,sec_secrets,tool_search_docs,tool_get_incident,tool_list_exceptions,tool_run_query,tool_page_oncall,rag_sla_p1,hist_0000,hist_0001,hist_0002,hist_0003,hist_0004,hist_0005,hist_0006,hist_0007,hist_0008,hist_0009,hist_0010,hist_0011,hist_0012,hist_0013,hist_0014,hist_0015,hist_0016,hist_0017,hist_0018,hist_0019,hist_0020,hist_0021,hist_0022,hist_0023,hist_0024,hist_0025,hist_0026,hist_0027,hist_0028,hist_0029,hist_0030,hist_0031,hist_0032,hist_0033,hist_0034,hist_0035,hist_0036,hist_0037,hist_0038,hist_0039,hist_0040,hist_0041,hist_0042,hist_0043,hist_0044,hist_0045,hist_0046,hist_0047,hist_0048,hist_0049,hist_0050,hist_0051,hist_0052,hist_0053,hist_0054,hist_0055,hist_0056,hist_0057,hist_0058,hist_0059,hist_0060,hist_0061,hist_0062,hist_0063,hist_0064,hist_0065,hist_0066,hist_0067,hist_0068,hist_0069,user_current"
knowledge_vs_recency,"Answer in knowledge, pressure from recent chat",knowledge-vs-recency,fixed_quota,1,256k,cl100k_base,262144,16384,2048,243712,84,82,82,1344,1312,65145,64889,178823,0.2663,1.0,1.0,1.0,rag_sla_p1,,,0,,0,,False,False,,0,,7.862,0.086,0.07,0.009733,o200k_base,64716,False,"{""history"": 70, ""rag"": 1, ""security"": 3, ""system"": 2, ""tool_schema"": 5, ""user"": 1}","{""agent"": 0, ""history"": 64120, ""memory"": 0, ""rag"": 145, ""security"": 273, ""system"": 349, ""tool_result"": 0, ""tool_schema"": 221, ""user"": 37}","{""agent"": 36415, ""history"": 72830, ""memory"": 24277, ""rag"": 60692, ""security"": 273, ""system"": 349, ""tool_result"": 48554, ""tool_schema"": 221, ""user"": 37}","{""history"": 64120, ""rag"": 145, ""security"": 273, ""system"": 349, ""tool_schema"": 221, ""user"": 37}",protected first | fixed elastic quotas | spillover in spillover_order,45a4769bcb578b0eb41b05023054de2360d2c50bb5804d31e0f0fc95be8f87e4,b7a8f93c59e39a26d7bd3ba1782621544586c4d08440d9372a9ca559758ec921,"sys_platform,sys_style,sec_tenant,sec_prod,sec_secrets,tool_search_docs,tool_get_incident,tool_list_exceptions,tool_run_query,tool_page_oncall,rag_sla_p1,hist_0000,hist_0001,hist_0002,hist_0003,hist_0004,hist_0005,hist_0006,hist_0007,hist_0008,hist_0009,hist_0010,hist_0011,hist_0012,hist_0013,hist_0014,hist_0015,hist_0016,hist_0017,hist_0018,hist_0019,hist_0020,hist_0021,hist_0022,hist_0023,hist_0024,hist_0025,hist_0026,hist_0027,hist_0028,hist_0029,hist_0030,hist_0031,hist_0032,hist_0033,hist_0034,hist_0035,hist_0036,hist_0037,hist_0038,hist_0039,hist_0040,hist_0041,hist_0042,hist_0043,hist_0044,hist_0045,hist_0046,hist_0047,hist_0048,hist_0049,hist_0050,hist_0051,hist_0052,hist_0053,hist_0054,hist_0055,hist_0056,hist_0057,hist_0058,hist_0059,hist_0060,hist_0061,hist_0062,hist_0063,hist_0064,hist_0065,hist_0066,hist_0067,hist_0068,hist_0069,user_current"
knowledge_vs_recency,"Answer in knowledge, pressure from recent chat",knowledge-vs-recency,waterfill,1,256k,cl100k_base,262144,16384,2048,243712,84,82,82,1344,1312,65145,64889,178823,0.2663,1.0,1.0,1.0,rag_sla_p1,,,0,,0,,False,False,,0,,7.861,0.091,0.068,0.009733,o200k_base,64716,False,"{""history"": 70, ""rag"": 1, ""security"": 3, ""system"": 2, ""tool_schema"": 5, ""user"": 1}","{""agent"": 0, ""history"": 64120, ""memory"": 0, ""rag"": 145, ""security"": 273, ""system"": 349, ""tool_result"": 0, ""tool_schema"": 221, ""user"": 37}","{""agent"": 0, ""history"": 64120, ""memory"": 0, ""rag"": 145, ""security"": 273, ""system"": 349, ""tool_result"": 0, ""tool_schema"": 221, ""user"": 37}","{""history"": 64120, ""rag"": 145, ""security"": 273, ""system"": 349, ""tool_schema"": 221, ""user"": 37}",protected first | elastic floors | weighted water-fill | ceilings,45a4769bcb578b0eb41b05023054de2360d2c50bb5804d31e0f0fc95be8f87e4,8e948db3aa01acf5ca1b71904ec7e09587d9ac2e06ea999e63de050a932023e5,"sys_platform,sys_style,sec_tenant,sec_prod,sec_secrets,tool_search_docs,tool_get_incident,tool_list_exceptions,tool_run_query,tool_page_oncall,rag_sla_p1,hist_0000,hist_0001,hist_0002,hist_0003,hist_0004,hist_0005,hist_0006,hist_0007,hist_0008,hist_0009,hist_0010,hist_0011,hist_0012,hist_0013,hist_0014,hist_0015,hist_0016,hist_0017,hist_0018,hist_0019,hist_0020,hist_0021,hist_0022,hist_0023,hist_0024,hist_0025,hist_0026,hist_0027,hist_0028,hist_0029,hist_0030,hist_0031,hist_0032,hist_0033,hist_0034,hist_0035,hist_0036,hist_0037,hist_0038,hist_0039,hist_0040,hist_0041,hist_0042,hist_0043,hist_0044,hist_0045,hist_0046,hist_0047,hist_0048,hist_0049,hist_0050,hist_0051,hist_0052,hist_0053,hist_0054,hist_0055,hist_0056,hist_0057,hist_0058,hist_0059,hist_0060,hist_0061,hist_0062,hist_0063,hist_0064,hist_0065,hist_0066,hist_0067,hist_0068,hist_0069,user_current"
knowledge_vs_recency,"Answer in knowledge, pressure from recent chat",knowledge-vs-recency,utility,1,256k,cl100k_base,262144,16384,2048,243712,84,82,82,1344,1312,65145,64889,178823,0.2663,1.0,1.0,1.0,rag_sla_p1,,,0,,0,,False,False,,0,,7.816,0.169,0.069,0.009733,o200k_base,64716,False,"{""history"": 70, ""rag"": 1, ""security"": 3, ""system"": 2, ""tool_schema"": 5, ""user"": 1}","{""agent"": 0, ""history"": 64120, ""memory"": 0, ""rag"": 145, ""security"": 273, ""system"": 349, ""tool_result"": 0, ""tool_schema"": 221, ""user"": 37}","{""agent"": 0, ""history"": 64120, ""memory"": 0, ""rag"": 145, ""security"": 273, ""system"": 349, ""tool_result"": 0, ""tool_schema"": 221, ""user"": 37}","{""history"": 64120, ""rag"": 145, ""security"": 273, ""system"": 349, ""tool_schema"": 221, ""user"": 37}",protected first | elastic floors | greedy score packing | ceilings,45a4769bcb578b0eb41b05023054de2360d2c50bb5804d31e0f0fc95be8f87e4,9514690a81f4cadf673876742c72168ae5ab83f9af72359a1ddd6dd2f5d6817b,"sys_platform,sys_style,sec_tenant,sec_prod,sec_secrets,tool_search_docs,tool_get_incident,tool_list_exceptions,tool_run_query,tool_page_oncall,rag_sla_p1,hist_0000,hist_0001,hist_0002,hist_0003,hist_0004,hist_0005,hist_0006,hist_0007,hist_0008,hist_0009,hist_0010,hist_0011,hist_0012,hist_0013,hist_0014,hist_0015,hist_0016,hist_0017,hist_0018,hist_0019,hist_0020,hist_0021,hist_0022,hist_0023,hist_0024,hist_0025,hist_0026,hist_0027,hist_0028,hist_0029,hist_0030,hist_0031,hist_0032,hist_0033,hist_0034,hist_0035,hist_0036,hist_0037,hist_0038,hist_0039,hist_0040,hist_0041,hist_0042,hist_0043,hist_0044,hist_0045,hist_0046,hist_0047,hist_0048,hist_0049,hist_0050,hist_0051,hist_0052,hist_0053,hist_0054,hist_0055,hist_0056,hist_0057,hist_0058,hist_0059,hist_0060,hist_0061,hist_0062,hist_0063,hist_0064,hist_0065,hist_0066,hist_0067,hist_0068,hist_0069,user_current"
knowledge_vs_recency,"Answer in knowledge, pressure from recent chat",knowledge-vs-recency,recency,1,256k,cl100k_base,262144,16384,2048,243712,84,82,82,1344,1312,65145,64889,178823,0.2663,1.0,1.0,1.0,rag_sla_p1,,,0,,0,,False,False,,0,,7.828,0.073,0.069,0.009733,o200k_base,64716,False,"{""history"": 70, ""rag"": 1, ""security"": 3, ""system"": 2, ""tool_schema"": 5, ""user"": 1}","{""agent"": 0, ""history"": 64120, ""memory"": 0, ""rag"": 145, ""security"": 273, ""system"": 349, ""tool_result"": 0, ""tool_schema"": 221, ""user"": 37}","{""agent"": 242768, ""history"": 242768, ""memory"": 178793, ""rag"": 178793, ""security"": 273, ""system"": 349, ""tool_result"": 242768, ""tool_schema"": 221, ""user"": 37}","{""history"": 64120, ""rag"": 145, ""security"": 273, ""system"": 349, ""tool_schema"": 221, ""user"": 37}",protected first | live classes newest-first (no oldest-history pin) | knowledge fills remainder by relevance | no elastic floors/ceilings,45a4769bcb578b0eb41b05023054de2360d2c50bb5804d31e0f0fc95be8f87e4,4852ce3b071d787f9518a61aaeb43474ec5c07a3f8e240ead8634788fc95727a,"sys_platform,sys_style,sec_tenant,sec_prod,sec_secrets,tool_search_docs,tool_get_incident,tool_list_exceptions,tool_run_query,tool_page_oncall,rag_sla_p1,hist_0000,hist_0001,hist_0002,hist_0003,hist_0004,hist_0005,hist_0006,hist_0007,hist_0008,hist_0009,hist_0010,hist_0011,hist_0012,hist_0013,hist_0014,hist_0015,hist_0016,hist_0017,hist_0018,hist_0019,hist_0020,hist_0021,hist_0022,hist_0023,hist_0024,hist_0025,hist_0026,hist_0027,hist_0028,hist_0029,hist_0030,hist_0031,hist_0032,hist_0033,hist_0034,hist_0035,hist_0036,hist_0037,hist_0038,hist_0039,hist_0040,hist_0041,hist_0042,hist_0043,hist_0044,hist_0045,hist_0046,hist_0047,hist_0048,hist_0049,hist_0050,hist_0051,hist_0052,hist_0053,hist_0054,hist_0055,hist_0056,hist_0057,hist_0058,hist_0059,hist_0060,hist_0061,hist_0062,hist_0063,hist_0064,hist_0065,hist_0066,hist_0067,hist_0068,hist_0069,user_current"
memory_heavy,Memory-heavy,memory-heavy,fixed_quota,1,32k,cl100k_base,32768,4096,512,28160,59,57,35,944,912,27526,27409,751,0.9733,1.0,1.0,1.0,mem_csv_monday,,,0,,0,,False,False,,0,,7.118,0.066,0.042,0.004111,o200k_base,27230,False,"{""history"": 6, ""memory"": 18, ""security"": 3, ""system"": 2, ""tool_schema"": 5, ""user"": 1}","{""agent"": 0, ""history"": 2496, ""memory"": 55310, ""rag"": 0, ""security"": 273, ""system"": 349, ""tool_result"": 0, ""tool_schema"": 221, ""user"": 29}","{""agent"": 4084, ""history"": 8167, ""memory"": 2722, ""rag"": 6806, ""security"": 273, ""system"": 349, ""tool_result"": 5445, ""tool_schema"": 221, ""user"": 29}","{""history"": 2496, ""memory"": 24158, ""security"": 273, ""system"": 349, ""tool_schema"": 221, ""user"": 29}",protected first | fixed elastic quotas | spillover in spillover_order | spillover consumed packing leftover,55e864ad4b96cf3a3d1a91c8b5a713ed140e2abd78cf1c140b0348c78e3b7bc2,4f5fca2daab812ab92046487caa717ef84ee29c25c47685bb98785682d3f63aa,"sys_platform,sys_style,sec_tenant,sec_prod,sec_secrets,tool_search_docs,tool_get_incident,tool_list_exceptions,tool_run_query,tool_page_oncall,mem_csv_monday,mem_0000,mem_0002,mem_0003,mem_0004,mem_0005,mem_0006,mem_0007,mem_0008,mem_0009,mem_0010,mem_0011,mem_0012,mem_0013,mem_0014,mem_0015,mem_0016,mem_0017,hist_0000,hist_0001,hist_0002,hist_0003,hist_0004,hist_0005,user_current"
memory_heavy,Memory-heavy,memory-heavy,waterfill,1,32k,cl100k_base,32768,4096,512,28160,59,57,22,944,912,9118,9041,19119,0.3211,1.0,1.0,1.0,mem_csv_monday,,,0,,0,,False,False,,0,,7.026,0.072,0.014,0.001356,o200k_base,8990,False,"{""history"": 6, ""memory"": 5, ""security"": 3, ""system"": 2, ""tool_schema"": 5, ""user"": 1}","{""agent"": 0, ""history"": 2496, ""memory"": 55310, ""rag"": 0, ""security"": 273, ""system"": 349, ""tool_result"": 0, ""tool_schema"": 221, ""user"": 29}","{""agent"": 0, ""history"": 2496, ""memory"": 6806, ""rag"": 0, ""security"": 273, ""system"": 349, ""tool_result"": 0, ""tool_schema"": 221, ""user"": 29}","{""history"": 2496, ""memory"": 5750, ""security"": 273, ""system"": 349, ""tool_schema"": 221, ""user"": 29}",protected first | elastic floors | weighted water-fill | ceilings,816942243c5fa94254da525f40337769f6eeaa92044ea788bfacac70c36be5c0,3cb1fd357d0840274a4866f5bfa3f8f07340bc4197c750a2aa6ef607c428770f,"sys_platform,sys_style,sec_tenant,sec_prod,sec_secrets,tool_search_docs,tool_get_incident,tool_list_exceptions,tool_run_query,tool_page_oncall,mem_csv_monday,mem_0000,mem_0002,mem_0003,mem_0004,hist_0000,hist_0001,hist_0002,hist_0003,hist_0004,hist_0005,user_current"
memory_heavy,Memory-heavy,memory-heavy,utility,1,32k,cl100k_base,32768,4096,512,28160,59,57,22,944,912,9118,9041,19119,0.3211,1.0,1.0,1.0,mem_csv_monday,,,0,,0,,False,False,,0,,7.004,0.078,0.015,0.001356,o200k_base,8990,False,"{""history"": 6, ""memory"": 5, ""security"": 3, ""system"": 2, ""tool_schema"": 5, ""user"": 1}","{""agent"": 0, ""history"": 2496, ""memory"": 55310, ""rag"": 0, ""security"": 273, ""system"": 349, ""tool_result"": 0, ""tool_schema"": 221, ""user"": 29}","{""agent"": 0, ""history"": 2496, ""memory"": 5750, ""rag"": 0, ""security"": 273, ""system"": 349, ""tool_result"": 0, ""tool_schema"": 221, ""user"": 29}","{""history"": 2496, ""memory"": 5750, ""security"": 273, ""system"": 349, ""tool_schema"": 221, ""user"": 29}",protected first | elastic floors | greedy score packing | ceilings,816942243c5fa94254da525f40337769f6eeaa92044ea788bfacac70c36be5c0,7a6f968c797b0e9411e3af8203220263ecfcbd46d3dbe57e9ac45868a9b93c8f,"sys_platform,sys_style,sec_tenant,sec_prod,sec_secrets,tool_search_docs,tool_get_incident,tool_list_exceptions,tool_run_query,tool_page_oncall,mem_csv_monday,mem_0000,mem_0002,mem_0003,mem_0004,hist_0000,hist_0001,hist_0002,hist_0003,hist_0004,hist_0005,user_current"
memory_heavy,Memory-heavy,memory-heavy,recency,1,32k,cl100k_base,32768,4096,512,28160,59,57,35,944,912,27526,27409,751,0.9733,1.0,1.0,1.0,mem_csv_monday,,,0,,0,,False,False,,0,,7.04,0.054,0.031,0.004111,o200k_base,27230,False,"{""history"": 6, ""memory"": 18, ""security"": 3, ""system"": 2, ""tool_schema"": 5, ""user"": 1}","{""agent"": 0, ""history"": 2496, ""memory"": 55310, ""rag"": 0, ""security"": 273, ""system"": 349, ""tool_result"": 0, ""tool_schema"": 221, ""user"": 29}","{""agent"": 27224, ""history"": 27224, ""memory"": 48886, ""rag"": 48886, ""security"": 273, ""system"": 349, ""tool_result"": 27224, ""tool_schema"": 221, ""user"": 29}","{""history"": 2496, ""memory"": 24158, ""security"": 273, ""system"": 349, ""tool_schema"": 221, ""user"": 29}",protected first | live classes newest-first (no oldest-history pin) | knowledge fills remainder by relevance | no elastic floors/ceilings,55e864ad4b96cf3a3d1a91c8b5a713ed140e2abd78cf1c140b0348c78e3b7bc2,c1026fdaf27dc3124f597f93cef809766d24148187c983f71cbfb4625a6e1a29,"sys_platform,sys_style,sec_tenant,sec_prod,sec_secrets,tool_search_docs,tool_get_incident,tool_list_exceptions,tool_run_query,tool_page_oncall,mem_csv_monday,mem_0000,mem_0002,mem_0003,mem_0004,mem_0005,mem_0006,mem_0007,mem_0008,mem_0009,mem_0010,mem_0011,mem_0012,mem_0013,mem_0014,mem_0015,mem_0016,mem_0017,hist_0000,hist_0001,hist_0002,hist_0003,hist_0004,hist_0005,user_current"
memory_heavy,Memory-heavy,memory-heavy,fixed_quota,1,64k,cl100k_base,65536,8192,1024,56320,59,57,55,944,912,55846,55667,653,0.9884,1.0,1.0,1.0,mem_csv_monday,,,0,,0,,False,False,,0,,7.032,0.066,0.068,0.00835,o200k_base,55427,False,"{""history"": 6, ""memory"": 38, ""security"": 3, ""system"": 2, ""tool_schema"": 5, ""user"": 1}","{""agent"": 0, ""history"": 2496, ""memory"": 55310, ""rag"": 0, ""security"": 273, ""system"": 349, ""tool_result"": 0, ""tool_schema"": 221, ""user"": 29}","{""agent"": 8308, ""history"": 16615, ""memory"": 5538, ""rag"": 13846, ""security"": 273, ""system"": 349, ""tool_result"": 11077, ""tool_schema"": 221, ""user"": 29}","{""history"": 2496, ""memory"": 52478, ""security"": 273, ""system"": 349, ""tool_schema"": 221, ""user"": 29}",protected first | fixed elastic quotas | spillover in spillover_order | spillover consumed packing leftover,8737623e04c7a754c41df926b62ac58d8a72ef3a42233c616d78647ddb8cbc07,d95e220b77ae3bf1c8dee97bd5431ccc86ead882f55046663457b59f046a9e1b,"sys_platform,sys_style,sec_tenant,sec_prod,sec_secrets,tool_search_docs,tool_get_incident,tool_list_exceptions,tool_run_query,tool_page_oncall,mem_csv_monday,mem_0000,mem_0002,mem_0003,mem_0004,mem_0005,mem_0006,mem_0007,mem_0008,mem_0009,mem_0010,mem_0011,mem_0012,mem_0013,mem_0014,mem_0015,mem_0016,mem_0017,mem_0018,mem_0019,mem_0020,mem_0021,mem_0022,mem_0023,mem_0024,mem_0025,mem_0026,mem_0027,mem_0028,mem_0029,mem_0030,mem_0031,mem_0032,mem_0033,mem_0034,mem_0035,mem_0036,mem_0037,hist_0000,hist_0001,hist_0002,hist_0003,hist_0004,hist_0005,user_current"
memory_heavy,Memory-heavy,memory-heavy,waterfill,1,64k,cl100k_base,65536,8192,1024,56320,59,57,27,944,912,16198,16106,40214,0.286,1.0,1.0,1.0,mem_csv_monday,,,0,,0,,False,False,,0,,6.994,0.069,0.021,0.002416,o200k_base,16005,False,"{""history"": 6, ""memory"": 10, ""security"": 3, ""system"": 2, ""tool_schema"": 5, ""user"": 1}","{""agent"": 0, ""history"": 2496, ""memory"": 55310, ""rag"": 0, ""security"": 273, ""system"": 349, ""tool_result"": 0, ""tool_schema"": 221, ""user"": 29}","{""agent"": 0, ""history"": 2496, ""memory"": 13846, ""rag"": 0, ""security"": 273, ""system"": 349, ""tool_result"": 0, ""tool_schema"": 221, ""user"": 29}","{""history"": 2496, ""memory"": 12830, ""security"": 273, ""system"": 349, ""tool_schema"": 221, ""user"": 29}",protected first | elastic floors | weighted water-fill | ceilings,e0a4198b06eb56405cab68c40a88e969db608fe8f1fb5121096cb2730c276dad,5cfd35ea681c9f22108b3ec7f16d021a424b994dd3d1d44c35ecfdd74dcabecb,"sys_platform,sys_style,sec_tenant,sec_prod,sec_secrets,tool_search_docs,tool_get_incident,tool_list_exceptions,tool_run_query,tool_page_oncall,mem_csv_monday,mem_0000,mem_0002,mem_0003,mem_0004,mem_0005,mem_0006,mem_0007,mem_0008,mem_0009,hist_0000,hist_0001,hist_0002,hist_0003,hist_0004,hist_0005,user_current"
memory_heavy,Memory-heavy,memory-heavy,utility,1,64k,cl100k_base,65536,8192,1024,56320,59,57,27,944,912,16198,16106,40214,0.286,1.0,1.0,1.0,mem_csv_monday,,,0,,0,,False,False,,0,,7.128,0.074,0.021,0.002416,o200k_base,16005,False,"{""history"": 6, ""memory"": 10, ""security"": 3, ""system"": 2, ""tool_schema"": 5, ""user"": 1}","{""agent"": 0, ""history"": 2496, ""memory"": 55310, ""rag"": 0, ""security"": 273, ""system"": 349, ""tool_result"": 0, ""tool_schema"": 221, ""user"": 29}","{""agent"": 0, ""history"": 2496, ""memory"": 12830, ""rag"": 0, ""security"": 273, ""system"": 349, ""tool_result"": 0, ""tool_schema"": 221, ""user"": 29}","{""history"": 2496, ""memory"": 12830, ""security"": 273, ""system"": 349, ""tool_schema"": 221, ""user"": 29}",protected first | elastic floors | greedy score packing | ceilings,e0a4198b06eb56405cab68c40a88e969db608fe8f1fb5121096cb2730c276dad,adec259d5ac86f35c883d3e585a74d830dd509b7e9039eea26db5495a25c269c,"sys_platform,sys_style,sec_tenant,sec_prod,sec_secrets,tool_search_docs,tool_get_incident,tool_list_exceptions,tool_run_query,tool_page_oncall,mem_csv_monday,mem_0000,mem_0002,mem_0003,mem_0004,mem_0005,mem_0006,mem_0007,mem_0008,mem_0009,hist_0000,hist_0001,hist_0002,hist_0003,hist_0004,hist_0005,user_current"
memory_heavy,Memory-heavy,memory-heavy,recency,1,64k,cl100k_base,65536,8192,1024,56320,59,57,55,944,912,55846,55667,653,0.9884,1.0,1.0,1.0,mem_csv_monday,,,0,,0,,False,False,,0,,7.057,0.058,0.056,0.00835,o200k_base,55427,False,"{""history"": 6, ""memory"": 38, ""security"": 3, ""system"": 2, ""tool_schema"": 5, ""user"": 1}","{""agent"": 0, ""history"": 2496, ""memory"": 55310, ""rag"": 0, ""security"": 273, ""system"": 349, ""tool_result"": 0, ""tool_schema"": 221, ""user"": 29}","{""agent"": 55384, ""history"": 55384, ""memory"": 105366, ""rag"": 105366, ""security"": 273, ""system"": 349, ""tool_result"": 55384, ""tool_schema"": 221, ""user"": 29}","{""history"": 2496, ""memory"": 52478, ""security"": 273, ""system"": 349, ""tool_schema"": 221, ""user"": 29}",protected first | live classes newest-first (no oldest-history pin) | knowledge fills remainder by relevance | no elastic floors/ceilings,8737623e04c7a754c41df926b62ac58d8a72ef3a42233c616d78647ddb8cbc07,b26069bcabac6a14dc0f79421b800dec2667aa54ce6d5328c865c891e3600dfa,"sys_platform,sys_style,sec_tenant,sec_prod,sec_secrets,tool_search_docs,tool_get_incident,tool_list_exceptions,tool_run_query,tool_page_oncall,mem_csv_monday,mem_0000,mem_0002,mem_0003,mem_0004,mem_0005,mem_0006,mem_0007,mem_0008,mem_0009,mem_0010,mem_0011,mem_0012,mem_0013,mem_0014,mem_0015,mem_0016,mem_0017,mem_0018,mem_0019,mem_0020,mem_0021,mem_0022,mem_0023,mem_0024,mem_0025,mem_0026,mem_0027,mem_0028,mem_0029,mem_0030,mem_0031,mem_0032,mem_0033,mem_0034,mem_0035,mem_0036,mem_0037,hist_0000,hist_0001,hist_0002,hist_0003,hist_0004,hist_0005,user_current"
memory_heavy,Memory-heavy,memory-heavy,fixed_quota,1,128k,cl100k_base,131072,8192,2048,120832,59,57,57,944,912,58678,58493,62339,0.4841,1.0,1.0,1.0,mem_csv_monday,,,0,,0,,False,False,,0,,7.049,0.071,0.061,0.008774,o200k_base,58228,False,"{""history"": 6, ""memory"": 40, ""security"": 3, ""system"": 2, ""tool_schema"": 5, ""user"": 1}","{""agent"": 0, ""history"": 2496, ""memory"": 55310, ""rag"": 0, ""security"": 273, ""system"": 349, ""tool_result"": 0, ""tool_schema"": 221, ""user"": 29}","{""agent"": 17984, ""history"": 35969, ""memory"": 11990, ""rag"": 29974, ""security"": 273, ""system"": 349, ""tool_result"": 23979, ""tool_schema"": 221, ""user"": 29}","{""history"": 2496, ""memory"": 55310, ""security"": 273, ""system"": 349, ""tool_schema"": 221, ""user"": 29}",protected first | fixed elastic quotas | spillover in spillover_order | spillover consumed packing leftover,5f3754a7b8f5b4490163fa45e7b50344b876a80dcb88d21781157a3d72b1dc4a,3a79d5339c80de242798037bda9faaeb0034b355e8515b9cf6ffca0760e9a413,"sys_platform,sys_style,sec_tenant,sec_prod,sec_secrets,tool_search_docs,tool_get_incident,tool_list_exceptions,tool_run_query,tool_page_oncall,mem_csv_monday,mem_0000,mem_0002,mem_0003,mem_0004,mem_0005,mem_0006,mem_0007,mem_0008,mem_0009,mem_0010,mem_0011,mem_0012,mem_0013,mem_0014,mem_0015,mem_0016,mem_0017,mem_0018,mem_0019,mem_0020,mem_0021,mem_0022,mem_0023,mem_0024,mem_0025,mem_0026,mem_0027,mem_0028,mem_0029,mem_0030,mem_0031,mem_0032,mem_0033,mem_0034,mem_0035,mem_0036,mem_0037,mem_0038,mem_0039,hist_0000,hist_0001,hist_0002,hist_0003,hist_0004,hist_0005,user_current"
memory_heavy,Memory-heavy,memory-heavy,waterfill,1,128k,cl100k_base,131072,8192,2048,120832,59,57,39,944,912,33190,33061,87771,0.2736,1.0,1.0,1.0,mem_csv_monday,,,0,,0,,False,False,,0,,7.096,0.072,0.036,0.004959,o200k_base,32874,False,"{""history"": 6, ""memory"": 22, ""security"": 3, ""system"": 2, ""tool_schema"": 5, ""user"": 1}","{""agent"": 0, ""history"": 2496, ""memory"": 55310, ""rag"": 0, ""security"": 273, ""system"": 349, ""tool_result"": 0, ""tool_schema"": 221, ""user"": 29}","{""agent"": 0, ""history"": 2496, ""memory"": 29974, ""rag"": 0, ""security"": 273, ""system"": 349, ""tool_result"": 0, ""tool_schema"": 221, ""user"": 29}","{""history"": 2496, ""memory"": 29822, ""security"": 273, ""system"": 349, ""tool_schema"": 221, ""user"": 29}",protected first | elastic floors | weighted water-fill | ceilings,9fa9f17b4f687ef3d98e033be020ce1ef332849b9ebd37d3676126d53b2a7768,9f75decb7c1837faca49fd8503cf15b2bca84d8ea3908d194190fdaa4e094c19,"sys_platform,sys_style,sec_tenant,sec_prod,sec_secrets,tool_search_docs,tool_get_incident,tool_list_exceptions,tool_run_query,tool_page_oncall,mem_csv_monday,mem_0000,mem_0002,mem_0003,mem_0004,mem_0005,mem_0006,mem_0007,mem_0008,mem_0009,mem_0010,mem_0011,mem_0012,mem_0013,mem_0014,mem_0015,mem_0016,mem_0017,mem_0018,mem_0019,mem_0020,mem_0021,hist_0000,hist_0001,hist_0002,hist_0003,hist_0004,hist_0005,user_current"
memory_heavy,Memory-heavy,memory-heavy,utility,1,128k,cl100k_base,131072,8192,2048,120832,59,57,39,944,912,33190,33061,87771,0.2736,1.0,1.0,1.0,mem_csv_monday,,,0,,0,,False,False,,0,,7.119,0.072,0.036,0.004959,o200k_base,32874,False,"{""history"": 6, ""memory"": 22, ""security"": 3, ""system"": 2, ""tool_schema"": 5, ""user"": 1}","{""agent"": 0, ""history"": 2496, ""memory"": 55310, ""rag"": 0, ""security"": 273, ""system"": 349, ""tool_result"": 0, ""tool_schema"": 221, ""user"": 29}","{""agent"": 0, ""history"": 2496, ""memory"": 29822, ""rag"": 0, ""security"": 273, ""system"": 349, ""tool_result"": 0, ""tool_schema"": 221, ""user"": 29}","{""history"": 2496, ""memory"": 29822, ""security"": 273, ""system"": 349, ""tool_schema"": 221, ""user"": 29}",protected first | elastic floors | greedy score packing | ceilings,9fa9f17b4f687ef3d98e033be020ce1ef332849b9ebd37d3676126d53b2a7768,20dfdb751efec875b8c89228e358bc1ecb88ca752afc9cc1a93ba1c0a966b96f,"sys_platform,sys_style,sec_tenant,sec_prod,sec_secrets,tool_search_docs,tool_get_incident,tool_list_exceptions,tool_run_query,tool_page_oncall,mem_csv_monday,mem_0000,mem_0002,mem_0003,mem_0004,mem_0005,mem_0006,mem_0007,mem_0008,mem_0009,mem_0010,mem_0011,mem_0012,mem_0013,mem_0014,mem_0015,mem_0016,mem_0017,mem_0018,mem_0019,mem_0020,mem_0021,hist_0000,hist_0001,hist_0002,hist_0003,hist_0004,hist_0005,user_current"
memory_heavy,Memory-heavy,memory-heavy,recency,1,128k,cl100k_base,131072,8192,2048,120832,59,57,57,944,912,58678,58493,62339,0.4841,1.0,1.0,1.0,mem_csv_monday,,,0,,0,,False,False,,0,,7.045,0.057,0.058,0.008774,o200k_base,58228,False,"{""history"": 6, ""memory"": 40, ""security"": 3, ""system"": 2, ""tool_schema"": 5, ""user"": 1}","{""agent"": 0, ""history"": 2496, ""memory"": 55310, ""rag"": 0, ""security"": 273, ""system"": 349, ""tool_result"": 0, ""tool_schema"": 221, ""user"": 29}","{""agent"": 119896, ""history"": 119896, ""memory"": 172710, ""rag"": 172710, ""security"": 273, ""system"": 349, ""tool_result"": 119896, ""tool_schema"": 221, ""user"": 29}","{""history"": 2496, ""memory"": 55310, ""security"": 273, ""system"": 349, ""tool_schema"": 221, ""user"": 29}",protected first | live classes newest-first (no oldest-history pin) | knowledge fills remainder by relevance | no elastic floors/ceilings,5f3754a7b8f5b4490163fa45e7b50344b876a80dcb88d21781157a3d72b1dc4a,73fb7cbb233023d39c758f557781dd4d9cb98ac2d13d290f35d33886652ccad0,"sys_platform,sys_style,sec_tenant,sec_prod,sec_secrets,tool_search_docs,tool_get_incident,tool_list_exceptions,tool_run_query,tool_page_oncall,mem_csv_monday,mem_0000,mem_0002,mem_0003,mem_0004,mem_0005,mem_0006,mem_0007,mem_0008,mem_0009,mem_0010,mem_0011,mem_0012,mem_0013,mem_0014,mem_0015,mem_0016,mem_0017,mem_0018,mem_0019,mem_0020,mem_0021,mem_0022,mem_0023,mem_0024,mem_0025,mem_0026,mem_0027,mem_0028,mem_0029,mem_0030,mem_0031,mem_0032,mem_0033,mem_0034,mem_0035,mem_0036,mem_0037,mem_0038,mem_0039,hist_0000,hist_0001,hist_0002,hist_0003,hist_0004,hist_0005,user_current"
memory_heavy,Memory-heavy,memory-heavy,fixed_quota,1,256k,cl100k_base,262144,16384,2048,243712,59,57,57,944,912,58678,58493,185219,0.24,1.0,1.0,1.0,mem_csv_monday,,,0,,0,,False,False,,0,,7.033,0.064,0.058,0.008774,o200k_base,58228,False,"{""history"": 6, ""memory"": 40, ""security"": 3, ""system"": 2, ""tool_schema"": 5, ""user"": 1}","{""agent"": 0, ""history"": 2496, ""memory"": 55310, ""rag"": 0, ""security"": 273, ""system"": 349, ""tool_result"": 0, ""tool_schema"": 221, ""user"": 29}","{""agent"": 36416, ""history"": 72833, ""memory"": 24278, ""rag"": 60694, ""security"": 273, ""system"": 349, ""tool_result"": 48555, ""tool_schema"": 221, ""user"": 29}","{""history"": 2496, ""memory"": 55310, ""security"": 273, ""system"": 349, ""tool_schema"": 221, ""user"": 29}",protected first | fixed elastic quotas | spillover in spillover_order | spillover consumed packing leftover,5f3754a7b8f5b4490163fa45e7b50344b876a80dcb88d21781157a3d72b1dc4a,3a79d5339c80de242798037bda9faaeb0034b355e8515b9cf6ffca0760e9a413,"sys_platform,sys_style,sec_tenant,sec_prod,sec_secrets,tool_search_docs,tool_get_incident,tool_list_exceptions,tool_run_query,tool_page_oncall,mem_csv_monday,mem_0000,mem_0002,mem_0003,mem_0004,mem_0005,mem_0006,mem_0007,mem_0008,mem_0009,mem_0010,mem_0011,mem_0012,mem_0013,mem_0014,mem_0015,mem_0016,mem_0017,mem_0018,mem_0019,mem_0020,mem_0021,mem_0022,mem_0023,mem_0024,mem_0025,mem_0026,mem_0027,mem_0028,mem_0029,mem_0030,mem_0031,mem_0032,mem_0033,mem_0034,mem_0035,mem_0036,mem_0037,mem_0038,mem_0039,hist_0000,hist_0001,hist_0002,hist_0003,hist_0004,hist_0005,user_current"
memory_heavy,Memory-heavy,memory-heavy,waterfill,1,256k,cl100k_base,262144,16384,2048,243712,59,57,57,944,912,58678,58493,185219,0.24,1.0,1.0,1.0,mem_csv_monday,,,0,,0,,False,False,,0,,6.986,0.069,0.058,0.008774,o200k_base,58228,False,"{""history"": 6, ""memory"": 40, ""security"": 3, ""system"": 2, ""tool_schema"": 5, ""user"": 1}","{""agent"": 0, ""history"": 2496, ""memory"": 55310, ""rag"": 0, ""security"": 273, ""system"": 349, ""tool_result"": 0, ""tool_schema"": 221, ""user"": 29}","{""agent"": 0, ""history"": 2496, ""memory"": 55310, ""rag"": 0, ""security"": 273, ""system"": 349, ""tool_result"": 0, ""tool_schema"": 221, ""user"": 29}","{""history"": 2496, ""memory"": 55310, ""security"": 273, ""system"": 349, ""tool_schema"": 221, ""user"": 29}",protected first | elastic floors | weighted water-fill | ceilings,5f3754a7b8f5b4490163fa45e7b50344b876a80dcb88d21781157a3d72b1dc4a,3de70baad26f06fb91594645aac3515b949ea73e370c77c68bbff8f76e18c015,"sys_platform,sys_style,sec_tenant,sec_prod,sec_secrets,tool_search_docs,tool_get_incident,tool_list_exceptions,tool_run_query,tool_page_oncall,mem_csv_monday,mem_0000,mem_0002,mem_0003,mem_0004,mem_0005,mem_0006,mem_0007,mem_0008,mem_0009,mem_0010,mem_0011,mem_0012,mem_0013,mem_0014,mem_0015,mem_0016,mem_0017,mem_0018,mem_0019,mem_0020,mem_0021,mem_0022,mem_0023,mem_0024,mem_0025,mem_0026,mem_0027,mem_0028,mem_0029,mem_0030,mem_0031,mem_0032,mem_0033,mem_0034,mem_0035,mem_0036,mem_0037,mem_0038,mem_0039,hist_0000,hist_0001,hist_0002,hist_0003,hist_0004,hist_0005,user_current"
memory_heavy,Memory-heavy,memory-heavy,utility,1,256k,cl100k_base,262144,16384,2048,243712,59,57,57,944,912,58678,58493,185219,0.24,1.0,1.0,1.0,mem_csv_monday,,,0,,0,,False,False,,0,,7.045,0.074,0.063,0.008774,o200k_base,58228,False,"{""history"": 6, ""memory"": 40, ""security"": 3, ""system"": 2, ""tool_schema"": 5, ""user"": 1}","{""agent"": 0, ""history"": 2496, ""memory"": 55310, ""rag"": 0, ""security"": 273, ""system"": 349, ""tool_result"": 0, ""tool_schema"": 221, ""user"": 29}","{""agent"": 0, ""history"": 2496, ""memory"": 55310, ""rag"": 0, ""security"": 273, ""system"": 349, ""tool_result"": 0, ""tool_schema"": 221, ""user"": 29}","{""history"": 2496, ""memory"": 55310, ""security"": 273, ""system"": 349, ""tool_schema"": 221, ""user"": 29}",protected first | elastic floors | greedy score packing | ceilings,5f3754a7b8f5b4490163fa45e7b50344b876a80dcb88d21781157a3d72b1dc4a,b19b440b3bc2e1d2e8cbd5ba654ca48cb3d76d9b65f7bbeb93bfb6b1ff2a0c24,"sys_platform,sys_style,sec_tenant,sec_prod,sec_secrets,tool_search_docs,tool_get_incident,tool_list_exceptions,tool_run_query,tool_page_oncall,mem_csv_monday,mem_0000,mem_0002,mem_0003,mem_0004,mem_0005,mem_0006,mem_0007,mem_0008,mem_0009,mem_0010,mem_0011,mem_0012,mem_0013,mem_0014,mem_0015,mem_0016,mem_0017,mem_0018,mem_0019,mem_0020,mem_0021,mem_0022,mem_0023,mem_0024,mem_0025,mem_0026,mem_0027,mem_0028,mem_0029,mem_0030,mem_0031,mem_0032,mem_0033,mem_0034,mem_0035,mem_0036,mem_0037,mem_0038,mem_0039,hist_0000,hist_0001,hist_0002,hist_0003,hist_0004,hist_0005,user_current"
memory_heavy,Memory-heavy,memory-heavy,recency,1,256k,cl100k_base,262144,16384,2048,243712,59,57,57,944,912,58678,58493,185219,0.24,1.0,1.0,1.0,mem_csv_monday,,,0,,0,,False,False,,0,,7.054,0.057,0.059,0.008774,o200k_base,58228,False,"{""history"": 6, ""memory"": 40, ""security"": 3, ""system"": 2, ""tool_schema"": 5, ""user"": 1}","{""agent"": 0, ""history"": 2496, ""memory"": 55310, ""rag"": 0, ""security"": 273, ""system"": 349, ""tool_result"": 0, ""tool_schema"": 221, ""user"": 29}","{""agent"": 242776, ""history"": 242776, ""memory"": 295590, ""rag"": 295590, ""security"": 273, ""system"": 349, ""tool_result"": 242776, ""tool_schema"": 221, ""user"": 29}","{""history"": 2496, ""memory"": 55310, ""security"": 273, ""system"": 349, ""tool_schema"": 221, ""user"": 29}",protected first | live classes newest-first (no oldest-history pin) | knowledge fills remainder by relevance | no elastic floors/ceilings,5f3754a7b8f5b4490163fa45e7b50344b876a80dcb88d21781157a3d72b1dc4a,73fb7cbb233023d39c758f557781dd4d9cb98ac2d13d290f35d33886652ccad0,"sys_platform,sys_style,sec_tenant,sec_prod,sec_secrets,tool_search_docs,tool_get_incident,tool_list_exceptions,tool_run_query,tool_page_oncall,mem_csv_monday,mem_0000,mem_0002,mem_0003,mem_0004,mem_0005,mem_0006,mem_0007,mem_0008,mem_0009,mem_0010,mem_0011,mem_0012,mem_0013,mem_0014,mem_0015,mem_0016,mem_0017,mem_0018,mem_0019,mem_0020,mem_0021,mem_0022,mem_0023,mem_0024,mem_0025,mem_0026,mem_0027,mem_0028,mem_0029,mem_0030,mem_0031,mem_0032,mem_0033,mem_0034,mem_0035,mem_0036,mem_0037,mem_0038,mem_0039,hist_0000,hist_0001,hist_0002,hist_0003,hist_0004,hist_0005,user_current"
mixed_overflow,Mixed overflow,mixed-overflow,fixed_quota,1,32k,cl100k_base,32768,4096,512,28160,115,113,38,1840,1808,28096,27996,164,0.9942,1.0,1.0,1.0,rag_sla_p1,,,0,,0,,False,False,,2,"toolres_0007,toolres_0006",13.982,1.125,0.035,0.004199,o200k_base,27896,False,"{""agent"": 5, ""history"": 11, ""memory"": 3, ""rag"": 4, ""security"": 3, ""system"": 2, ""tool_result"": 4, ""tool_schema"": 5, ""user"": 1}","{""agent"": 8293, ""history"": 36640, ""memory"": 10134, ""rag"": 42480, ""security"": 273, ""system"": 349, ""tool_result"": 18160, ""tool_schema"": 221, ""user"": 59}","{""agent"": 4079, ""history"": 8158, ""memory"": 2719, ""rag"": 6799, ""security"": 273, ""system"": 349, ""tool_result"": 5439, ""tool_schema"": 221, ""user"": 59}","{""agent"": 3713, ""history"": 10076, ""memory"": 1890, ""rag"": 5664, ""security"": 273, ""system"": 349, ""tool_result"": 5851, ""tool_schema"": 221, ""user"": 59}",protected first | fixed elastic quotas | spillover in spillover_order | spillover consumed packing leftover,9ac2d4e145836dcd3ce46967009f1f0b7ada03ebd394ddf6d77246e52d6a95fe,b991a3ab3b01e50c362e79ecfee0c2f14530c5d8fd0611aea1050c95aa964981,"sys_platform,sys_style,sec_tenant,sec_prod,sec_secrets,tool_search_docs,tool_get_incident,tool_list_exceptions,tool_run_query,tool_page_oncall,mem_customer,mem_0001,mem_0002,rag_sla_p1,rag_0000,rag_0001,rag_0002,hist_0000,hist_0030,hist_0031,hist_0032,hist_0033,hist_0034,hist_0035,hist_0036,hist_0037,hist_0038,hist_0039,toolres_0006,toolres_0007,toolres_0008,toolres_0009,agent_reviewer,agent_0006,agent_0007,agent_0008,agent_0009,user_current"
mixed_overflow,Mixed overflow,mixed-overflow,waterfill,1,32k,cl100k_base,32768,4096,512,28160,115,113,38,1840,1808,28096,27996,164,0.9942,1.0,1.0,1.0,rag_sla_p1,,,0,,0,,False,False,,2,"toolres_0007,toolres_0006",14.017,1.065,0.033,0.004199,o200k_base,27907,False,"{""agent"": 6, ""history"": 8, ""memory"": 5, ""rag"": 4, ""security"": 3, ""system"": 2, ""tool_result"": 4, ""tool_schema"": 5, ""user"": 1}","{""agent"": 8293, ""history"": 36640, ""memory"": 10134, ""rag"": 42480, ""security"": 273, ""system"": 349, ""tool_result"": 18160, ""tool_schema"": 221, ""user"": 59}","{""agent"": 4686, ""history"": 7196, ""memory"": 4058, ""rag"": 5941, ""security"": 273, ""system"": 349, ""tool_result"": 5313, ""tool_schema"": 221, ""user"": 59}","{""agent"": 4629, ""history"": 7328, ""memory"": 3722, ""rag"": 5664, ""security"": 273, ""system"": 349, ""tool_result"": 5851, ""tool_schema"": 221, ""user"": 59}",protected first | elastic floors | weighted water-fill | ceilings | spillover consumed packing leftover under ceilings,f5502bb0dcd26d351c019b10172f7af0ba2f7e2edb608bd2c175f268e744b6e1,5a638b52e7440cd65c94367e747650fe9ba3080de27e020707638de40d8d296a,"sys_platform,sys_style,sec_tenant,sec_prod,sec_secrets,tool_search_docs,tool_get_incident,tool_list_exceptions,tool_run_query,tool_page_oncall,mem_customer,mem_0001,mem_0002,mem_0003,mem_0004,rag_sla_p1,rag_0000,rag_0001,rag_0002,hist_0000,hist_0033,hist_0034,hist_0035,hist_0036,hist_0037,hist_0038,hist_0039,toolres_0006,toolres_0007,toolres_0008,toolres_0009,agent_reviewer,agent_0005,agent_0006,agent_0007,agent_0008,agent_0009,user_current"
mixed_overflow,Mixed overflow,mixed-overflow,utility,1,32k,cl100k_base,32768,4096,512,28160,115,113,39,1840,1808,28096,27991,169,0.994,1.0,1.0,1.0,rag_sla_p1,,,0,,0,,False,False,,2,"toolres_0008,toolres_0007",13.858,1.018,0.034,0.004199,o200k_base,27887,False,"{""agent"": 3, ""history"": 14, ""memory"": 3, ""rag"": 5, ""security"": 3, ""system"": 2, ""tool_result"": 3, ""tool_schema"": 5, ""user"": 1}","{""agent"": 8293, ""history"": 36640, ""memory"": 10134, ""rag"": 42480, ""security"": 273, ""system"": 349, ""tool_result"": 18160, ""tool_schema"": 221, ""user"": 59}","{""agent"": 2175, ""history"": 12824, ""memory"": 2175, ""rag"": 7080, ""security"": 273, ""system"": 349, ""tool_result"": 3519, ""tool_schema"": 221, ""user"": 59}","{""agent"": 1881, ""history"": 12824, ""memory"": 1890, ""rag"": 7080, ""security"": 273, ""system"": 349, ""tool_result"": 3519, ""tool_schema"": 221, ""user"": 59}",protected first | elastic floors | greedy score packing | ceilings,05559ff0f563934f65e2c7e8f9fc0364acad10089d061a9a3fbb0e4e9c5da370,ee82334d7f24ccbc295207e2461b80815da40b8fc755ada5e73e635552ec5a8e,"sys_platform,sys_style,sec_tenant,sec_prod,sec_secrets,tool_search_docs,tool_get_incident,tool_list_exceptions,tool_run_query,tool_page_oncall,mem_customer,mem_0001,mem_0002,rag_sla_p1,rag_0000,rag_0001,rag_0002,rag_0003,hist_0000,hist_0027,hist_0028,hist_0029,hist_0030,hist_0031,hist_0032,hist_0033,hist_0034,hist_0035,hist_0036,hist_0037,hist_0038,hist_0039,toolres_0007,toolres_0008,toolres_0009,agent_reviewer,agent_0008,agent_0009,user_current"
mixed_overflow,Mixed overflow,mixed-overflow,recency,1,32k,cl100k_base,32768,4096,512,28160,115,113,32,1840,1808,27413,27317,843,0.9701,1.0,1.0,0.0,,rag_sla_p1,"history,rag",2,,0,,False,False,,0,,13.925,0.078,0.03,0.004098,o200k_base,27296,False,"{""agent"": 10, ""memory"": 1, ""security"": 3, ""system"": 2, ""tool_result"": 10, ""tool_schema"": 5, ""user"": 1}","{""agent"": 8293, ""history"": 36640, ""memory"": 10134, ""rag"": 42480, ""security"": 273, ""system"": 349, ""tool_result"": 18160, ""tool_schema"": 221, ""user"": 59}","{""agent"": 27194, ""history"": 27194, ""memory"": 799, ""rag"": 799, ""security"": 273, ""system"": 349, ""tool_result"": 27194, ""tool_schema"": 221, ""user"": 59}","{""agent"": 8293, ""memory"": 58, ""security"": 273, ""system"": 349, ""tool_result"": 18160, ""tool_schema"": 221, ""user"": 59}",protected first | live classes newest-first (no oldest-history pin) | knowledge fills remainder by relevance | no elastic floors/ceilings,04b344e2d93b2f2cb3b8304f4c2b1775d153113bf359e901cc6beaaec8b1764a,785172d98d7acde2aac0c3ab8a9fc9a98a427c2bc385de5f7755051f02f69c19,"sys_platform,sys_style,sec_tenant,sec_prod,sec_secrets,tool_search_docs,tool_get_incident,tool_list_exceptions,tool_run_query,tool_page_oncall,mem_customer,toolres_0000,toolres_0001,toolres_0002,toolres_0003,toolres_0004,toolres_0005,toolres_0006,toolres_0007,toolres_0008,toolres_0009,agent_0000,agent_reviewer,agent_0002,agent_0003,agent_0004,agent_0005,agent_0006,agent_0007,agent_0008,agent_0009,user_current"
mixed_overflow,Mixed overflow,mixed-overflow,fixed_quota,1,64k,cl100k_base,65536,8192,1024,56320,115,113,64,1840,1808,56256,56080,240,0.9957,1.0,1.0,1.0,rag_sla_p1,,,0,,0,,False,False,,2,"toolres_0003,toolres_0002",14.008,0.637,0.06,0.008412,o200k_base,55895,False,"{""agent"": 10, ""history"": 20, ""memory"": 6, ""rag"": 9, ""security"": 3, ""system"": 2, ""tool_result"": 8, ""tool_schema"": 5, ""user"": 1}","{""agent"": 8293, ""history"": 36640, ""memory"": 10134, ""rag"": 42480, ""security"": 273, ""system"": 349, ""tool_result"": 18160, ""tool_schema"": 221, ""user"": 59}","{""agent"": 8303, ""history"": 16606, ""memory"": 5535, ""rag"": 13839, ""security"": 273, ""system"": 349, ""tool_result"": 11071, ""tool_schema"": 221, ""user"": 59}","{""agent"": 8293, ""history"": 18320, ""memory"": 4638, ""rag"": 12744, ""security"": 273, ""system"": 349, ""tool_result"": 11359, ""tool_schema"": 221, ""user"": 59}",protected first | fixed elastic quotas | spillover in spillover_order | spillover consumed packing leftover,d4d10fbccee50d720e58547c84c7e447c74582bd6178b63a7b7dade713d0d710,f2ac2811b2fa3ed6fc8760d1b48abccdab5820bb82506cb4ac65b86b53d63187,"sys_platform,sys_style,sec_tenant,sec_prod,sec_secrets,tool_search_docs,tool_get_incident,tool_list_exceptions,tool_run_query,tool_page_oncall,mem_customer,mem_0001,mem_0002,mem_0003,mem_0004,mem_0005,rag_sla_p1,rag_0000,rag_0001,rag_0002,rag_0003,rag_0005,rag_0006,rag_0007,rag_0008,hist_0000,hist_0021,hist_0022,hist_0023,hist_0024,hist_0025,hist_0026,hist_0027,hist_0028,hist_0029,hist_0030,hist_0031,hist_0032,hist_0033,hist_0034,hist_0035,hist_0036,hist_0037,hist_0038,hist_0039,toolres_0002,toolres_0003,toolres_0004,toolres_0005,toolres_0006,toolres_0007,toolres_0008,toolres_0009,agent_0000,agent_reviewer,agent_0002,agent_0003,agent_0004,agent_0005,agent_0006,agent_0007,agent_0008,agent_0009,user_current"
mixed_overflow,Mixed overflow,mixed-overflow,waterfill,1,64k,cl100k_base,65536,8192,1024,56320,115,113,64,1840,1808,56256,56079,241,0.9957,1.0,1.0,1.0,rag_sla_p1,,,0,,0,,False,False,,2,"toolres_0003,toolres_0002",13.99,0.788,0.061,0.008412,o200k_base,55896,False,"{""agent"": 10, ""history"": 17, ""memory"": 10, ""rag"": 8, ""security"": 3, ""system"": 2, ""tool_result"": 8, ""tool_schema"": 5, ""user"": 1}","{""agent"": 8293, ""history"": 36640, ""memory"": 10134, ""rag"": 42480, ""security"": 273, ""system"": 349, ""tool_result"": 18160, ""tool_schema"": 221, ""user"": 59}","{""agent"": 8293, ""history"": 15101, ""memory"": 8430, ""rag"": 12432, ""security"": 273, ""system"": 349, ""tool_result"": 11098, ""tool_schema"": 221, ""user"": 59}","{""agent"": 8293, ""history"": 15572, ""memory"": 8302, ""rag"": 11328, ""security"": 273, ""system"": 349, ""tool_result"": 11859, ""tool_schema"": 221, ""user"": 59}",protected first | elastic floors | weighted water-fill | ceilings | spillover consumed packing leftover under ceilings,4b1b72045b6ced396e2a51ab62118afbe283496e01cd32e6937f52444696702b,140fc6afcd8911556b032918d7e3fd46f51a2668f160544a5fa652b7cff087a4,"sys_platform,sys_style,sec_tenant,sec_prod,sec_secrets,tool_search_docs,tool_get_incident,tool_list_exceptions,tool_run_query,tool_page_oncall,mem_customer,mem_0001,mem_0002,mem_0003,mem_0004,mem_0005,mem_0006,mem_0007,mem_0008,mem_0009,rag_sla_p1,rag_0000,rag_0001,rag_0002,rag_0003,rag_0005,rag_0006,rag_0007,hist_0000,hist_0024,hist_0025,hist_0026,hist_0027,hist_0028,hist_0029,hist_0030,hist_0031,hist_0032,hist_0033,hist_0034,hist_0035,hist_0036,hist_0037,hist_0038,hist_0039,toolres_0002,toolres_0003,toolres_0004,toolres_0005,toolres_0006,toolres_0007,toolres_0008,toolres_0009,agent_0000,agent_reviewer,agent_0002,agent_0003,agent_0004,agent_0005,agent_0006,agent_0007,agent_0008,agent_0009,user_current"
mixed_overflow,Mixed overflow,mixed-overflow,utility,1,64k,cl100k_base,65536,8192,1024,56320,115,113,66,1840,1808,56256,56068,252,0.9955,1.0,1.0,1.0,rag_sla_p1,,,0,,0,,False,False,,2,"toolres_0007,toolres_0006",13.9,0.907,0.065,0.00841,o200k_base,55864,False,"{""agent"": 5, ""history"": 30, ""memory"": 5, ""rag"": 11, ""security"": 3, ""system"": 2, ""tool_result"": 4, ""tool_schema"": 5, ""user"": 1}","{""agent"": 8293, ""history"": 36640, ""memory"": 10134, ""rag"": 42480, ""security"": 273, ""system"": 349, ""tool_result"": 18160, ""tool_schema"": 221, ""user"": 59}","{""agent"": 4428, ""history"": 27480, ""memory"": 4428, ""rag"": 15576, ""security"": 273, ""system"": 349, ""tool_result"": 4863, ""tool_schema"": 221, ""user"": 59}","{""agent"": 3713, ""history"": 27480, ""memory"": 3722, ""rag"": 15576, ""security"": 273, ""system"": 349, ""tool_result"": 4863, ""tool_schema"": 221, ""user"": 59}",protected first | elastic floors | greedy score packing | ceilings,3858a11bcdd37b2987f05c3ccc2c0b94a1a671f21d0852f929980d53a0ba3e05,e06425a86bfcf3d2a14084130d209ecc0a9b74d8c1052a813a4c130d90524913,"sys_platform,sys_style,sec_tenant,sec_prod,sec_secrets,tool_search_docs,tool_get_incident,tool_list_exceptions,tool_run_query,tool_page_oncall,mem_customer,mem_0001,mem_0002,mem_0003,mem_0004,rag_sla_p1,rag_0000,rag_0001,rag_0002,rag_0003,rag_0005,rag_0006,rag_0007,rag_0008,rag_0009,rag_0010,hist_0000,hist_0011,hist_0012,hist_0013,hist_0014,hist_0015,hist_0016,hist_0017,hist_0018,hist_0019,hist_0020,hist_0021,hist_0022,hist_0023,hist_0024,hist_0025,hist_0026,hist_0027,hist_0028,hist_0029,hist_0030,hist_0031,hist_0032,hist_0033,hist_0034,hist_0035,hist_0036,hist_0037,hist_0038,hist_0039,toolres_0006,toolres_0007,toolres_0008,toolres_0009,agent_reviewer,agent_0006,agent_0007,agent_0008,agent_0009,user_current"
mixed_overflow,Mixed overflow,mixed-overflow,recency,1,64k,cl100k_base,65536,8192,1024,56320,115,113,63,1840,1808,55809,55621,699,0.9876,1.0,1.0,0.0,,rag_sla_p1,rag,1,,0,,False,False,,0,,13.808,0.094,0.059,0.008343,o200k_base,55491,False,"{""agent"": 10, ""history"": 31, ""memory"": 1, ""security"": 3, ""system"": 2, ""tool_result"": 10, ""tool_schema"": 5, ""user"": 1}","{""agent"": 8293, ""history"": 36640, ""memory"": 10134, ""rag"": 42480, ""security"": 273, ""system"": 349, ""tool_result"": 18160, ""tool_schema"": 221, ""user"": 59}","{""agent"": 55354, ""history"": 55354, ""memory"": 563, ""rag"": 563, ""security"": 273, ""system"": 349, ""tool_result"": 55354, ""tool_schema"": 221, ""user"": 59}","{""agent"": 8293, ""history"": 28396, ""memory"": 58, ""security"": 273, ""system"": 349, ""tool_result"": 18160, ""tool_schema"": 221, ""user"": 59}",protected first | live classes newest-first (no oldest-history pin) | knowledge fills remainder by relevance | no elastic floors/ceilings,964c99fea17483706254f8284015240c62d596dd4e4fb23899d438b08eadab5c,afe57412c6f27e9e58f6eb0a06d604cb93102d056ec3ee6111b242e12cbc632d,"sys_platform,sys_style,sec_tenant,sec_prod,sec_secrets,tool_search_docs,tool_get_incident,tool_list_exceptions,tool_run_query,tool_page_oncall,mem_customer,hist_0009,hist_0010,hist_0011,hist_0012,hist_0013,hist_0014,hist_0015,hist_0016,hist_0017,hist_0018,hist_0019,hist_0020,hist_0021,hist_0022,hist_0023,hist_0024,hist_0025,hist_0026,hist_0027,hist_0028,hist_0029,hist_0030,hist_0031,hist_0032,hist_0033,hist_0034,hist_0035,hist_0036,hist_0037,hist_0038,hist_0039,toolres_0000,toolres_0001,toolres_0002,toolres_0003,toolres_0004,toolres_0005,toolres_0006,toolres_0007,toolres_0008,toolres_0009,agent_0000,agent_reviewer,agent_0002,agent_0003,agent_0004,agent_0005,agent_0006,agent_0007,agent_0008,agent_0009,user_current"
mixed_overflow,Mixed overflow,mixed-overflow,fixed_quota,1,128k,cl100k_base,131072,8192,2048,120832,115,113,113,1840,1808,116609,116276,4556,0.9623,1.0,1.0,1.0,rag_sla_p1,,,0,,0,,False,False,,0,,13.95,0.113,0.127,0.017441,o200k_base,115880,False,"{""agent"": 10, ""history"": 40, ""memory"": 12, ""rag"": 30, ""security"": 3, ""system"": 2, ""tool_result"": 10, ""tool_schema"": 5, ""user"": 1}","{""agent"": 8293, ""history"": 36640, ""memory"": 10134, ""rag"": 42480, ""security"": 273, ""system"": 349, ""tool_result"": 18160, ""tool_schema"": 221, ""user"": 59}","{""agent"": 17980, ""history"": 35960, ""memory"": 11987, ""rag"": 29966, ""security"": 273, ""system"": 349, ""tool_result"": 23973, ""tool_schema"": 221, ""user"": 59}","{""agent"": 8293, ""history"": 36640, ""memory"": 10134, ""rag"": 42480, ""security"": 273, ""system"": 349, ""tool_result"": 18160, ""tool_schema"": 221, ""user"": 59}",protected first | fixed elastic quotas | spillover in spillover_order | spillover consumed packing leftover,38a74df0e6d06ba9e9b94856f48b0ddb1b8ae899ee55811c492bef39e449cbde,8dac0503db4ec8e264c205923d2f7f3a6645eb7146a19108db8366a744b48fb3,"sys_platform,sys_style,sec_tenant,sec_prod,sec_secrets,tool_search_docs,tool_get_incident,tool_list_exceptions,tool_run_query,tool_page_oncall,mem_customer,mem_0001,mem_0002,mem_0003,mem_0004,mem_0005,mem_0006,mem_0007,mem_0008,mem_0009,mem_0010,mem_0011,rag_sla_p1,rag_0000,rag_0001,rag_0002,rag_0003,rag_0005,rag_0006,rag_0007,rag_0008,rag_0009,rag_0010,rag_0011,rag_0012,rag_0013,rag_0014,rag_0015,rag_0016,rag_0017,rag_0018,rag_0019,rag_0020,rag_0021,rag_0022,rag_0023,rag_0024,rag_0025,rag_0026,rag_0027,rag_0028,rag_0029,hist_0000,hist_0001,hist_0002,hist_0003,hist_0004,hist_0005,hist_0006,hist_0007,hist_0008,hist_0009,hist_0010,hist_0011,hist_0012,hist_0013,hist_0014,hist_0015,hist_0016,hist_0017,hist_0018,hist_0019,hist_0020,hist_0021,hist_0022,hist_0023,hist_0024,hist_0025,hist_0026,hist_0027,hist_0028,hist_0029,hist_0030,hist_0031,hist_0032,hist_0033,hist_0034,hist_0035,hist_0036,hist_0037,hist_0038,hist_0039,toolres_0000,toolres_0001,toolres_0002,toolres_0003,toolres_0004,toolres_0005,toolres_0006,toolres_0007,toolres_0008,toolres_0009,agent_0000,agent_reviewer,agent_0002,agent_0003,agent_0004,agent_0005,agent_0006,agent_0007,agent_0008,agent_0009,user_current"
mixed_overflow,Mixed overflow,mixed-overflow,waterfill,1,128k,cl100k_base,131072,8192,2048,120832,115,113,113,1840,1808,116609,116276,4556,0.9623,1.0,1.0,1.0,rag_sla_p1,,,0,,0,,False,False,,0,,14.043,0.119,0.12,0.017441,o200k_base,115880,False,"{""agent"": 10, ""history"": 40, ""memory"": 12, ""rag"": 30, ""security"": 3, ""system"": 2, ""tool_result"": 10, ""tool_schema"": 5, ""user"": 1}","{""agent"": 8293, ""history"": 36640, ""memory"": 10134, ""rag"": 42480, ""security"": 273, ""system"": 349, ""tool_result"": 18160, ""tool_schema"": 221, ""user"": 59}","{""agent"": 8293, ""history"": 36640, ""memory"": 10134, ""rag"": 42480, ""security"": 273, ""system"": 349, ""tool_result"": 18160, ""tool_schema"": 221, ""user"": 59}","{""agent"": 8293, ""history"": 36640, ""memory"": 10134, ""rag"": 42480, ""security"": 273, ""system"": 349, ""tool_result"": 18160, ""tool_schema"": 221, ""user"": 59}",protected first | elastic floors | weighted water-fill | ceilings,38a74df0e6d06ba9e9b94856f48b0ddb1b8ae899ee55811c492bef39e449cbde,880b14cd69c88f85cf22c64047052c4885c5e896938089330cbbb3fa13c6e677,"sys_platform,sys_style,sec_tenant,sec_prod,sec_secrets,tool_search_docs,tool_get_incident,tool_list_exceptions,tool_run_query,tool_page_oncall,mem_customer,mem_0001,mem_0002,mem_0003,mem_0004,mem_0005,mem_0006,mem_0007,mem_0008,mem_0009,mem_0010,mem_0011,rag_sla_p1,rag_0000,rag_0001,rag_0002,rag_0003,rag_0005,rag_0006,rag_0007,rag_0008,rag_0009,rag_0010,rag_0011,rag_0012,rag_0013,rag_0014,rag_0015,rag_0016,rag_0017,rag_0018,rag_0019,rag_0020,rag_0021,rag_0022,rag_0023,rag_0024,rag_0025,rag_0026,rag_0027,rag_0028,rag_0029,hist_0000,hist_0001,hist_0002,hist_0003,hist_0004,hist_0005,hist_0006,hist_0007,hist_0008,hist_0009,hist_0010,hist_0011,hist_0012,hist_0013,hist_0014,hist_0015,hist_0016,hist_0017,hist_0018,hist_0019,hist_0020,hist_0021,hist_0022,hist_0023,hist_0024,hist_0025,hist_0026,hist_0027,hist_0028,hist_0029,hist_0030,hist_0031,hist_0032,hist_0033,hist_0034,hist_0035,hist_0036,hist_0037,hist_0038,hist_0039,toolres_0000,toolres_0001,toolres_0002,toolres_0003,toolres_0004,toolres_0005,toolres_0006,toolres_0007,toolres_0008,toolres_0009,agent_0000,agent_reviewer,agent_0002,agent_0003,agent_0004,agent_0005,agent_0006,agent_0007,agent_0008,agent_0009,user_current"
mixed_overflow,Mixed overflow,mixed-overflow,utility,1,128k,cl100k_base,131072,8192,2048,120832,115,113,113,1840,1808,115302,114973,5859,0.9515,1.0,1.0,1.0,rag_sla_p1,,,0,,0,,False,False,,1,toolres_0004,13.982,0.552,0.119,0.017246,o200k_base,114579,False,"{""agent"": 10, ""history"": 40, ""memory"": 12, ""rag"": 30, ""security"": 3, ""system"": 2, ""tool_result"": 10, ""tool_schema"": 5, ""user"": 1}","{""agent"": 8293, ""history"": 36640, ""memory"": 10134, ""rag"": 42480, ""security"": 273, ""system"": 349, ""tool_result"": 18160, ""tool_schema"": 221, ""user"": 59}","{""agent"": 8293, ""history"": 36640, ""memory"": 10134, ""rag"": 42480, ""security"": 273, ""system"": 349, ""tool_result"": 16853, ""tool_schema"": 221, ""user"": 59}","{""agent"": 8293, ""history"": 36640, ""memory"": 10134, ""rag"": 42480, ""security"": 273, ""system"": 349, ""tool_result"": 16853, ""tool_schema"": 221, ""user"": 59}",protected first | elastic floors | greedy score packing | ceilings,b0d63141bb9c406849e828f3ad79d3309eccf32879c39893c134f2f99d0d3dd4,16d45490a1b21913384273fef58ce4f194038e19ed4a11e3d6ad071a1b148ae0,"sys_platform,sys_style,sec_tenant,sec_prod,sec_secrets,tool_search_docs,tool_get_incident,tool_list_exceptions,tool_run_query,tool_page_oncall,mem_customer,mem_0001,mem_0002,mem_0003,mem_0004,mem_0005,mem_0006,mem_0007,mem_0008,mem_0009,mem_0010,mem_0011,rag_sla_p1,rag_0000,rag_0001,rag_0002,rag_0003,rag_0005,rag_0006,rag_0007,rag_0008,rag_0009,rag_0010,rag_0011,rag_0012,rag_0013,rag_0014,rag_0015,rag_0016,rag_0017,rag_0018,rag_0019,rag_0020,rag_0021,rag_0022,rag_0023,rag_0024,rag_0025,rag_0026,rag_0027,rag_0028,rag_0029,hist_0000,hist_0001,hist_0002,hist_0003,hist_0004,hist_0005,hist_0006,hist_0007,hist_0008,hist_0009,hist_0010,hist_0011,hist_0012,hist_0013,hist_0014,hist_0015,hist_0016,hist_0017,hist_0018,hist_0019,hist_0020,hist_0021,hist_0022,hist_0023,hist_0024,hist_0025,hist_0026,hist_0027,hist_0028,hist_0029,hist_0030,hist_0031,hist_0032,hist_0033,hist_0034,hist_0035,hist_0036,hist_0037,hist_0038,hist_0039,toolres_0000,toolres_0001,toolres_0002,toolres_0003,toolres_0004,toolres_0005,toolres_0006,toolres_0007,toolres_0008,toolres_0009,agent_0000,agent_reviewer,agent_0002,agent_0003,agent_0004,agent_0005,agent_0006,agent_0007,agent_0008,agent_0009,user_current"
mixed_overflow,Mixed overflow,mixed-overflow,recency,1,128k,cl100k_base,131072,8192,2048,120832,115,113,113,1840,1808,116609,116276,4556,0.9623,1.0,1.0,1.0,rag_sla_p1,,,0,,0,,False,False,,0,,13.92,0.102,0.132,0.017441,o200k_base,115880,False,"{""agent"": 10, ""history"": 40, ""memory"": 12, ""rag"": 30, ""security"": 3, ""system"": 2, ""tool_result"": 10, ""tool_schema"": 5, ""user"": 1}","{""agent"": 8293, ""history"": 36640, ""memory"": 10134, ""rag"": 42480, ""security"": 273, ""system"": 349, ""tool_result"": 18160, ""tool_schema"": 221, ""user"": 59}","{""agent"": 119866, ""history"": 119866, ""memory"": 109387, ""rag"": 109387, ""security"": 273, ""system"": 349, ""tool_result"": 119866, ""tool_schema"": 221, ""user"": 59}","{""agent"": 8293, ""history"": 36640, ""memory"": 10134, ""rag"": 42480, ""security"": 273, ""system"": 349, ""tool_result"": 18160, ""tool_schema"": 221, ""user"": 59}",protected first | live classes newest-first (no oldest-history pin) | knowledge fills remainder by relevance | no elastic floors/ceilings,38a74df0e6d06ba9e9b94856f48b0ddb1b8ae899ee55811c492bef39e449cbde,f39674b94127c59b023386d0f5b2a6164765610cc1cb14278078dcd7e9930888,"sys_platform,sys_style,sec_tenant,sec_prod,sec_secrets,tool_search_docs,tool_get_incident,tool_list_exceptions,tool_run_query,tool_page_oncall,mem_customer,mem_0001,mem_0002,mem_0003,mem_0004,mem_0005,mem_0006,mem_0007,mem_0008,mem_0009,mem_0010,mem_0011,rag_sla_p1,rag_0000,rag_0001,rag_0002,rag_0003,rag_0005,rag_0006,rag_0007,rag_0008,rag_0009,rag_0010,rag_0011,rag_0012,rag_0013,rag_0014,rag_0015,rag_0016,rag_0017,rag_0018,rag_0019,rag_0020,rag_0021,rag_0022,rag_0023,rag_0024,rag_0025,rag_0026,rag_0027,rag_0028,rag_0029,hist_0000,hist_0001,hist_0002,hist_0003,hist_0004,hist_0005,hist_0006,hist_0007,hist_0008,hist_0009,hist_0010,hist_0011,hist_0012,hist_0013,hist_0014,hist_0015,hist_0016,hist_0017,hist_0018,hist_0019,hist_0020,hist_0021,hist_0022,hist_0023,hist_0024,hist_0025,hist_0026,hist_0027,hist_0028,hist_0029,hist_0030,hist_0031,hist_0032,hist_0033,hist_0034,hist_0035,hist_0036,hist_0037,hist_0038,hist_0039,toolres_0000,toolres_0001,toolres_0002,toolres_0003,toolres_0004,toolres_0005,toolres_0006,toolres_0007,toolres_0008,toolres_0009,agent_0000,agent_reviewer,agent_0002,agent_0003,agent_0004,agent_0005,agent_0006,agent_0007,agent_0008,agent_0009,user_current"
mixed_overflow,Mixed overflow,mixed-overflow,fixed_quota,1,256k,cl100k_base,262144,16384,2048,243712,115,113,113,1840,1808,116609,116276,127436,0.4771,1.0,1.0,1.0,rag_sla_p1,,,0,,0,,False,False,,0,,13.94,0.126,0.133,0.017441,o200k_base,115880,False,"{""agent"": 10, ""history"": 40, ""memory"": 12, ""rag"": 30, ""security"": 3, ""system"": 2, ""tool_result"": 10, ""tool_schema"": 5, ""user"": 1}","{""agent"": 8293, ""history"": 36640, ""memory"": 10134, ""rag"": 42480, ""security"": 273, ""system"": 349, ""tool_result"": 18160, ""tool_schema"": 221, ""user"": 59}","{""agent"": 36412, ""history"": 72824, ""memory"": 24275, ""rag"": 60686, ""security"": 273, ""system"": 349, ""tool_result"": 48549, ""tool_schema"": 221, ""user"": 59}","{""agent"": 8293, ""history"": 36640, ""memory"": 10134, ""rag"": 42480, ""security"": 273, ""system"": 349, ""tool_result"": 18160, ""tool_schema"": 221, ""user"": 59}",protected first | fixed elastic quotas | spillover in spillover_order,38a74df0e6d06ba9e9b94856f48b0ddb1b8ae899ee55811c492bef39e449cbde,8dac0503db4ec8e264c205923d2f7f3a6645eb7146a19108db8366a744b48fb3,"sys_platform,sys_style,sec_tenant,sec_prod,sec_secrets,tool_search_docs,tool_get_incident,tool_list_exceptions,tool_run_query,tool_page_oncall,mem_customer,mem_0001,mem_0002,mem_0003,mem_0004,mem_0005,mem_0006,mem_0007,mem_0008,mem_0009,mem_0010,mem_0011,rag_sla_p1,rag_0000,rag_0001,rag_0002,rag_0003,rag_0005,rag_0006,rag_0007,rag_0008,rag_0009,rag_0010,rag_0011,rag_0012,rag_0013,rag_0014,rag_0015,rag_0016,rag_0017,rag_0018,rag_0019,rag_0020,rag_0021,rag_0022,rag_0023,rag_0024,rag_0025,rag_0026,rag_0027,rag_0028,rag_0029,hist_0000,hist_0001,hist_0002,hist_0003,hist_0004,hist_0005,hist_0006,hist_0007,hist_0008,hist_0009,hist_0010,hist_0011,hist_0012,hist_0013,hist_0014,hist_0015,hist_0016,hist_0017,hist_0018,hist_0019,hist_0020,hist_0021,hist_0022,hist_0023,hist_0024,hist_0025,hist_0026,hist_0027,hist_0028,hist_0029,hist_0030,hist_0031,hist_0032,hist_0033,hist_0034,hist_0035,hist_0036,hist_0037,hist_0038,hist_0039,toolres_0000,toolres_0001,toolres_0002,toolres_0003,toolres_0004,toolres_0005,toolres_0006,toolres_0007,toolres_0008,toolres_0009,agent_0000,agent_reviewer,agent_0002,agent_0003,agent_0004,agent_0005,agent_0006,agent_0007,agent_0008,agent_0009,user_current"
mixed_overflow,Mixed overflow,mixed-overflow,waterfill,1,256k,cl100k_base,262144,16384,2048,243712,115,113,113,1840,1808,116609,116276,127436,0.4771,1.0,1.0,1.0,rag_sla_p1,,,0,,0,,False,False,,0,,13.989,0.129,0.116,0.017441,o200k_base,115880,False,"{""agent"": 10, ""history"": 40, ""memory"": 12, ""rag"": 30, ""security"": 3, ""system"": 2, ""tool_result"": 10, ""tool_schema"": 5, ""user"": 1}","{""agent"": 8293, ""history"": 36640, ""memory"": 10134, ""rag"": 42480, ""security"": 273, ""system"": 349, ""tool_result"": 18160, ""tool_schema"": 221, ""user"": 59}","{""agent"": 8293, ""history"": 36640, ""memory"": 10134, ""rag"": 42480, ""security"": 273, ""system"": 349, ""tool_result"": 18160, ""tool_schema"": 221, ""user"": 59}","{""agent"": 8293, ""history"": 36640, ""memory"": 10134, ""rag"": 42480, ""security"": 273, ""system"": 349, ""tool_result"": 18160, ""tool_schema"": 221, ""user"": 59}",protected first | elastic floors | weighted water-fill | ceilings,38a74df0e6d06ba9e9b94856f48b0ddb1b8ae899ee55811c492bef39e449cbde,880b14cd69c88f85cf22c64047052c4885c5e896938089330cbbb3fa13c6e677,"sys_platform,sys_style,sec_tenant,sec_prod,sec_secrets,tool_search_docs,tool_get_incident,tool_list_exceptions,tool_run_query,tool_page_oncall,mem_customer,mem_0001,mem_0002,mem_0003,mem_0004,mem_0005,mem_0006,mem_0007,mem_0008,mem_0009,mem_0010,mem_0011,rag_sla_p1,rag_0000,rag_0001,rag_0002,rag_0003,rag_0005,rag_0006,rag_0007,rag_0008,rag_0009,rag_0010,rag_0011,rag_0012,rag_0013,rag_0014,rag_0015,rag_0016,rag_0017,rag_0018,rag_0019,rag_0020,rag_0021,rag_0022,rag_0023,rag_0024,rag_0025,rag_0026,rag_0027,rag_0028,rag_0029,hist_0000,hist_0001,hist_0002,hist_0003,hist_0004,hist_0005,hist_0006,hist_0007,hist_0008,hist_0009,hist_0010,hist_0011,hist_0012,hist_0013,hist_0014,hist_0015,hist_0016,hist_0017,hist_0018,hist_0019,hist_0020,hist_0021,hist_0022,hist_0023,hist_0024,hist_0025,hist_0026,hist_0027,hist_0028,hist_0029,hist_0030,hist_0031,hist_0032,hist_0033,hist_0034,hist_0035,hist_0036,hist_0037,hist_0038,hist_0039,toolres_0000,toolres_0001,toolres_0002,toolres_0003,toolres_0004,toolres_0005,toolres_0006,toolres_0007,toolres_0008,toolres_0009,agent_0000,agent_reviewer,agent_0002,agent_0003,agent_0004,agent_0005,agent_0006,agent_0007,agent_0008,agent_0009,user_current"
mixed_overflow,Mixed overflow,mixed-overflow,utility,1,256k,cl100k_base,262144,16384,2048,243712,115,113,113,1840,1808,116609,116276,127436,0.4771,1.0,1.0,1.0,rag_sla_p1,,,0,,0,,False,False,,0,,13.953,0.14,0.12,0.017441,o200k_base,115880,False,"{""agent"": 10, ""history"": 40, ""memory"": 12, ""rag"": 30, ""security"": 3, ""system"": 2, ""tool_result"": 10, ""tool_schema"": 5, ""user"": 1}","{""agent"": 8293, ""history"": 36640, ""memory"": 10134, ""rag"": 42480, ""security"": 273, ""system"": 349, ""tool_result"": 18160, ""tool_schema"": 221, ""user"": 59}","{""agent"": 8293, ""history"": 36640, ""memory"": 10134, ""rag"": 42480, ""security"": 273, ""system"": 349, ""tool_result"": 18160, ""tool_schema"": 221, ""user"": 59}","{""agent"": 8293, ""history"": 36640, ""memory"": 10134, ""rag"": 42480, ""security"": 273, ""system"": 349, ""tool_result"": 18160, ""tool_schema"": 221, ""user"": 59}",protected first | elastic floors | greedy score packing | ceilings,38a74df0e6d06ba9e9b94856f48b0ddb1b8ae899ee55811c492bef39e449cbde,a6069c782d544c7cd1cd1f90a125908643d23c18ac3c084cce3a05f7afaff66b,"sys_platform,sys_style,sec_tenant,sec_prod,sec_secrets,tool_search_docs,tool_get_incident,tool_list_exceptions,tool_run_query,tool_page_oncall,mem_customer,mem_0001,mem_0002,mem_0003,mem_0004,mem_0005,mem_0006,mem_0007,mem_0008,mem_0009,mem_0010,mem_0011,rag_sla_p1,rag_0000,rag_0001,rag_0002,rag_0003,rag_0005,rag_0006,rag_0007,rag_0008,rag_0009,rag_0010,rag_0011,rag_0012,rag_0013,rag_0014,rag_0015,rag_0016,rag_0017,rag_0018,rag_0019,rag_0020,rag_0021,rag_0022,rag_0023,rag_0024,rag_0025,rag_0026,rag_0027,rag_0028,rag_0029,hist_0000,hist_0001,hist_0002,hist_0003,hist_0004,hist_0005,hist_0006,hist_0007,hist_0008,hist_0009,hist_0010,hist_0011,hist_0012,hist_0013,hist_0014,hist_0015,hist_0016,hist_0017,hist_0018,hist_0019,hist_0020,hist_0021,hist_0022,hist_0023,hist_0024,hist_0025,hist_0026,hist_0027,hist_0028,hist_0029,hist_0030,hist_0031,hist_0032,hist_0033,hist_0034,hist_0035,hist_0036,hist_0037,hist_0038,hist_0039,toolres_0000,toolres_0001,toolres_0002,toolres_0003,toolres_0004,toolres_0005,toolres_0006,toolres_0007,toolres_0008,toolres_0009,agent_0000,agent_reviewer,agent_0002,agent_0003,agent_0004,agent_0005,agent_0006,agent_0007,agent_0008,agent_0009,user_current"
mixed_overflow,Mixed overflow,mixed-overflow,recency,1,256k,cl100k_base,262144,16384,2048,243712,115,113,113,1840,1808,116609,116276,127436,0.4771,1.0,1.0,1.0,rag_sla_p1,,,0,,0,,False,False,,0,,14.227,0.101,0.118,0.017441,o200k_base,115880,False,"{""agent"": 10, ""history"": 40, ""memory"": 12, ""rag"": 30, ""security"": 3, ""system"": 2, ""tool_result"": 10, ""tool_schema"": 5, ""user"": 1}","{""agent"": 8293, ""history"": 36640, ""memory"": 10134, ""rag"": 42480, ""security"": 273, ""system"": 349, ""tool_result"": 18160, ""tool_schema"": 221, ""user"": 59}","{""agent"": 242746, ""history"": 242746, ""memory"": 232267, ""rag"": 232267, ""security"": 273, ""system"": 349, ""tool_result"": 242746, ""tool_schema"": 221, ""user"": 59}","{""agent"": 8293, ""history"": 36640, ""memory"": 10134, ""rag"": 42480, ""security"": 273, ""system"": 349, ""tool_result"": 18160, ""tool_schema"": 221, ""user"": 59}",protected first | live classes newest-first (no oldest-history pin) | knowledge fills remainder by relevance | no elastic floors/ceilings,38a74df0e6d06ba9e9b94856f48b0ddb1b8ae899ee55811c492bef39e449cbde,f39674b94127c59b023386d0f5b2a6164765610cc1cb14278078dcd7e9930888,"sys_platform,sys_style,sec_tenant,sec_prod,sec_secrets,tool_search_docs,tool_get_incident,tool_list_exceptions,tool_run_query,tool_page_oncall,mem_customer,mem_0001,mem_0002,mem_0003,mem_0004,mem_0005,mem_0006,mem_0007,mem_0008,mem_0009,mem_0010,mem_0011,rag_sla_p1,rag_0000,rag_0001,rag_0002,rag_0003,rag_0005,rag_0006,rag_0007,rag_0008,rag_0009,rag_0010,rag_0011,rag_0012,rag_0013,rag_0014,rag_0015,rag_0016,rag_0017,rag_0018,rag_0019,rag_0020,rag_0021,rag_0022,rag_0023,rag_0024,rag_0025,rag_0026,rag_0027,rag_0028,rag_0029,hist_0000,hist_0001,hist_0002,hist_0003,hist_0004,hist_0005,hist_0006,hist_0007,hist_0008,hist_0009,hist_0010,hist_0011,hist_0012,hist_0013,hist_0014,hist_0015,hist_0016,hist_0017,hist_0018,hist_0019,hist_0020,hist_0021,hist_0022,hist_0023,hist_0024,hist_0025,hist_0026,hist_0027,hist_0028,hist_0029,hist_0030,hist_0031,hist_0032,hist_0033,hist_0034,hist_0035,hist_0036,hist_0037,hist_0038,hist_0039,toolres_0000,toolres_0001,toolres_0002,toolres_0003,toolres_0004,toolres_0005,toolres_0006,toolres_0007,toolres_0008,toolres_0009,agent_0000,agent_reviewer,agent_0002,agent_0003,agent_0004,agent_0005,agent_0006,agent_0007,agent_0008,agent_0009,user_current"
multiplayer_heavy,Multiplayer-heavy,multiplayer-heavy,fixed_quota,1,32k,cl100k_base,32768,4096,512,28160,56,54,34,896,864,27748,27633,527,0.9813,1.0,1.0,1.0,agent_rate_limit,,,0,,0,,False,False,,0,,7.086,0.068,0.033,0.004145,o200k_base,27502,False,"{""agent"": 16, ""history"": 6, ""rag"": 1, ""security"": 3, ""system"": 2, ""tool_schema"": 5, ""user"": 1}","{""agent"": 56617, ""history"": 2496, ""memory"": 0, ""rag"": 79, ""security"": 273, ""system"": 349, ""tool_result"": 0, ""tool_schema"": 221, ""user"": 33}","{""agent"": 4083, ""history"": 8166, ""memory"": 2722, ""rag"": 6805, ""security"": 273, ""system"": 349, ""tool_result"": 5444, ""tool_schema"": 221, ""user"": 33}","{""agent"": 24297, ""history"": 2496, ""rag"": 79, ""security"": 273, ""system"": 349, ""tool_schema"": 221, ""user"": 33}",protected first | fixed elastic quotas | spillover in spillover_order | spillover consumed packing leftover,d72638fec580f96da547615d8be501fb97829428ac36d617526354c7c123012d,e8296be6e653a815656f7506b3c06fd98c4a1ff3266d28665c60f6793d357542,"sys_platform,sys_style,sec_tenant,sec_prod,sec_secrets,tool_search_docs,tool_get_incident,tool_list_exceptions,tool_run_query,tool_page_oncall,rag_rate_limit,hist_0000,hist_0001,hist_0002,hist_0003,hist_0004,hist_0005,agent_rate_limit,agent_0021,agent_0022,agent_0023,agent_0024,agent_0025,agent_0026,agent_0027,agent_0028,agent_0029,agent_0030,agent_0031,agent_0032,agent_0033,agent_0034,agent_0035,user_current"
multiplayer_heavy,Multiplayer-heavy,multiplayer-heavy,waterfill,1,32k,cl100k_base,32768,4096,512,28160,56,54,24,896,864,11588,11509,16651,0.4087,1.0,1.0,1.0,agent_rate_limit,,,0,,0,,False,False,,0,,7.234,0.071,0.017,0.001726,o200k_base,11469,False,"{""agent"": 6, ""history"": 6, ""rag"": 1, ""security"": 3, ""system"": 2, ""tool_schema"": 5, ""user"": 1}","{""agent"": 56617, ""history"": 2496, ""memory"": 0, ""rag"": 79, ""security"": 273, ""system"": 349, ""tool_result"": 0, ""tool_schema"": 221, ""user"": 33}","{""agent"": 8166, ""history"": 2496, ""memory"": 0, ""rag"": 79, ""security"": 273, ""system"": 349, ""tool_result"": 0, ""tool_schema"": 221, ""user"": 33}","{""agent"": 8137, ""history"": 2496, ""rag"": 79, ""security"": 273, ""system"": 349, ""tool_schema"": 221, ""user"": 33}",protected first | elastic floors | weighted water-fill | ceilings,7790c6452ac912396ea920d6e3f66b958e7faf4d076d2507daa9937462f79643,09cb538856dd8101d04de98fa838fadf601e675c61d91cfeb64e97b3b84b0c82,"sys_platform,sys_style,sec_tenant,sec_prod,sec_secrets,tool_search_docs,tool_get_incident,tool_list_exceptions,tool_run_query,tool_page_oncall,rag_rate_limit,hist_0000,hist_0001,hist_0002,hist_0003,hist_0004,hist_0005,agent_rate_limit,agent_0031,agent_0032,agent_0033,agent_0034,agent_0035,user_current"
multiplayer_heavy,Multiplayer-heavy,multiplayer-heavy,utility,1,32k,cl100k_base,32768,4096,512,28160,56,54,24,896,864,11588,11509,16651,0.4087,1.0,1.0,1.0,agent_rate_limit,,,0,,0,,False,False,,0,,7.397,0.093,0.017,0.001726,o200k_base,11469,False,"{""agent"": 6, ""history"": 6, ""rag"": 1, ""security"": 3, ""system"": 2, ""tool_schema"": 5, ""user"": 1}","{""agent"": 56617, ""history"": 2496, ""memory"": 0, ""rag"": 79, ""security"": 273, ""system"": 349, ""tool_result"": 0, ""tool_schema"": 221, ""user"": 33}","{""agent"": 8137, ""history"": 2496, ""memory"": 0, ""rag"": 79, ""security"": 273, ""system"": 349, ""tool_result"": 0, ""tool_schema"": 221, ""user"": 33}","{""agent"": 8137, ""history"": 2496, ""rag"": 79, ""security"": 273, ""system"": 349, ""tool_schema"": 221, ""user"": 33}",protected first | elastic floors | greedy score packing | ceilings,7790c6452ac912396ea920d6e3f66b958e7faf4d076d2507daa9937462f79643,57647fd3030f4e9b6c090ddcc149fc98870858f582ab1289eb9e69b63a087f3f,"sys_platform,sys_style,sec_tenant,sec_prod,sec_secrets,tool_search_docs,tool_get_incident,tool_list_exceptions,tool_run_query,tool_page_oncall,rag_rate_limit,hist_0000,hist_0001,hist_0002,hist_0003,hist_0004,hist_0005,agent_rate_limit,agent_0031,agent_0032,agent_0033,agent_0034,agent_0035,user_current"
multiplayer_heavy,Multiplayer-heavy,multiplayer-heavy,recency,1,32k,cl100k_base,32768,4096,512,28160,56,54,28,896,864,26811,26711,1449,0.9485,1.0,1.0,0.0,,agent_rate_limit,history,1,,0,,False,False,,0,,7.228,0.049,0.029,0.004007,o200k_base,26564,False,"{""agent"": 16, ""rag"": 1, ""security"": 3, ""system"": 2, ""tool_schema"": 5, ""user"": 1}","{""agent"": 56617, ""history"": 2496, ""memory"": 0, ""rag"": 79, ""security"": 273, ""system"": 349, ""tool_result"": 0, ""tool_schema"": 221, ""user"": 33}","{""agent"": 27220, ""history"": 27220, ""memory"": 1443, ""rag"": 1443, ""security"": 273, ""system"": 349, ""tool_result"": 27220, ""tool_schema"": 221, ""user"": 33}","{""agent"": 25856, ""rag"": 79, ""security"": 273, ""system"": 349, ""tool_schema"": 221, ""user"": 33}",protected first | live classes newest-first (no oldest-history pin) | knowledge fills remainder by relevance | no elastic floors/ceilings,825f965c401cb9bae21db68658278727b93e29dd6df715d4390f1790707754d4,f4b5948534cd2c59032663f739de8d55ac56160fd8c1e0ea894927dbc92a3114,"sys_platform,sys_style,sec_tenant,sec_prod,sec_secrets,tool_search_docs,tool_get_incident,tool_list_exceptions,tool_run_query,tool_page_oncall,rag_rate_limit,agent_0020,agent_0021,agent_0022,agent_0023,agent_0024,agent_0025,agent_0026,agent_0027,agent_0028,agent_0029,agent_0030,agent_0031,agent_0032,agent_0033,agent_0034,agent_0035,user_current"
multiplayer_heavy,Multiplayer-heavy,multiplayer-heavy,fixed_quota,1,64k,cl100k_base,65536,8192,1024,56320,56,54,51,896,864,55220,55048,1272,0.9774,1.0,1.0,1.0,agent_rate_limit,,,0,,0,,False,False,,0,,7.299,0.066,0.057,0.008257,o200k_base,54832,False,"{""agent"": 33, ""history"": 6, ""rag"": 1, ""security"": 3, ""system"": 2, ""tool_schema"": 5, ""user"": 1}","{""agent"": 56617, ""history"": 2496, ""memory"": 0, ""rag"": 79, ""security"": 273, ""system"": 349, ""tool_result"": 0, ""tool_schema"": 221, ""user"": 33}","{""agent"": 8307, ""history"": 16614, ""memory"": 5538, ""rag"": 13845, ""security"": 273, ""system"": 349, ""tool_result"": 11076, ""tool_schema"": 221, ""user"": 33}","{""agent"": 51769, ""history"": 2496, ""rag"": 79, ""security"": 273, ""system"": 349, ""tool_schema"": 221, ""user"": 33}",protected first | fixed elastic quotas | spillover in spillover_order | spillover consumed packing leftover,336cb2ec2ab9e0f59d9fa71246422eddd1104c5450da65cef0515d309362dc08,c4366b37bedcfe1915b1c78124b6ef3e09c891e3e9deb6bafafb3968f2270427,"sys_platform,sys_style,sec_tenant,sec_prod,sec_secrets,tool_search_docs,tool_get_incident,tool_list_exceptions,tool_run_query,tool_page_oncall,rag_rate_limit,hist_0000,hist_0001,hist_0002,hist_0003,hist_0004,hist_0005,agent_0003,agent_0004,agent_rate_limit,agent_0006,agent_0007,agent_0008,agent_0009,agent_0010,agent_0011,agent_0012,agent_0013,agent_0014,agent_0015,agent_0016,agent_0017,agent_0018,agent_0019,agent_0020,agent_0021,agent_0022,agent_0023,agent_0024,agent_0025,agent_0026,agent_0027,agent_0028,agent_0029,agent_0030,agent_0031,agent_0032,agent_0033,agent_0034,agent_0035,user_current"
multiplayer_heavy,Multiplayer-heavy,multiplayer-heavy,waterfill,1,64k,cl100k_base,65536,8192,1024,56320,56,54,29,896,864,19668,19571,36749,0.3475,1.0,1.0,1.0,agent_rate_limit,,,0,,0,,False,False,,0,,7.21,0.068,0.024,0.002936,o200k_base,19474,False,"{""agent"": 11, ""history"": 6, ""rag"": 1, ""security"": 3, ""system"": 2, ""tool_schema"": 5, ""user"": 1}","{""agent"": 56617, ""history"": 2496, ""memory"": 0, ""rag"": 79, ""security"": 273, ""system"": 349, ""tool_result"": 0, ""tool_schema"": 221, ""user"": 33}","{""agent"": 16614, ""history"": 2496, ""memory"": 0, ""rag"": 79, ""security"": 273, ""system"": 349, ""tool_result"": 0, ""tool_schema"": 221, ""user"": 33}","{""agent"": 16217, ""history"": 2496, ""rag"": 79, ""security"": 273, ""system"": 349, ""tool_schema"": 221, ""user"": 33}",protected first | elastic floors | weighted water-fill | ceilings,44f0b1f97e6beaaed7c9c7c279b163c07d95bab5f931fc2eb1693cbda872047c,222641869a0f6d5fc611e3de9ea6875b7a926112c8fd4ef02eabf16b8dbcef7d,"sys_platform,sys_style,sec_tenant,sec_prod,sec_secrets,tool_search_docs,tool_get_incident,tool_list_exceptions,tool_run_query,tool_page_oncall,rag_rate_limit,hist_0000,hist_0001,hist_0002,hist_0003,hist_0004,hist_0005,agent_rate_limit,agent_0026,agent_0027,agent_0028,agent_0029,agent_0030,agent_0031,agent_0032,agent_0033,agent_0034,agent_0035,user_current"
multiplayer_heavy,Multiplayer-heavy,multiplayer-heavy,utility,1,64k,cl100k_base,65536,8192,1024,56320,56,54,29,896,864,19668,19571,36749,0.3475,1.0,1.0,1.0,agent_rate_limit,,,0,,0,,False,False,,0,,7.223,0.091,0.023,0.002936,o200k_base,19474,False,"{""agent"": 11, ""history"": 6, ""rag"": 1, ""security"": 3, ""system"": 2, ""tool_schema"": 5, ""user"": 1}","{""agent"": 56617, ""history"": 2496, ""memory"": 0, ""rag"": 79, ""security"": 273, ""system"": 349, ""tool_result"": 0, ""tool_schema"": 221, ""user"": 33}","{""agent"": 16217, ""history"": 2496, ""memory"": 0, ""rag"": 79, ""security"": 273, ""system"": 349, ""tool_result"": 0, ""tool_schema"": 221, ""user"": 33}","{""agent"": 16217, ""history"": 2496, ""rag"": 79, ""security"": 273, ""system"": 349, ""tool_schema"": 221, ""user"": 33}",protected first | elastic floors | greedy score packing | ceilings,44f0b1f97e6beaaed7c9c7c279b163c07d95bab5f931fc2eb1693cbda872047c,2cb0366f39b5b0cd84fb7f22b93924aa11a1cdddfc2130bc634ff8124ffcc455,"sys_platform,sys_style,sec_tenant,sec_prod,sec_secrets,tool_search_docs,tool_get_incident,tool_list_exceptions,tool_run_query,tool_page_oncall,rag_rate_limit,hist_0000,hist_0001,hist_0002,hist_0003,hist_0004,hist_0005,agent_rate_limit,agent_0026,agent_0027,agent_0028,agent_0029,agent_0030,agent_0031,agent_0032,agent_0033,agent_0034,agent_0035,user_current"
multiplayer_heavy,Multiplayer-heavy,multiplayer-heavy,recency,1,64k,cl100k_base,65536,8192,1024,56320,56,54,47,896,864,55956,55789,531,0.9906,1.0,1.0,1.0,agent_rate_limit,,history,1,,0,,False,False,,0,,7.139,0.054,0.055,0.008368,o200k_base,55579,False,"{""agent"": 35, ""rag"": 1, ""security"": 3, ""system"": 2, ""tool_schema"": 5, ""user"": 1}","{""agent"": 56617, ""history"": 2496, ""memory"": 0, ""rag"": 79, ""security"": 273, ""system"": 349, ""tool_result"": 0, ""tool_schema"": 221, ""user"": 33}","{""agent"": 55380, ""history"": 55380, ""memory"": 458, ""rag"": 458, ""security"": 273, ""system"": 349, ""tool_result"": 55380, ""tool_schema"": 221, ""user"": 33}","{""agent"": 55001, ""rag"": 79, ""security"": 273, ""system"": 349, ""tool_schema"": 221, ""user"": 33}",protected first | live classes newest-first (no oldest-history pin) | knowledge fills remainder by relevance | no elastic floors/ceilings,800da75a3a28d531fbf2b0475f826624ed67cc38245174dfd9ec4fc4f5ef4612,9eac13a5261e9dce3e8c827508042908db0e1311b97e452e8c7f72a9afaccad6,"sys_platform,sys_style,sec_tenant,sec_prod,sec_secrets,tool_search_docs,tool_get_incident,tool_list_exceptions,tool_run_query,tool_page_oncall,rag_rate_limit,agent_0001,agent_0002,agent_0003,agent_0004,agent_rate_limit,agent_0006,agent_0007,agent_0008,agent_0009,agent_0010,agent_0011,agent_0012,agent_0013,agent_0014,agent_0015,agent_0016,agent_0017,agent_0018,agent_0019,agent_0020,agent_0021,agent_0022,agent_0023,agent_0024,agent_0025,agent_0026,agent_0027,agent_0028,agent_0029,agent_0030,agent_0031,agent_0032,agent_0033,agent_0034,agent_0035,user_current"
multiplayer_heavy,Multiplayer-heavy,multiplayer-heavy,fixed_quota,1,128k,cl100k_base,131072,8192,2048,120832,56,54,54,896,864,60068,59885,60947,0.4956,1.0,1.0,1.0,agent_rate_limit,,,0,,0,,False,False,,0,,7.151,0.061,0.061,0.008983,o200k_base,59662,False,"{""agent"": 36, ""history"": 6, ""rag"": 1, ""security"": 3, ""system"": 2, ""tool_schema"": 5, ""user"": 1}","{""agent"": 56617, ""history"": 2496, ""memory"": 0, ""rag"": 79, ""security"": 273, ""system"": 349, ""tool_result"": 0, ""tool_schema"": 221, ""user"": 33}","{""agent"": 17984, ""history"": 35968, ""memory"": 11989, ""rag"": 29973, ""security"": 273, ""system"": 349, ""tool_result"": 23978, ""tool_schema"": 221, ""user"": 33}","{""agent"": 56617, ""history"": 2496, ""rag"": 79, ""security"": 273, ""system"": 349, ""tool_schema"": 221, ""user"": 33}",protected first | fixed elastic quotas | spillover in spillover_order | spillover consumed packing leftover,eb404b11367a75f9a25b37ab4a5768585fd254d8fdea6b471f5941618affd47c,5142e0e8433f990f51370c182b9223ad8f1763ecac3e7b988a5cbd6f6e73ace9,"sys_platform,sys_style,sec_tenant,sec_prod,sec_secrets,tool_search_docs,tool_get_incident,tool_list_exceptions,tool_run_query,tool_page_oncall,rag_rate_limit,hist_0000,hist_0001,hist_0002,hist_0003,hist_0004,hist_0005,agent_0000,agent_0001,agent_0002,agent_0003,agent_0004,agent_rate_limit,agent_0006,agent_0007,agent_0008,agent_0009,agent_0010,agent_0011,agent_0012,agent_0013,agent_0014,agent_0015,agent_0016,agent_0017,agent_0018,agent_0019,agent_0020,agent_0021,agent_0022,agent_0023,agent_0024,agent_0025,agent_0026,agent_0027,agent_0028,agent_0029,agent_0030,agent_0031,agent_0032,agent_0033,agent_0034,agent_0035,user_current"
multiplayer_heavy,Multiplayer-heavy,multiplayer-heavy,waterfill,1,128k,cl100k_base,131072,8192,2048,120832,56,54,41,896,864,39060,38921,81911,0.3221,1.0,1.0,1.0,agent_rate_limit,,,0,,0,,False,False,,0,,7.168,0.066,0.04,0.005838,o200k_base,38751,False,"{""agent"": 23, ""history"": 6, ""rag"": 1, ""security"": 3, ""system"": 2, ""tool_schema"": 5, ""user"": 1}","{""agent"": 56617, ""history"": 2496, ""memory"": 0, ""rag"": 79, ""security"": 273, ""system"": 349, ""tool_result"": 0, ""tool_schema"": 221, ""user"": 33}","{""agent"": 35967, ""history"": 2496, ""memory"": 0, ""rag"": 79, ""security"": 273, ""system"": 349, ""tool_result"": 0, ""tool_schema"": 221, ""user"": 33}","{""agent"": 35609, ""history"": 2496, ""rag"": 79, ""security"": 273, ""system"": 349, ""tool_schema"": 221, ""user"": 33}",protected first | elastic floors | weighted water-fill | ceilings,4a05b7cffbc5ece63d7b8117f140a09e2043894986abfc59e4c9c33a24021b16,8d0f6657b496cf29436d3d537a3438b68168f48a0775dbee2a4e24c56c33d04a,"sys_platform,sys_style,sec_tenant,sec_prod,sec_secrets,tool_search_docs,tool_get_incident,tool_list_exceptions,tool_run_query,tool_page_oncall,rag_rate_limit,hist_0000,hist_0001,hist_0002,hist_0003,hist_0004,hist_0005,agent_rate_limit,agent_0014,agent_0015,agent_0016,agent_0017,agent_0018,agent_0019,agent_0020,agent_0021,agent_0022,agent_0023,agent_0024,agent_0025,agent_0026,agent_0027,agent_0028,agent_0029,agent_0030,agent_0031,agent_0032,agent_0033,agent_0034,agent_0035,user_current"
multiplayer_heavy,Multiplayer-heavy,multiplayer-heavy,utility,1,128k,cl100k_base,131072,8192,2048,120832,56,54,41,896,864,39060,38921,81911,0.3221,1.0,1.0,1.0,agent_rate_limit,,,0,,0,,False,False,,0,,7.159,0.09,0.042,0.005838,o200k_base,38751,False,"{""agent"": 23, ""history"": 6, ""rag"": 1, ""security"": 3, ""system"": 2, ""tool_schema"": 5, ""user"": 1}","{""agent"": 56617, ""history"": 2496, ""memory"": 0, ""rag"": 79, ""security"": 273, ""system"": 349, ""tool_result"": 0, ""tool_schema"": 221, ""user"": 33}","{""agent"": 35609, ""history"": 2496, ""memory"": 0, ""rag"": 79, ""security"": 273, ""system"": 349, ""tool_result"": 0, ""tool_schema"": 221, ""user"": 33}","{""agent"": 35609, ""history"": 2496, ""rag"": 79, ""security"": 273, ""system"": 349, ""tool_schema"": 221, ""user"": 33}",protected first | elastic floors | greedy score packing | ceilings,4a05b7cffbc5ece63d7b8117f140a09e2043894986abfc59e4c9c33a24021b16,054c4def8893b603462a836b894e3abeee863e4e70014626199ca3b665a7a306,"sys_platform,sys_style,sec_tenant,sec_prod,sec_secrets,tool_search_docs,tool_get_incident,tool_list_exceptions,tool_run_query,tool_page_oncall,rag_rate_limit,hist_0000,hist_0001,hist_0002,hist_0003,hist_0004,hist_0005,agent_rate_limit,agent_0014,agent_0015,agent_0016,agent_0017,agent_0018,agent_0019,agent_0020,agent_0021,agent_0022,agent_0023,agent_0024,agent_0025,agent_0026,agent_0027,agent_0028,agent_0029,agent_0030,agent_0031,agent_0032,agent_0033,agent_0034,agent_0035,user_current"
multiplayer_heavy,Multiplayer-heavy,multiplayer-heavy,recency,1,128k,cl100k_base,131072,8192,2048,120832,56,54,54,896,864,60068,59885,60947,0.4956,1.0,1.0,1.0,agent_rate_limit,,,0,,0,,False,False,,0,,7.157,0.054,0.058,0.008983,o200k_base,59662,False,"{""agent"": 36, ""history"": 6, ""rag"": 1, ""security"": 3, ""system"": 2, ""tool_schema"": 5, ""user"": 1}","{""agent"": 56617, ""history"": 2496, ""memory"": 0, ""rag"": 79, ""security"": 273, ""system"": 349, ""tool_result"": 0, ""tool_schema"": 221, ""user"": 33}","{""agent"": 119892, ""history"": 119892, ""memory"": 60858, ""rag"": 60858, ""security"": 273, ""system"": 349, ""tool_result"": 119892, ""tool_schema"": 221, ""user"": 33}","{""agent"": 56617, ""history"": 2496, ""rag"": 79, ""security"": 273, ""system"": 349, ""tool_schema"": 221, ""user"": 33}",protected first | live classes newest-first (no oldest-history pin) | knowledge fills remainder by relevance | no elastic floors/ceilings,eb404b11367a75f9a25b37ab4a5768585fd254d8fdea6b471f5941618affd47c,caffc6f7eba5db3147be9ffcdf172b5419665dabb21aa6235ff9ecf95e10dce9,"sys_platform,sys_style,sec_tenant,sec_prod,sec_secrets,tool_search_docs,tool_get_incident,tool_list_exceptions,tool_run_query,tool_page_oncall,rag_rate_limit,hist_0000,hist_0001,hist_0002,hist_0003,hist_0004,hist_0005,agent_0000,agent_0001,agent_0002,agent_0003,agent_0004,agent_rate_limit,agent_0006,agent_0007,agent_0008,agent_0009,agent_0010,agent_0011,agent_0012,agent_0013,agent_0014,agent_0015,agent_0016,agent_0017,agent_0018,agent_0019,agent_0020,agent_0021,agent_0022,agent_0023,agent_0024,agent_0025,agent_0026,agent_0027,agent_0028,agent_0029,agent_0030,agent_0031,agent_0032,agent_0033,agent_0034,agent_0035,user_current"
multiplayer_heavy,Multiplayer-heavy,multiplayer-heavy,fixed_quota,1,256k,cl100k_base,262144,16384,2048,243712,56,54,54,896,864,60068,59885,183827,0.2457,1.0,1.0,1.0,agent_rate_limit,,,0,,0,,False,False,,0,,7.363,0.065,0.06,0.008983,o200k_base,59662,False,"{""agent"": 36, ""history"": 6, ""rag"": 1, ""security"": 3, ""system"": 2, ""tool_schema"": 5, ""user"": 1}","{""agent"": 56617, ""history"": 2496, ""memory"": 0, ""rag"": 79, ""security"": 273, ""system"": 349, ""tool_result"": 0, ""tool_schema"": 221, ""user"": 33}","{""agent"": 36416, ""history"": 72832, ""memory"": 24277, ""rag"": 60693, ""security"": 273, ""system"": 349, ""tool_result"": 48554, ""tool_schema"": 221, ""user"": 33}","{""agent"": 56617, ""history"": 2496, ""rag"": 79, ""security"": 273, ""system"": 349, ""tool_schema"": 221, ""user"": 33}",protected first | fixed elastic quotas | spillover in spillover_order | spillover consumed packing leftover,eb404b11367a75f9a25b37ab4a5768585fd254d8fdea6b471f5941618affd47c,5142e0e8433f990f51370c182b9223ad8f1763ecac3e7b988a5cbd6f6e73ace9,"sys_platform,sys_style,sec_tenant,sec_prod,sec_secrets,tool_search_docs,tool_get_incident,tool_list_exceptions,tool_run_query,tool_page_oncall,rag_rate_limit,hist_0000,hist_0001,hist_0002,hist_0003,hist_0004,hist_0005,agent_0000,agent_0001,agent_0002,agent_0003,agent_0004,agent_rate_limit,agent_0006,agent_0007,agent_0008,agent_0009,agent_0010,agent_0011,agent_0012,agent_0013,agent_0014,agent_0015,agent_0016,agent_0017,agent_0018,agent_0019,agent_0020,agent_0021,agent_0022,agent_0023,agent_0024,agent_0025,agent_0026,agent_0027,agent_0028,agent_0029,agent_0030,agent_0031,agent_0032,agent_0033,agent_0034,agent_0035,user_current"
multiplayer_heavy,Multiplayer-heavy,multiplayer-heavy,waterfill,1,256k,cl100k_base,262144,16384,2048,243712,56,54,54,896,864,60068,59885,183827,0.2457,1.0,1.0,1.0,agent_rate_limit,,,0,,0,,False,False,,0,,7.353,0.071,0.081,0.008983,o200k_base,59662,False,"{""agent"": 36, ""history"": 6, ""rag"": 1, ""security"": 3, ""system"": 2, ""tool_schema"": 5, ""user"": 1}","{""agent"": 56617, ""history"": 2496, ""memory"": 0, ""rag"": 79, ""security"": 273, ""system"": 349, ""tool_result"": 0, ""tool_schema"": 221, ""user"": 33}","{""agent"": 56617, ""history"": 2496, ""memory"": 0, ""rag"": 79, ""security"": 273, ""system"": 349, ""tool_result"": 0, ""tool_schema"": 221, ""user"": 33}","{""agent"": 56617, ""history"": 2496, ""rag"": 79, ""security"": 273, ""system"": 349, ""tool_schema"": 221, ""user"": 33}",protected first | elastic floors | weighted water-fill | ceilings,eb404b11367a75f9a25b37ab4a5768585fd254d8fdea6b471f5941618affd47c,8d611a0637d85bed6f3bbdad8f084e86003d4e29ec9e39a155b7e33a2d9458d9,"sys_platform,sys_style,sec_tenant,sec_prod,sec_secrets,tool_search_docs,tool_get_incident,tool_list_exceptions,tool_run_query,tool_page_oncall,rag_rate_limit,hist_0000,hist_0001,hist_0002,hist_0003,hist_0004,hist_0005,agent_0000,agent_0001,agent_0002,agent_0003,agent_0004,agent_rate_limit,agent_0006,agent_0007,agent_0008,agent_0009,agent_0010,agent_0011,agent_0012,agent_0013,agent_0014,agent_0015,agent_0016,agent_0017,agent_0018,agent_0019,agent_0020,agent_0021,agent_0022,agent_0023,agent_0024,agent_0025,agent_0026,agent_0027,agent_0028,agent_0029,agent_0030,agent_0031,agent_0032,agent_0033,agent_0034,agent_0035,user_current"
multiplayer_heavy,Multiplayer-heavy,multiplayer-heavy,utility,1,256k,cl100k_base,262144,16384,2048,243712,56,54,54,896,864,60068,59885,183827,0.2457,1.0,1.0,1.0,agent_rate_limit,,,0,,0,,False,False,,0,,7.237,0.089,0.061,0.008983,o200k_base,59662,False,"{""agent"": 36, ""history"": 6, ""rag"": 1, ""security"": 3, ""system"": 2, ""tool_schema"": 5, ""user"": 1}","{""agent"": 56617, ""history"": 2496, ""memory"": 0, ""rag"": 79, ""security"": 273, ""system"": 349, ""tool_result"": 0, ""tool_schema"": 221, ""user"": 33}","{""agent"": 56617, ""history"": 2496, ""memory"": 0, ""rag"": 79, ""security"": 273, ""system"": 349, ""tool_result"": 0, ""tool_schema"": 221, ""user"": 33}","{""agent"": 56617, ""history"": 2496, ""rag"": 79, ""security"": 273, ""system"": 349, ""tool_schema"": 221, ""user"": 33}",protected first | elastic floors | greedy score packing | ceilings,eb404b11367a75f9a25b37ab4a5768585fd254d8fdea6b471f5941618affd47c,b1b9d97716f6b9e4327b818043c45a0e46e758350b11dba782898a5d0a7f5e26,"sys_platform,sys_style,sec_tenant,sec_prod,sec_secrets,tool_search_docs,tool_get_incident,tool_list_exceptions,tool_run_query,tool_page_oncall,rag_rate_limit,hist_0000,hist_0001,hist_0002,hist_0003,hist_0004,hist_0005,agent_0000,agent_0001,agent_0002,agent_0003,agent_0004,agent_rate_limit,agent_0006,agent_0007,agent_0008,agent_0009,agent_0010,agent_0011,agent_0012,agent_0013,agent_0014,agent_0015,agent_0016,agent_0017,agent_0018,agent_0019,agent_0020,agent_0021,agent_0022,agent_0023,agent_0024,agent_0025,agent_0026,agent_0027,agent_0028,agent_0029,agent_0030,agent_0031,agent_0032,agent_0033,agent_0034,agent_0035,user_current"
multiplayer_heavy,Multiplayer-heavy,multiplayer-heavy,recency,1,256k,cl100k_base,262144,16384,2048,243712,56,54,54,896,864,60068,59885,183827,0.2457,1.0,1.0,1.0,agent_rate_limit,,,0,,0,,False,False,,0,,7.248,0.055,0.059,0.008983,o200k_base,59662,False,"{""agent"": 36, ""history"": 6, ""rag"": 1, ""security"": 3, ""system"": 2, ""tool_schema"": 5, ""user"": 1}","{""agent"": 56617, ""history"": 2496, ""memory"": 0, ""rag"": 79, ""security"": 273, ""system"": 349, ""tool_result"": 0, ""tool_schema"": 221, ""user"": 33}","{""agent"": 242772, ""history"": 242772, ""memory"": 183738, ""rag"": 183738, ""security"": 273, ""system"": 349, ""tool_result"": 242772, ""tool_schema"": 221, ""user"": 33}","{""agent"": 56617, ""history"": 2496, ""rag"": 79, ""security"": 273, ""system"": 349, ""tool_schema"": 221, ""user"": 33}",protected first | live classes newest-first (no oldest-history pin) | knowledge fills remainder by relevance | no elastic floors/ceilings,eb404b11367a75f9a25b37ab4a5768585fd254d8fdea6b471f5941618affd47c,caffc6f7eba5db3147be9ffcdf172b5419665dabb21aa6235ff9ecf95e10dce9,"sys_platform,sys_style,sec_tenant,sec_prod,sec_secrets,tool_search_docs,tool_get_incident,tool_list_exceptions,tool_run_query,tool_page_oncall,rag_rate_limit,hist_0000,hist_0001,hist_0002,hist_0003,hist_0004,hist_0005,agent_0000,agent_0001,agent_0002,agent_0003,agent_0004,agent_rate_limit,agent_0006,agent_0007,agent_0008,agent_0009,agent_0010,agent_0011,agent_0012,agent_0013,agent_0014,agent_0015,agent_0016,agent_0017,agent_0018,agent_0019,agent_0020,agent_0021,agent_0022,agent_0023,agent_0024,agent_0025,agent_0026,agent_0027,agent_0028,agent_0029,agent_0030,agent_0031,agent_0032,agent_0033,agent_0034,agent_0035,user_current"
needle_rag,Small critical evidence easy to lose,needle,fixed_quota,1,32k,cl100k_base,32768,4096,512,28160,73,71,38,1168,1136,27813,27690,470,0.9833,1.0,1.0,0.0,,rag_cutoff_needle,,0,,0,,False,False,,0,,9.33,0.074,0.033,0.004154,o200k_base,27629,False,"{""history"": 20, ""rag"": 7, ""security"": 3, ""system"": 2, ""tool_schema"": 5, ""user"": 1}","{""agent"": 0, ""history"": 16320, ""memory"": 0, ""rag"": 60640, ""security"": 273, ""system"": 349, ""tool_result"": 0, ""tool_schema"": 221, ""user"": 38}","{""agent"": 4082, ""history"": 8165, ""memory"": 2721, ""rag"": 6804, ""security"": 273, ""system"": 349, ""tool_result"": 5443, ""tool_schema"": 221, ""user"": 38}","{""history"": 16320, ""rag"": 10612, ""security"": 273, ""system"": 349, ""tool_schema"": 221, ""user"": 38}",protected first | fixed elastic quotas | spillover in spillover_order | spillover consumed packing leftover,60ead9a7f61f604d58b3b888d84092336b437de474a4ad992555cd2bdbf3dfd9,f0354d76772c47823f7833d595fc700fc11a58e123cdf3df670ee1f4de87c4e9,"sys_platform,sys_style,sec_tenant,sec_prod,sec_secrets,tool_search_docs,tool_get_incident,tool_list_exceptions,tool_run_query,tool_page_oncall,rag_0000,rag_0001,rag_0002,rag_0003,rag_0004,rag_0005,rag_0006,hist_0000,hist_0001,hist_0002,hist_0003,hist_0004,hist_0005,hist_0006,hist_0007,hist_0008,hist_0009,hist_0010,hist_0011,hist_0012,hist_0013,hist_0014,hist_0015,hist_0016,hist_0017,hist_0018,hist_0019,user_current"
needle_rag,Small critical evidence easy to lose,needle,waterfill,1,32k,cl100k_base,32768,4096,512,28160,73,71,35,1168,1136,26065,25951,2209,0.9216,1.0,1.0,0.0,,rag_cutoff_needle,,0,,0,,False,False,,0,,9.387,0.079,0.03,0.003893,o200k_base,25884,False,"{""history"": 16, ""rag"": 8, ""security"": 3, ""system"": 2, ""tool_schema"": 5, ""user"": 1}","{""agent"": 0, ""history"": 16320, ""memory"": 0, ""rag"": 60640, ""security"": 273, ""system"": 349, ""tool_result"": 0, ""tool_schema"": 221, ""user"": 38}","{""agent"": 0, ""history"": 13607, ""memory"": 0, ""rag"": 12246, ""security"": 273, ""system"": 349, ""tool_result"": 0, ""tool_schema"": 221, ""user"": 38}","{""history"": 13056, ""rag"": 12128, ""security"": 273, ""system"": 349, ""tool_schema"": 221, ""user"": 38}",protected first | elastic floors | weighted water-fill | ceilings,b9b6d415d8565a99616927a19b0714ac21a208fc796ded382791a9ff04e5b7c3,17e2c866d255541893929bac707dbaf8640e35c9ea8687ea07e92a83a5aa9a7a,"sys_platform,sys_style,sec_tenant,sec_prod,sec_secrets,tool_search_docs,tool_get_incident,tool_list_exceptions,tool_run_query,tool_page_oncall,rag_0000,rag_0001,rag_0002,rag_0003,rag_0004,rag_0005,rag_0006,rag_0007,hist_0000,hist_0005,hist_0006,hist_0007,hist_0008,hist_0009,hist_0010,hist_0011,hist_0012,hist_0013,hist_0014,hist_0015,hist_0016,hist_0017,hist_0018,hist_0019,user_current"
needle_rag,Small critical evidence easy to lose,needle,utility,1,32k,cl100k_base,32768,4096,512,28160,73,71,35,1168,1136,26065,25951,2209,0.9216,1.0,1.0,0.0,,rag_cutoff_needle,,0,,0,,False,False,,0,,9.304,0.107,0.031,0.003893,o200k_base,25884,False,"{""history"": 16, ""rag"": 8, ""security"": 3, ""system"": 2, ""tool_schema"": 5, ""user"": 1}","{""agent"": 0, ""history"": 16320, ""memory"": 0, ""rag"": 60640, ""security"": 273, ""system"": 349, ""tool_result"": 0, ""tool_schema"": 221, ""user"": 38}","{""agent"": 0, ""history"": 13056, ""memory"": 0, ""rag"": 12128, ""security"": 273, ""system"": 349, ""tool_result"": 0, ""tool_schema"": 221, ""user"": 38}","{""history"": 13056, ""rag"": 12128, ""security"": 273, ""system"": 349, ""tool_schema"": 221, ""user"": 38}",protected first | elastic floors | greedy score packing | ceilings,b9b6d415d8565a99616927a19b0714ac21a208fc796ded382791a9ff04e5b7c3,dd480a02d334f37285f8bf552d02520020f3126be12840f3c064d07d33c7b0e2,"sys_platform,sys_style,sec_tenant,sec_prod,sec_secrets,tool_search_docs,tool_get_incident,tool_list_exceptions,tool_run_query,tool_page_oncall,rag_0000,rag_0001,rag_0002,rag_0003,rag_0004,rag_0005,rag_0006,rag_0007,hist_0000,hist_0005,hist_0006,hist_0007,hist_0008,hist_0009,hist_0010,hist_0011,hist_0012,hist_0013,hist_0014,hist_0015,hist_0016,hist_0017,hist_0018,hist_0019,user_current"
needle_rag,Small critical evidence easy to lose,needle,recency,1,32k,cl100k_base,32768,4096,512,28160,73,71,38,1168,1136,27813,27690,470,0.9833,1.0,1.0,0.0,,rag_cutoff_needle,,0,,0,,False,False,,0,,9.38,0.06,0.032,0.004154,o200k_base,27629,False,"{""history"": 20, ""rag"": 7, ""security"": 3, ""system"": 2, ""tool_schema"": 5, ""user"": 1}","{""agent"": 0, ""history"": 16320, ""memory"": 0, ""rag"": 60640, ""security"": 273, ""system"": 349, ""tool_result"": 0, ""tool_schema"": 221, ""user"": 38}","{""agent"": 27215, ""history"": 27215, ""memory"": 21507, ""rag"": 21507, ""security"": 273, ""system"": 349, ""tool_result"": 27215, ""tool_schema"": 221, ""user"": 38}","{""history"": 16320, ""rag"": 10612, ""security"": 273, ""system"": 349, ""tool_schema"": 221, ""user"": 38}",protected first | live classes newest-first (no oldest-history pin) | knowledge fills remainder by relevance | no elastic floors/ceilings,60ead9a7f61f604d58b3b888d84092336b437de474a4ad992555cd2bdbf3dfd9,1ab3755c5d256d250e215e05b21dcb773df424a6309d979a8a20b68b4f098042,"sys_platform,sys_style,sec_tenant,sec_prod,sec_secrets,tool_search_docs,tool_get_incident,tool_list_exceptions,tool_run_query,tool_page_oncall,rag_0000,rag_0001,rag_0002,rag_0003,rag_0004,rag_0005,rag_0006,hist_0000,hist_0001,hist_0002,hist_0003,hist_0004,hist_0005,hist_0006,hist_0007,hist_0008,hist_0009,hist_0010,hist_0011,hist_0012,hist_0013,hist_0014,hist_0015,hist_0016,hist_0017,hist_0018,hist_0019,user_current"
needle_rag,Small critical evidence easy to lose,needle,fixed_quota,1,64k,cl100k_base,65536,8192,1024,56320,73,71,56,1168,1136,55101,54922,1398,0.9752,1.0,1.0,1.0,rag_cutoff_needle,,,0,,0,,False,False,,0,,9.286,0.079,0.059,0.008238,o200k_base,54763,False,"{""history"": 20, ""rag"": 25, ""security"": 3, ""system"": 2, ""tool_schema"": 5, ""user"": 1}","{""agent"": 0, ""history"": 16320, ""memory"": 0, ""rag"": 60640, ""security"": 273, ""system"": 349, ""tool_result"": 0, ""tool_schema"": 221, ""user"": 38}","{""agent"": 8306, ""history"": 16613, ""memory"": 5537, ""rag"": 13844, ""security"": 273, ""system"": 349, ""tool_result"": 11075, ""tool_schema"": 221, ""user"": 38}","{""history"": 16320, ""rag"": 37900, ""security"": 273, ""system"": 349, ""tool_schema"": 221, ""user"": 38}",protected first | fixed elastic quotas | spillover in spillover_order | spillover consumed packing leftover,86d7f606b1bcab9f855baa9b5cb187c49dc82f9ea201925a37be1bc92aefd17a,7553542655218e5614078fc2848f0194217501cf41228f44709422f1fe328f46,"sys_platform,sys_style,sec_tenant,sec_prod,sec_secrets,tool_search_docs,tool_get_incident,tool_list_exceptions,tool_run_query,tool_page_oncall,rag_0000,rag_0001,rag_0002,rag_0003,rag_0004,rag_0005,rag_0006,rag_0007,rag_0008,rag_0009,rag_0011,rag_0012,rag_cutoff_needle,rag_0013,rag_0014,rag_0015,rag_0016,rag_0017,rag_0018,rag_0019,rag_0020,rag_0021,rag_0022,rag_0023,rag_0024,hist_0000,hist_0001,hist_0002,hist_0003,hist_0004,hist_0005,hist_0006,hist_0007,hist_0008,hist_0009,hist_0010,hist_0011,hist_0012,hist_0013,hist_0014,hist_0015,hist_0016,hist_0017,hist_0018,hist_0019,user_current"
needle_rag,Small critical evidence easy to lose,needle,waterfill,1,64k,cl100k_base,65536,8192,1024,56320,73,71,47,1168,1136,41457,41306,15014,0.7334,1.0,1.0,1.0,rag_cutoff_needle,,,0,,0,,False,False,,0,,9.308,0.083,0.045,0.006196,o200k_base,41197,False,"{""history"": 20, ""rag"": 16, ""security"": 3, ""system"": 2, ""tool_schema"": 5, ""user"": 1}","{""agent"": 0, ""history"": 16320, ""memory"": 0, ""rag"": 60640, ""security"": 273, ""system"": 349, ""tool_result"": 0, ""tool_schema"": 221, ""user"": 38}","{""agent"": 0, ""history"": 16320, ""memory"": 0, ""rag"": 24918, ""security"": 273, ""system"": 349, ""tool_result"": 0, ""tool_schema"": 221, ""user"": 38}","{""history"": 16320, ""rag"": 24256, ""security"": 273, ""system"": 349, ""tool_schema"": 221, ""user"": 38}",protected first | elastic floors | weighted water-fill | ceilings,caa3b9381f2953155b938c4ab524f3de2eccf005b73b7b85307b4e98f9b0eb24,ff306494aef903a3b41cc933fceac5f3cd0f9ec2b5c61e651c6aa641d584537c,"sys_platform,sys_style,sec_tenant,sec_prod,sec_secrets,tool_search_docs,tool_get_incident,tool_list_exceptions,tool_run_query,tool_page_oncall,rag_0000,rag_0001,rag_0002,rag_0003,rag_0004,rag_0005,rag_0006,rag_0007,rag_0008,rag_0009,rag_0011,rag_0012,rag_cutoff_needle,rag_0013,rag_0014,rag_0015,hist_0000,hist_0001,hist_0002,hist_0003,hist_0004,hist_0005,hist_0006,hist_0007,hist_0008,hist_0009,hist_0010,hist_0011,hist_0012,hist_0013,hist_0014,hist_0015,hist_0016,hist_0017,hist_0018,hist_0019,user_current"
needle_rag,Small critical evidence easy to lose,needle,utility,1,64k,cl100k_base,65536,8192,1024,56320,73,71,47,1168,1136,41457,41306,15014,0.7334,1.0,1.0,1.0,rag_cutoff_needle,,,0,,0,,False,False,,0,,9.353,0.104,0.045,0.006196,o200k_base,41197,False,"{""history"": 20, ""rag"": 16, ""security"": 3, ""system"": 2, ""tool_schema"": 5, ""user"": 1}","{""agent"": 0, ""history"": 16320, ""memory"": 0, ""rag"": 60640, ""security"": 273, ""system"": 349, ""tool_result"": 0, ""tool_schema"": 221, ""user"": 38}","{""agent"": 0, ""history"": 16320, ""memory"": 0, ""rag"": 24256, ""security"": 273, ""system"": 349, ""tool_result"": 0, ""tool_schema"": 221, ""user"": 38}","{""history"": 16320, ""rag"": 24256, ""security"": 273, ""system"": 349, ""tool_schema"": 221, ""user"": 38}",protected first | elastic floors | greedy score packing | ceilings,caa3b9381f2953155b938c4ab524f3de2eccf005b73b7b85307b4e98f9b0eb24,840c8d5e283bac1601c4ef4513983c31caf85cb8265af433602c82c6f6a8bcad,"sys_platform,sys_style,sec_tenant,sec_prod,sec_secrets,tool_search_docs,tool_get_incident,tool_list_exceptions,tool_run_query,tool_page_oncall,rag_0000,rag_0001,rag_0002,rag_0003,rag_0004,rag_0005,rag_0006,rag_0007,rag_0008,rag_0009,rag_0011,rag_0012,rag_cutoff_needle,rag_0013,rag_0014,rag_0015,hist_0000,hist_0001,hist_0002,hist_0003,hist_0004,hist_0005,hist_0006,hist_0007,hist_0008,hist_0009,hist_0010,hist_0011,hist_0012,hist_0013,hist_0014,hist_0015,hist_0016,hist_0017,hist_0018,hist_0019,user_current"
needle_rag,Small critical evidence easy to lose,needle,recency,1,64k,cl100k_base,65536,8192,1024,56320,73,71,56,1168,1136,55101,54922,1398,0.9752,1.0,1.0,1.0,rag_cutoff_needle,,,0,,0,,False,False,,0,,9.333,0.062,0.056,0.008238,o200k_base,54763,False,"{""history"": 20, ""rag"": 25, ""security"": 3, ""system"": 2, ""tool_schema"": 5, ""user"": 1}","{""agent"": 0, ""history"": 16320, ""memory"": 0, ""rag"": 60640, ""security"": 273, ""system"": 349, ""tool_result"": 0, ""tool_schema"": 221, ""user"": 38}","{""agent"": 55375, ""history"": 55375, ""memory"": 76955, ""rag"": 76955, ""security"": 273, ""system"": 349, ""tool_result"": 55375, ""tool_schema"": 221, ""user"": 38}","{""history"": 16320, ""rag"": 37900, ""security"": 273, ""system"": 349, ""tool_schema"": 221, ""user"": 38}",protected first | live classes newest-first (no oldest-history pin) | knowledge fills remainder by relevance | no elastic floors/ceilings,86d7f606b1bcab9f855baa9b5cb187c49dc82f9ea201925a37be1bc92aefd17a,4c5a0e3c5bd7fd027d1aba41fc9a1a96d783d38b4f7a6c3a2b454e424ec8143e,"sys_platform,sys_style,sec_tenant,sec_prod,sec_secrets,tool_search_docs,tool_get_incident,tool_list_exceptions,tool_run_query,tool_page_oncall,rag_0000,rag_0001,rag_0002,rag_0003,rag_0004,rag_0005,rag_0006,rag_0007,rag_0008,rag_0009,rag_0011,rag_0012,rag_cutoff_needle,rag_0013,rag_0014,rag_0015,rag_0016,rag_0017,rag_0018,rag_0019,rag_0020,rag_0021,rag_0022,rag_0023,rag_0024,hist_0000,hist_0001,hist_0002,hist_0003,hist_0004,hist_0005,hist_0006,hist_0007,hist_0008,hist_0009,hist_0010,hist_0011,hist_0012,hist_0013,hist_0014,hist_0015,hist_0016,hist_0017,hist_0018,hist_0019,user_current"
needle_rag,Small critical evidence easy to lose,needle,fixed_quota,1,128k,cl100k_base,131072,8192,2048,120832,73,71,71,1168,1136,77841,77616,43216,0.6423,1.0,1.0,1.0,rag_cutoff_needle,,,0,,0,,False,False,,0,,9.3,0.073,0.079,0.011642,o200k_base,77347,False,"{""history"": 20, ""rag"": 40, ""security"": 3, ""system"": 2, ""tool_schema"": 5, ""user"": 1}","{""agent"": 0, ""history"": 16320, ""memory"": 0, ""rag"": 60640, ""security"": 273, ""system"": 349, ""tool_result"": 0, ""tool_schema"": 221, ""user"": 38}","{""agent"": 17983, ""history"": 35966, ""memory"": 11989, ""rag"": 29972, ""security"": 273, ""system"": 349, ""tool_result"": 23977, ""tool_schema"": 221, ""user"": 38}","{""history"": 16320, ""rag"": 60640, ""security"": 273, ""system"": 349, ""tool_schema"": 221, ""user"": 38}",protected first | fixed elastic quotas | spillover in spillover_order | spillover consumed packing leftover,80c7781ab97dc439c1b285fc24c10e4686397452e1a6dc8c47f99ca60c29d6b2,38611816e9ffb1d3c15e4a90ad32c4240462b5c91b3e6598dc6c2fe9d7200f6d,"sys_platform,sys_style,sec_tenant,sec_prod,sec_secrets,tool_search_docs,tool_get_incident,tool_list_exceptions,tool_run_query,tool_page_oncall,rag_0000,rag_0001,rag_0002,rag_0003,rag_0004,rag_0005,rag_0006,rag_0007,rag_0008,rag_0009,rag_0011,rag_0012,rag_cutoff_needle,rag_0013,rag_0014,rag_0015,rag_0016,rag_0017,rag_0018,rag_0019,rag_0020,rag_0021,rag_0022,rag_0023,rag_0024,rag_0025,rag_0026,rag_0027,rag_0028,rag_0029,rag_0030,rag_0031,rag_0032,rag_0033,rag_0034,rag_0035,rag_0036,rag_0037,rag_0038,rag_0039,hist_0000,hist_0001,hist_0002,hist_0003,hist_0004,hist_0005,hist_0006,hist_0007,hist_0008,hist_0009,hist_0010,hist_0011,hist_0012,hist_0013,hist_0014,hist_0015,hist_0016,hist_0017,hist_0018,hist_0019,user_current"
needle_rag,Small critical evidence easy to lose,needle,waterfill,1,128k,cl100k_base,131072,8192,2048,120832,73,71,66,1168,1136,70261,70052,50780,0.5797,1.0,1.0,1.0,rag_cutoff_needle,,,0,,0,,False,False,,0,,9.419,0.08,0.07,0.010508,o200k_base,69819,False,"{""history"": 20, ""rag"": 35, ""security"": 3, ""system"": 2, ""tool_schema"": 5, ""user"": 1}","{""agent"": 0, ""history"": 16320, ""memory"": 0, ""rag"": 60640, ""security"": 273, ""system"": 349, ""tool_result"": 0, ""tool_schema"": 221, ""user"": 38}","{""agent"": 0, ""history"": 16320, ""memory"": 0, ""rag"": 53949, ""security"": 273, ""system"": 349, ""tool_result"": 0, ""tool_schema"": 221, ""user"": 38}","{""history"": 16320, ""rag"": 53060, ""security"": 273, ""system"": 349, ""tool_schema"": 221, ""user"": 38}",protected first | elastic floors | weighted water-fill | ceilings,03fcc81ab42a8a296fe9321c1b408912f7e411a076c38698491dcd342d196ddf,f240428ffc84adf8597c601ae9674567d69662a864d24e370042ca8bd71bb03f,"sys_platform,sys_style,sec_tenant,sec_prod,sec_secrets,tool_search_docs,tool_get_incident,tool_list_exceptions,tool_run_query,tool_page_oncall,rag_0000,rag_0001,rag_0002,rag_0003,rag_0004,rag_0005,rag_0006,rag_0007,rag_0008,rag_0009,rag_0011,rag_0012,rag_cutoff_needle,rag_0013,rag_0014,rag_0015,rag_0016,rag_0017,rag_0018,rag_0019,rag_0020,rag_0021,rag_0022,rag_0023,rag_0024,rag_0025,rag_0026,rag_0027,rag_0028,rag_0029,rag_0030,rag_0031,rag_0032,rag_0033,rag_0034,hist_0000,hist_0001,hist_0002,hist_0003,hist_0004,hist_0005,hist_0006,hist_0007,hist_0008,hist_0009,hist_0010,hist_0011,hist_0012,hist_0013,hist_0014,hist_0015,hist_0016,hist_0017,hist_0018,hist_0019,user_current"
needle_rag,Small critical evidence easy to lose,needle,utility,1,128k,cl100k_base,131072,8192,2048,120832,73,71,66,1168,1136,70261,70052,50780,0.5797,1.0,1.0,1.0,rag_cutoff_needle,,,0,,0,,False,False,,0,,9.224,0.099,0.07,0.010508,o200k_base,69819,False,"{""history"": 20, ""rag"": 35, ""security"": 3, ""system"": 2, ""tool_schema"": 5, ""user"": 1}","{""agent"": 0, ""history"": 16320, ""memory"": 0, ""rag"": 60640, ""security"": 273, ""system"": 349, ""tool_result"": 0, ""tool_schema"": 221, ""user"": 38}","{""agent"": 0, ""history"": 16320, ""memory"": 0, ""rag"": 53060, ""security"": 273, ""system"": 349, ""tool_result"": 0, ""tool_schema"": 221, ""user"": 38}","{""history"": 16320, ""rag"": 53060, ""security"": 273, ""system"": 349, ""tool_schema"": 221, ""user"": 38}",protected first | elastic floors | greedy score packing | ceilings,03fcc81ab42a8a296fe9321c1b408912f7e411a076c38698491dcd342d196ddf,28c3d380a13477287f54051dee6c68ce5bb6643110de862d0e22b652d6c9598c,"sys_platform,sys_style,sec_tenant,sec_prod,sec_secrets,tool_search_docs,tool_get_incident,tool_list_exceptions,tool_run_query,tool_page_oncall,rag_0000,rag_0001,rag_0002,rag_0003,rag_0004,rag_0005,rag_0006,rag_0007,rag_0008,rag_0009,rag_0011,rag_0012,rag_cutoff_needle,rag_0013,rag_0014,rag_0015,rag_0016,rag_0017,rag_0018,rag_0019,rag_0020,rag_0021,rag_0022,rag_0023,rag_0024,rag_0025,rag_0026,rag_0027,rag_0028,rag_0029,rag_0030,rag_0031,rag_0032,rag_0033,rag_0034,hist_0000,hist_0001,hist_0002,hist_0003,hist_0004,hist_0005,hist_0006,hist_0007,hist_0008,hist_0009,hist_0010,hist_0011,hist_0012,hist_0013,hist_0014,hist_0015,hist_0016,hist_0017,hist_0018,hist_0019,user_current"
needle_rag,Small critical evidence easy to lose,needle,recency,1,128k,cl100k_base,131072,8192,2048,120832,73,71,71,1168,1136,77841,77616,43216,0.6423,1.0,1.0,1.0,rag_cutoff_needle,,,0,,0,,False,False,,0,,9.386,0.066,0.077,0.011642,o200k_base,77347,False,"{""history"": 20, ""rag"": 40, ""security"": 3, ""system"": 2, ""tool_schema"": 5, ""user"": 1}","{""agent"": 0, ""history"": 16320, ""memory"": 0, ""rag"": 60640, ""security"": 273, ""system"": 349, ""tool_result"": 0, ""tool_schema"": 221, ""user"": 38}","{""agent"": 119887, ""history"": 119887, ""memory"": 164207, ""rag"": 164207, ""security"": 273, ""system"": 349, ""tool_result"": 119887, ""tool_schema"": 221, ""user"": 38}","{""history"": 16320, ""rag"": 60640, ""security"": 273, ""system"": 349, ""tool_schema"": 221, ""user"": 38}",protected first | live classes newest-first (no oldest-history pin) | knowledge fills remainder by relevance | no elastic floors/ceilings,80c7781ab97dc439c1b285fc24c10e4686397452e1a6dc8c47f99ca60c29d6b2,98d30368b5539b7d2ae0d613a9cbfbc67716cdc0903aaccd87fa2d8a78b57f69,"sys_platform,sys_style,sec_tenant,sec_prod,sec_secrets,tool_search_docs,tool_get_incident,tool_list_exceptions,tool_run_query,tool_page_oncall,rag_0000,rag_0001,rag_0002,rag_0003,rag_0004,rag_0005,rag_0006,rag_0007,rag_0008,rag_0009,rag_0011,rag_0012,rag_cutoff_needle,rag_0013,rag_0014,rag_0015,rag_0016,rag_0017,rag_0018,rag_0019,rag_0020,rag_0021,rag_0022,rag_0023,rag_0024,rag_0025,rag_0026,rag_0027,rag_0028,rag_0029,rag_0030,rag_0031,rag_0032,rag_0033,rag_0034,rag_0035,rag_0036,rag_0037,rag_0038,rag_0039,hist_0000,hist_0001,hist_0002,hist_0003,hist_0004,hist_0005,hist_0006,hist_0007,hist_0008,hist_0009,hist_0010,hist_0011,hist_0012,hist_0013,hist_0014,hist_0015,hist_0016,hist_0017,hist_0018,hist_0019,user_current"
needle_rag,Small critical evidence easy to lose,needle,fixed_quota,1,256k,cl100k_base,262144,16384,2048,243712,73,71,71,1168,1136,77841,77616,166096,0.3185,1.0,1.0,1.0,rag_cutoff_needle,,,0,,0,,False,False,,0,,9.274,0.078,0.076,0.011642,o200k_base,77347,False,"{""history"": 20, ""rag"": 40, ""security"": 3, ""system"": 2, ""tool_schema"": 5, ""user"": 1}","{""agent"": 0, ""history"": 16320, ""memory"": 0, ""rag"": 60640, ""security"": 273, ""system"": 349, ""tool_result"": 0, ""tool_schema"": 221, ""user"": 38}","{""agent"": 36415, ""history"": 72830, ""memory"": 24277, ""rag"": 60692, ""security"": 273, ""system"": 349, ""tool_result"": 48553, ""tool_schema"": 221, ""user"": 38}","{""history"": 16320, ""rag"": 60640, ""security"": 273, ""system"": 349, ""tool_schema"": 221, ""user"": 38}",protected first | fixed elastic quotas | spillover in spillover_order,80c7781ab97dc439c1b285fc24c10e4686397452e1a6dc8c47f99ca60c29d6b2,38611816e9ffb1d3c15e4a90ad32c4240462b5c91b3e6598dc6c2fe9d7200f6d,"sys_platform,sys_style,sec_tenant,sec_prod,sec_secrets,tool_search_docs,tool_get_incident,tool_list_exceptions,tool_run_query,tool_page_oncall,rag_0000,rag_0001,rag_0002,rag_0003,rag_0004,rag_0005,rag_0006,rag_0007,rag_0008,rag_0009,rag_0011,rag_0012,rag_cutoff_needle,rag_0013,rag_0014,rag_0015,rag_0016,rag_0017,rag_0018,rag_0019,rag_0020,rag_0021,rag_0022,rag_0023,rag_0024,rag_0025,rag_0026,rag_0027,rag_0028,rag_0029,rag_0030,rag_0031,rag_0032,rag_0033,rag_0034,rag_0035,rag_0036,rag_0037,rag_0038,rag_0039,hist_0000,hist_0001,hist_0002,hist_0003,hist_0004,hist_0005,hist_0006,hist_0007,hist_0008,hist_0009,hist_0010,hist_0011,hist_0012,hist_0013,hist_0014,hist_0015,hist_0016,hist_0017,hist_0018,hist_0019,user_current"
needle_rag,Small critical evidence easy to lose,needle,waterfill,1,256k,cl100k_base,262144,16384,2048,243712,73,71,71,1168,1136,77841,77616,166096,0.3185,1.0,1.0,1.0,rag_cutoff_needle,,,0,,0,,False,False,,0,,9.383,0.08,0.077,0.011642,o200k_base,77347,False,"{""history"": 20, ""rag"": 40, ""security"": 3, ""system"": 2, ""tool_schema"": 5, ""user"": 1}","{""agent"": 0, ""history"": 16320, ""memory"": 0, ""rag"": 60640, ""security"": 273, ""system"": 349, ""tool_result"": 0, ""tool_schema"": 221, ""user"": 38}","{""agent"": 0, ""history"": 16320, ""memory"": 0, ""rag"": 60640, ""security"": 273, ""system"": 349, ""tool_result"": 0, ""tool_schema"": 221, ""user"": 38}","{""history"": 16320, ""rag"": 60640, ""security"": 273, ""system"": 349, ""tool_schema"": 221, ""user"": 38}",protected first | elastic floors | weighted water-fill | ceilings,80c7781ab97dc439c1b285fc24c10e4686397452e1a6dc8c47f99ca60c29d6b2,3b6ee70a3c6d7b325c30125fe264dc29ad8c4814bc16a993c686b7d63d7d8ad5,"sys_platform,sys_style,sec_tenant,sec_prod,sec_secrets,tool_search_docs,tool_get_incident,tool_list_exceptions,tool_run_query,tool_page_oncall,rag_0000,rag_0001,rag_0002,rag_0003,rag_0004,rag_0005,rag_0006,rag_0007,rag_0008,rag_0009,rag_0011,rag_0012,rag_cutoff_needle,rag_0013,rag_0014,rag_0015,rag_0016,rag_0017,rag_0018,rag_0019,rag_0020,rag_0021,rag_0022,rag_0023,rag_0024,rag_0025,rag_0026,rag_0027,rag_0028,rag_0029,rag_0030,rag_0031,rag_0032,rag_0033,rag_0034,rag_0035,rag_0036,rag_0037,rag_0038,rag_0039,hist_0000,hist_0001,hist_0002,hist_0003,hist_0004,hist_0005,hist_0006,hist_0007,hist_0008,hist_0009,hist_0010,hist_0011,hist_0012,hist_0013,hist_0014,hist_0015,hist_0016,hist_0017,hist_0018,hist_0019,user_current"
needle_rag,Small critical evidence easy to lose,needle,utility,1,256k,cl100k_base,262144,16384,2048,243712,73,71,71,1168,1136,77841,77616,166096,0.3185,1.0,1.0,1.0,rag_cutoff_needle,,,0,,0,,False,False,,0,,9.334,0.086,0.078,0.011642,o200k_base,77347,False,"{""history"": 20, ""rag"": 40, ""security"": 3, ""system"": 2, ""tool_schema"": 5, ""user"": 1}","{""agent"": 0, ""history"": 16320, ""memory"": 0, ""rag"": 60640, ""security"": 273, ""system"": 349, ""tool_result"": 0, ""tool_schema"": 221, ""user"": 38}","{""agent"": 0, ""history"": 16320, ""memory"": 0, ""rag"": 60640, ""security"": 273, ""system"": 349, ""tool_result"": 0, ""tool_schema"": 221, ""user"": 38}","{""history"": 16320, ""rag"": 60640, ""security"": 273, ""system"": 349, ""tool_schema"": 221, ""user"": 38}",protected first | elastic floors | greedy score packing | ceilings,80c7781ab97dc439c1b285fc24c10e4686397452e1a6dc8c47f99ca60c29d6b2,e35d84548bce07160945cdd19c69c4c9fbc9e2d25a68ee24a2340c68155958d4,"sys_platform,sys_style,sec_tenant,sec_prod,sec_secrets,tool_search_docs,tool_get_incident,tool_list_exceptions,tool_run_query,tool_page_oncall,rag_0000,rag_0001,rag_0002,rag_0003,rag_0004,rag_0005,rag_0006,rag_0007,rag_0008,rag_0009,rag_0011,rag_0012,rag_cutoff_needle,rag_0013,rag_0014,rag_0015,rag_0016,rag_0017,rag_0018,rag_0019,rag_0020,rag_0021,rag_0022,rag_0023,rag_0024,rag_0025,rag_0026,rag_0027,rag_0028,rag_0029,rag_0030,rag_0031,rag_0032,rag_0033,rag_0034,rag_0035,rag_0036,rag_0037,rag_0038,rag_0039,hist_0000,hist_0001,hist_0002,hist_0003,hist_0004,hist_0005,hist_0006,hist_0007,hist_0008,hist_0009,hist_0010,hist_0011,hist_0012,hist_0013,hist_0014,hist_0015,hist_0016,hist_0017,hist_0018,hist_0019,user_current"
needle_rag,Small critical evidence easy to lose,needle,recency,1,256k,cl100k_base,262144,16384,2048,243712,73,71,71,1168,1136,77841,77616,166096,0.3185,1.0,1.0,1.0,rag_cutoff_needle,,,0,,0,,False,False,,0,,9.373,0.066,0.085,0.011642,o200k_base,77347,False,"{""history"": 20, ""rag"": 40, ""security"": 3, ""system"": 2, ""tool_schema"": 5, ""user"": 1}","{""agent"": 0, ""history"": 16320, ""memory"": 0, ""rag"": 60640, ""security"": 273, ""system"": 349, ""tool_result"": 0, ""tool_schema"": 221, ""user"": 38}","{""agent"": 242767, ""history"": 242767, ""memory"": 287087, ""rag"": 287087, ""security"": 273, ""system"": 349, ""tool_result"": 242767, ""tool_schema"": 221, ""user"": 38}","{""history"": 16320, ""rag"": 60640, ""security"": 273, ""system"": 349, ""tool_schema"": 221, ""user"": 38}",protected first | live classes newest-first (no oldest-history pin) | knowledge fills remainder by relevance | no elastic floors/ceilings,80c7781ab97dc439c1b285fc24c10e4686397452e1a6dc8c47f99ca60c29d6b2,98d30368b5539b7d2ae0d613a9cbfbc67716cdc0903aaccd87fa2d8a78b57f69,"sys_platform,sys_style,sec_tenant,sec_prod,sec_secrets,tool_search_docs,tool_get_incident,tool_list_exceptions,tool_run_query,tool_page_oncall,rag_0000,rag_0001,rag_0002,rag_0003,rag_0004,rag_0005,rag_0006,rag_0007,rag_0008,rag_0009,rag_0011,rag_0012,rag_cutoff_needle,rag_0013,rag_0014,rag_0015,rag_0016,rag_0017,rag_0018,rag_0019,rag_0020,rag_0021,rag_0022,rag_0023,rag_0024,rag_0025,rag_0026,rag_0027,rag_0028,rag_0029,rag_0030,rag_0031,rag_0032,rag_0033,rag_0034,rag_0035,rag_0036,rag_0037,rag_0038,rag_0039,hist_0000,hist_0001,hist_0002,hist_0003,hist_0004,hist_0005,hist_0006,hist_0007,hist_0008,hist_0009,hist_0010,hist_0011,hist_0012,hist_0013,hist_0014,hist_0015,hist_0016,hist_0017,hist_0018,hist_0019,user_current"
oversized_user,Oversized user input,oversized-user,fixed_quota,1,32k,cl100k_base,32768,4096,512,28160,20,18,11,320,288,28096,28048,112,0.996,1.0,1.0,0.0,,rag_billing_retry,"history,rag",2,,0,,False,False,,1,user_current,5.765,11.947,0.024,0.004207,o200k_base,27644,False,"{""security"": 3, ""system"": 2, ""tool_schema"": 5, ""user"": 1}","{""agent"": 0, ""history"": 2496, ""memory"": 0, ""rag"": 155, ""security"": 273, ""system"": 349, ""tool_result"": 0, ""tool_schema"": 221, ""user"": 45030}","{""agent"": 0, ""history"": 0, ""memory"": 0, ""rag"": 0, ""security"": 273, ""system"": 349, ""tool_result"": 0, ""tool_schema"": 221, ""user"": 27253}","{""security"": 273, ""system"": 349, ""tool_schema"": 221, ""user"": 27253}",protected first | fixed elastic quotas | spillover in spillover_order,38fd54c6396c80f13017c89129103fb1c47bc8c1409a4054bde2cb2a8b2f432f,f13880ba462e409c5924536cb93335b4a2532e42615b7f5649db342c6776ecd5,"sys_platform,sys_style,sec_tenant,sec_prod,sec_secrets,tool_search_docs,tool_get_incident,tool_list_exceptions,tool_run_query,tool_page_oncall,user_current"
oversized_user,Oversized user input,oversized-user,waterfill,1,32k,cl100k_base,32768,4096,512,28160,20,18,11,320,288,28096,28048,112,0.996,1.0,1.0,0.0,,rag_billing_retry,"history,rag",2,,0,,False,False,,1,user_current,5.713,11.864,0.025,0.004207,o200k_base,27644,False,"{""security"": 3, ""system"": 2, ""tool_schema"": 5, ""user"": 1}","{""agent"": 0, ""history"": 2496, ""memory"": 0, ""rag"": 155, ""security"": 273, ""system"": 349, ""tool_result"": 0, ""tool_schema"": 221, ""user"": 45030}","{""agent"": 0, ""history"": 0, ""memory"": 0, ""rag"": 0, ""security"": 273, ""system"": 349, ""tool_result"": 0, ""tool_schema"": 221, ""user"": 27253}","{""security"": 273, ""system"": 349, ""tool_schema"": 221, ""user"": 27253}",protected first | elastic floors | weighted water-fill | ceilings,38fd54c6396c80f13017c89129103fb1c47bc8c1409a4054bde2cb2a8b2f432f,cd24a559e9831d5e3fa8c952728ff4ceef6034e02e9205f637f5180a5402c7db,"sys_platform,sys_style,sec_tenant,sec_prod,sec_secrets,tool_search_docs,tool_get_incident,tool_list_exceptions,tool_run_query,tool_page_oncall,user_current"
oversized_user,Oversized user input,oversized-user,utility,1,32k,cl100k_base,32768,4096,512,28160,20,18,11,320,288,28096,28048,112,0.996,1.0,1.0,0.0,,rag_billing_retry,"history,rag",2,,0,,False,False,,1,user_current,5.711,11.724,0.029,0.004207,o200k_base,27644,False,"{""security"": 3, ""system"": 2, ""tool_schema"": 5, ""user"": 1}","{""agent"": 0, ""history"": 2496, ""memory"": 0, ""rag"": 155, ""security"": 273, ""system"": 349, ""tool_result"": 0, ""tool_schema"": 221, ""user"": 45030}","{""agent"": 0, ""history"": 0, ""memory"": 0, ""rag"": 0, ""security"": 273, ""system"": 349, ""tool_result"": 0, ""tool_schema"": 221, ""user"": 27253}","{""security"": 273, ""system"": 349, ""tool_schema"": 221, ""user"": 27253}",protected first | elastic floors | greedy score packing | ceilings,38fd54c6396c80f13017c89129103fb1c47bc8c1409a4054bde2cb2a8b2f432f,4e41b5cb85e73f4a2d81c6f41939e5f53ef097b9567824559f6923f1b9d92d68,"sys_platform,sys_style,sec_tenant,sec_prod,sec_secrets,tool_search_docs,tool_get_incident,tool_list_exceptions,tool_run_query,tool_page_oncall,user_current"
oversized_user,Oversized user input,oversized-user,recency,1,32k,cl100k_base,32768,4096,512,28160,20,18,11,320,288,28096,28048,112,0.996,1.0,1.0,0.0,,rag_billing_retry,"history,rag",2,,0,,False,False,,1,user_current,5.63,11.84,0.026,0.004207,o200k_base,27644,False,"{""security"": 3, ""system"": 2, ""tool_schema"": 5, ""user"": 1}","{""agent"": 0, ""history"": 2496, ""memory"": 0, ""rag"": 155, ""security"": 273, ""system"": 349, ""tool_result"": 0, ""tool_schema"": 221, ""user"": 45030}","{""agent"": 0, ""history"": 0, ""memory"": 0, ""rag"": 0, ""security"": 273, ""system"": 349, ""tool_result"": 0, ""tool_schema"": 221, ""user"": 27253}","{""security"": 273, ""system"": 349, ""tool_schema"": 221, ""user"": 27253}",protected first | live classes newest-first (no oldest-history pin) | knowledge fills remainder by relevance | no elastic floors/ceilings,38fd54c6396c80f13017c89129103fb1c47bc8c1409a4054bde2cb2a8b2f432f,4c53aa1c047b1a24d3e89668f4da15cd162823feb2dcf864a3072e24cd43eb08,"sys_platform,sys_style,sec_tenant,sec_prod,sec_secrets,tool_search_docs,tool_get_incident,tool_list_exceptions,tool_run_query,tool_page_oncall,user_current"
oversized_user,Oversized user input,oversized-user,fixed_quota,1,64k,cl100k_base,65536,8192,1024,56320,20,18,18,320,288,48524,48462,7858,0.8605,1.0,1.0,1.0,rag_billing_retry,,,0,,0,,False,False,,0,,5.775,0.033,0.041,0.007269,o200k_base,47787,False,"{""history"": 6, ""rag"": 1, ""security"": 3, ""system"": 2, ""tool_schema"": 5, ""user"": 1}","{""agent"": 0, ""history"": 2496, ""memory"": 0, ""rag"": 155, ""security"": 273, ""system"": 349, ""tool_result"": 0, ""tool_schema"": 221, ""user"": 45030}","{""agent"": 1557, ""history"": 3115, ""memory"": 1038, ""rag"": 2596, ""security"": 273, ""system"": 349, ""tool_result"": 2077, ""tool_schema"": 221, ""user"": 45030}","{""history"": 2496, ""rag"": 155, ""security"": 273, ""system"": 349, ""tool_schema"": 221, ""user"": 45030}",protected first | fixed elastic quotas | spillover in spillover_order,ef430fb2c5bffbc2ad8a937faacdd6e868b9f3092c2708dc3a12570e63e9b2c3,3c5f85f127567ad400d0cdc5a1196a1b898d6311535c7707262f5b7d33b15f69,"sys_platform,sys_style,sec_tenant,sec_prod,sec_secrets,tool_search_docs,tool_get_incident,tool_list_exceptions,tool_run_query,tool_page_oncall,rag_billing_retry,hist_0000,hist_0001,hist_0002,hist_0003,hist_0004,hist_0005,user_current"
oversized_user,Oversized user input,oversized-user,waterfill,1,64k,cl100k_base,65536,8192,1024,56320,20,18,18,320,288,48524,48462,7858,0.8605,1.0,1.0,1.0,rag_billing_retry,,,0,,0,,False,False,,0,,5.622,0.042,0.041,0.007269,o200k_base,47787,False,"{""history"": 6, ""rag"": 1, ""security"": 3, ""system"": 2, ""tool_schema"": 5, ""user"": 1}","{""agent"": 0, ""history"": 2496, ""memory"": 0, ""rag"": 155, ""security"": 273, ""system"": 349, ""tool_result"": 0, ""tool_schema"": 221, ""user"": 45030}","{""agent"": 0, ""history"": 2496, ""memory"": 0, ""rag"": 155, ""security"": 273, ""system"": 349, ""tool_result"": 0, ""tool_schema"": 221, ""user"": 45030}","{""history"": 2496, ""rag"": 155, ""security"": 273, ""system"": 349, ""tool_schema"": 221, ""user"": 45030}",protected first | elastic floors | weighted water-fill | ceilings,ef430fb2c5bffbc2ad8a937faacdd6e868b9f3092c2708dc3a12570e63e9b2c3,2cf8b2ed2b4e7c7077e84c34316df6b0e778c8e3be208884158efe4028eb4c83,"sys_platform,sys_style,sec_tenant,sec_prod,sec_secrets,tool_search_docs,tool_get_incident,tool_list_exceptions,tool_run_query,tool_page_oncall,rag_billing_retry,hist_0000,hist_0001,hist_0002,hist_0003,hist_0004,hist_0005,user_current"
oversized_user,Oversized user input,oversized-user,utility,1,64k,cl100k_base,65536,8192,1024,56320,20,18,18,320,288,48524,48462,7858,0.8605,1.0,1.0,1.0,rag_billing_retry,,,0,,0,,False,False,,0,,5.681,0.035,0.04,0.007269,o200k_base,47787,False,"{""history"": 6, ""rag"": 1, ""security"": 3, ""system"": 2, ""tool_schema"": 5, ""user"": 1}","{""agent"": 0, ""history"": 2496, ""memory"": 0, ""rag"": 155, ""security"": 273, ""system"": 349, ""tool_result"": 0, ""tool_schema"": 221, ""user"": 45030}","{""agent"": 0, ""history"": 2496, ""memory"": 0, ""rag"": 155, ""security"": 273, ""system"": 349, ""tool_result"": 0, ""tool_schema"": 221, ""user"": 45030}","{""history"": 2496, ""rag"": 155, ""security"": 273, ""system"": 349, ""tool_schema"": 221, ""user"": 45030}",protected first | elastic floors | greedy score packing | ceilings,ef430fb2c5bffbc2ad8a937faacdd6e868b9f3092c2708dc3a12570e63e9b2c3,1982b50d1eef8c986b3eaecad045e72ab8addd871cf38805f1631bbf0d54a41a,"sys_platform,sys_style,sec_tenant,sec_prod,sec_secrets,tool_search_docs,tool_get_incident,tool_list_exceptions,tool_run_query,tool_page_oncall,rag_billing_retry,hist_0000,hist_0001,hist_0002,hist_0003,hist_0004,hist_0005,user_current"
oversized_user,Oversized user input,oversized-user,recency,1,64k,cl100k_base,65536,8192,1024,56320,20,18,18,320,288,48524,48462,7858,0.8605,1.0,1.0,1.0,rag_billing_retry,,,0,,0,,False,False,,0,,5.71,0.025,0.04,0.007269,o200k_base,47787,False,"{""history"": 6, ""rag"": 1, ""security"": 3, ""system"": 2, ""tool_schema"": 5, ""user"": 1}","{""agent"": 0, ""history"": 2496, ""memory"": 0, ""rag"": 155, ""security"": 273, ""system"": 349, ""tool_result"": 0, ""tool_schema"": 221, ""user"": 45030}","{""agent"": 10383, ""history"": 10383, ""memory"": 8042, ""rag"": 8042, ""security"": 273, ""system"": 349, ""tool_result"": 10383, ""tool_schema"": 221, ""user"": 45030}","{""history"": 2496, ""rag"": 155, ""security"": 273, ""system"": 349, ""tool_schema"": 221, ""user"": 45030}",protected first | live classes newest-first (no oldest-history pin) | knowledge fills remainder by relevance | no elastic floors/ceilings,ef430fb2c5bffbc2ad8a937faacdd6e868b9f3092c2708dc3a12570e63e9b2c3,46b3eed61b1b7d1af579fac57bd82876cb568a77790a505fc5373d1fddbe0cf7,"sys_platform,sys_style,sec_tenant,sec_prod,sec_secrets,tool_search_docs,tool_get_incident,tool_list_exceptions,tool_run_query,tool_page_oncall,rag_billing_retry,hist_0000,hist_0001,hist_0002,hist_0003,hist_0004,hist_0005,user_current"
oversized_user,Oversized user input,oversized-user,fixed_quota,1,128k,cl100k_base,131072,8192,2048,120832,20,18,18,320,288,48524,48462,72370,0.4011,1.0,1.0,1.0,rag_billing_retry,,,0,,0,,False,False,,0,,5.668,0.03,0.041,0.007269,o200k_base,47787,False,"{""history"": 6, ""rag"": 1, ""security"": 3, ""system"": 2, ""tool_schema"": 5, ""user"": 1}","{""agent"": 0, ""history"": 2496, ""memory"": 0, ""rag"": 155, ""security"": 273, ""system"": 349, ""tool_result"": 0, ""tool_schema"": 221, ""user"": 45030}","{""agent"": 11234, ""history"": 22469, ""memory"": 7489, ""rag"": 18724, ""security"": 273, ""system"": 349, ""tool_result"": 14979, ""tool_schema"": 221, ""user"": 45030}","{""history"": 2496, ""rag"": 155, ""security"": 273, ""system"": 349, ""tool_schema"": 221, ""user"": 45030}",protected first | fixed elastic quotas | spillover in spillover_order,ef430fb2c5bffbc2ad8a937faacdd6e868b9f3092c2708dc3a12570e63e9b2c3,3c5f85f127567ad400d0cdc5a1196a1b898d6311535c7707262f5b7d33b15f69,"sys_platform,sys_style,sec_tenant,sec_prod,sec_secrets,tool_search_docs,tool_get_incident,tool_list_exceptions,tool_run_query,tool_page_oncall,rag_billing_retry,hist_0000,hist_0001,hist_0002,hist_0003,hist_0004,hist_0005,user_current"
oversized_user,Oversized user input,oversized-user,waterfill,1,128k,cl100k_base,131072,8192,2048,120832,20,18,18,320,288,48524,48462,72370,0.4011,1.0,1.0,1.0,rag_billing_retry,,,0,,0,,False,False,,0,,5.681,0.034,0.043,0.007269,o200k_base,47787,False,"{""history"": 6, ""rag"": 1, ""security"": 3, ""system"": 2, ""tool_schema"": 5, ""user"": 1}","{""agent"": 0, ""history"": 2496, ""memory"": 0, ""rag"": 155, ""security"": 273, ""system"": 349, ""tool_result"": 0, ""tool_schema"": 221, ""user"": 45030}","{""agent"": 0, ""history"": 2496, ""memory"": 0, ""rag"": 155, ""security"": 273, ""system"": 349, ""tool_result"": 0, ""tool_schema"": 221, ""user"": 45030}","{""history"": 2496, ""rag"": 155, ""security"": 273, ""system"": 349, ""tool_schema"": 221, ""user"": 45030}",protected first | elastic floors | weighted water-fill | ceilings,ef430fb2c5bffbc2ad8a937faacdd6e868b9f3092c2708dc3a12570e63e9b2c3,2cf8b2ed2b4e7c7077e84c34316df6b0e778c8e3be208884158efe4028eb4c83,"sys_platform,sys_style,sec_tenant,sec_prod,sec_secrets,tool_search_docs,tool_get_incident,tool_list_exceptions,tool_run_query,tool_page_oncall,rag_billing_retry,hist_0000,hist_0001,hist_0002,hist_0003,hist_0004,hist_0005,user_current"
oversized_user,Oversized user input,oversized-user,utility,1,128k,cl100k_base,131072,8192,2048,120832,20,18,18,320,288,48524,48462,72370,0.4011,1.0,1.0,1.0,rag_billing_retry,,,0,,0,,False,False,,0,,5.687,0.03,0.041,0.007269,o200k_base,47787,False,"{""history"": 6, ""rag"": 1, ""security"": 3, ""system"": 2, ""tool_schema"": 5, ""user"": 1}","{""agent"": 0, ""history"": 2496, ""memory"": 0, ""rag"": 155, ""security"": 273, ""system"": 349, ""tool_result"": 0, ""tool_schema"": 221, ""user"": 45030}","{""agent"": 0, ""history"": 2496, ""memory"": 0, ""rag"": 155, ""security"": 273, ""system"": 349, ""tool_result"": 0, ""tool_schema"": 221, ""user"": 45030}","{""history"": 2496, ""rag"": 155, ""security"": 273, ""system"": 349, ""tool_schema"": 221, ""user"": 45030}",protected first | elastic floors | greedy score packing | ceilings,ef430fb2c5bffbc2ad8a937faacdd6e868b9f3092c2708dc3a12570e63e9b2c3,1982b50d1eef8c986b3eaecad045e72ab8addd871cf38805f1631bbf0d54a41a,"sys_platform,sys_style,sec_tenant,sec_prod,sec_secrets,tool_search_docs,tool_get_incident,tool_list_exceptions,tool_run_query,tool_page_oncall,rag_billing_retry,hist_0000,hist_0001,hist_0002,hist_0003,hist_0004,hist_0005,user_current"
oversized_user,Oversized user input,oversized-user,recency,1,128k,cl100k_base,131072,8192,2048,120832,20,18,18,320,288,48524,48462,72370,0.4011,1.0,1.0,1.0,rag_billing_retry,,,0,,0,,False,False,,0,,5.628,0.026,0.041,0.007269,o200k_base,47787,False,"{""history"": 6, ""rag"": 1, ""security"": 3, ""system"": 2, ""tool_schema"": 5, ""user"": 1}","{""agent"": 0, ""history"": 2496, ""memory"": 0, ""rag"": 155, ""security"": 273, ""system"": 349, ""tool_result"": 0, ""tool_schema"": 221, ""user"": 45030}","{""agent"": 74895, ""history"": 74895, ""memory"": 72554, ""rag"": 72554, ""security"": 273, ""system"": 349, ""tool_result"": 74895, ""tool_schema"": 221, ""user"": 45030}","{""history"": 2496, ""rag"": 155, ""security"": 273, ""system"": 349, ""tool_schema"": 221, ""user"": 45030}",protected first | live classes newest-first (no oldest-history pin) | knowledge fills remainder by relevance | no elastic floors/ceilings,ef430fb2c5bffbc2ad8a937faacdd6e868b9f3092c2708dc3a12570e63e9b2c3,46b3eed61b1b7d1af579fac57bd82876cb568a77790a505fc5373d1fddbe0cf7,"sys_platform,sys_style,sec_tenant,sec_prod,sec_secrets,tool_search_docs,tool_get_incident,tool_list_exceptions,tool_run_query,tool_page_oncall,rag_billing_retry,hist_0000,hist_0001,hist_0002,hist_0003,hist_0004,hist_0005,user_current"
oversized_user,Oversized user input,oversized-user,fixed_quota,1,256k,cl100k_base,262144,16384,2048,243712,20,18,18,320,288,48524,48462,195250,0.1988,1.0,1.0,1.0,rag_billing_retry,,,0,,0,,False,False,,0,,5.675,0.034,0.044,0.007269,o200k_base,47787,False,"{""history"": 6, ""rag"": 1, ""security"": 3, ""system"": 2, ""tool_schema"": 5, ""user"": 1}","{""agent"": 0, ""history"": 2496, ""memory"": 0, ""rag"": 155, ""security"": 273, ""system"": 349, ""tool_result"": 0, ""tool_schema"": 221, ""user"": 45030}","{""agent"": 29666, ""history"": 59333, ""memory"": 19777, ""rag"": 49444, ""security"": 273, ""system"": 349, ""tool_result"": 39555, ""tool_schema"": 221, ""user"": 45030}","{""history"": 2496, ""rag"": 155, ""security"": 273, ""system"": 349, ""tool_schema"": 221, ""user"": 45030}",protected first | fixed elastic quotas | spillover in spillover_order,ef430fb2c5bffbc2ad8a937faacdd6e868b9f3092c2708dc3a12570e63e9b2c3,3c5f85f127567ad400d0cdc5a1196a1b898d6311535c7707262f5b7d33b15f69,"sys_platform,sys_style,sec_tenant,sec_prod,sec_secrets,tool_search_docs,tool_get_incident,tool_list_exceptions,tool_run_query,tool_page_oncall,rag_billing_retry,hist_0000,hist_0001,hist_0002,hist_0003,hist_0004,hist_0005,user_current"
oversized_user,Oversized user input,oversized-user,waterfill,1,256k,cl100k_base,262144,16384,2048,243712,20,18,18,320,288,48524,48462,195250,0.1988,1.0,1.0,1.0,rag_billing_retry,,,0,,0,,False,False,,0,,5.616,0.037,0.04,0.007269,o200k_base,47787,False,"{""history"": 6, ""rag"": 1, ""security"": 3, ""system"": 2, ""tool_schema"": 5, ""user"": 1}","{""agent"": 0, ""history"": 2496, ""memory"": 0, ""rag"": 155, ""security"": 273, ""system"": 349, ""tool_result"": 0, ""tool_schema"": 221, ""user"": 45030}","{""agent"": 0, ""history"": 2496, ""memory"": 0, ""rag"": 155, ""security"": 273, ""system"": 349, ""tool_result"": 0, ""tool_schema"": 221, ""user"": 45030}","{""history"": 2496, ""rag"": 155, ""security"": 273, ""system"": 349, ""tool_schema"": 221, ""user"": 45030}",protected first | elastic floors | weighted water-fill | ceilings,ef430fb2c5bffbc2ad8a937faacdd6e868b9f3092c2708dc3a12570e63e9b2c3,2cf8b2ed2b4e7c7077e84c34316df6b0e778c8e3be208884158efe4028eb4c83,"sys_platform,sys_style,sec_tenant,sec_prod,sec_secrets,tool_search_docs,tool_get_incident,tool_list_exceptions,tool_run_query,tool_page_oncall,rag_billing_retry,hist_0000,hist_0001,hist_0002,hist_0003,hist_0004,hist_0005,user_current"
oversized_user,Oversized user input,oversized-user,utility,1,256k,cl100k_base,262144,16384,2048,243712,20,18,18,320,288,48524,48462,195250,0.1988,1.0,1.0,1.0,rag_billing_retry,,,0,,0,,False,False,,0,,5.745,0.03,0.04,0.007269,o200k_base,47787,False,"{""history"": 6, ""rag"": 1, ""security"": 3, ""system"": 2, ""tool_schema"": 5, ""user"": 1}","{""agent"": 0, ""history"": 2496, ""memory"": 0, ""rag"": 155, ""security"": 273, ""system"": 349, ""tool_result"": 0, ""tool_schema"": 221, ""user"": 45030}","{""agent"": 0, ""history"": 2496, ""memory"": 0, ""rag"": 155, ""security"": 273, ""system"": 349, ""tool_result"": 0, ""tool_schema"": 221, ""user"": 45030}","{""history"": 2496, ""rag"": 155, ""security"": 273, ""system"": 349, ""tool_schema"": 221, ""user"": 45030}",protected first | elastic floors | greedy score packing | ceilings,ef430fb2c5bffbc2ad8a937faacdd6e868b9f3092c2708dc3a12570e63e9b2c3,1982b50d1eef8c986b3eaecad045e72ab8addd871cf38805f1631bbf0d54a41a,"sys_platform,sys_style,sec_tenant,sec_prod,sec_secrets,tool_search_docs,tool_get_incident,tool_list_exceptions,tool_run_query,tool_page_oncall,rag_billing_retry,hist_0000,hist_0001,hist_0002,hist_0003,hist_0004,hist_0005,user_current"
oversized_user,Oversized user input,oversized-user,recency,1,256k,cl100k_base,262144,16384,2048,243712,20,18,18,320,288,48524,48462,195250,0.1988,1.0,1.0,1.0,rag_billing_retry,,,0,,0,,False,False,,0,,5.734,0.031,0.042,0.007269,o200k_base,47787,False,"{""history"": 6, ""rag"": 1, ""security"": 3, ""system"": 2, ""tool_schema"": 5, ""user"": 1}","{""agent"": 0, ""history"": 2496, ""memory"": 0, ""rag"": 155, ""security"": 273, ""system"": 349, ""tool_result"": 0, ""tool_schema"": 221, ""user"": 45030}","{""agent"": 197775, ""history"": 197775, ""memory"": 195434, ""rag"": 195434, ""security"": 273, ""system"": 349, ""tool_result"": 197775, ""tool_schema"": 221, ""user"": 45030}","{""history"": 2496, ""rag"": 155, ""security"": 273, ""system"": 349, ""tool_schema"": 221, ""user"": 45030}",protected first | live classes newest-first (no oldest-history pin) | knowledge fills remainder by relevance | no elastic floors/ceilings,ef430fb2c5bffbc2ad8a937faacdd6e868b9f3092c2708dc3a12570e63e9b2c3,46b3eed61b1b7d1af579fac57bd82876cb568a77790a505fc5373d1fddbe0cf7,"sys_platform,sys_style,sec_tenant,sec_prod,sec_secrets,tool_search_docs,tool_get_incident,tool_list_exceptions,tool_run_query,tool_page_oncall,rag_billing_retry,hist_0000,hist_0001,hist_0002,hist_0003,hist_0004,hist_0005,user_current"
policy_pressure,Critical policy under heavy pressure,policy-pressure,fixed_quota,1,32k,cl100k_base,32768,4096,512,28160,106,104,35,1696,1664,28096,28001,159,0.9944,1.0,1.0,1.0,,,,0,,0,,False,False,,2,"toolres_0009,toolres_0008",14.5,1.037,0.04,0.0042,o200k_base,27884,False,"{""agent"": 1, ""history"": 15, ""rag"": 4, ""security"": 3, ""system"": 2, ""tool_result"": 4, ""tool_schema"": 5, ""user"": 1}","{""agent"": 32, ""history"": 50800, ""memory"": 0, ""rag"": 45480, ""security"": 273, ""system"": 349, ""tool_result"": 24192, ""tool_schema"": 221, ""user"": 45}","{""agent"": 4081, ""history"": 8162, ""memory"": 2721, ""rag"": 6802, ""security"": 273, ""system"": 349, ""tool_result"": 5442, ""tool_schema"": 221, ""user"": 45}","{""agent"": 32, ""history"": 15240, ""rag"": 6064, ""security"": 273, ""system"": 349, ""tool_result"": 5872, ""tool_schema"": 221, ""user"": 45}",protected first | fixed elastic quotas | spillover in spillover_order | spillover consumed packing leftover,014e2b2621a6ad7380ebab325fb6a11054eafa4e12d2650f7b9164bddafc1019,57edc62bb739f86c3062701ba9d47b6cc49de7bd1ec99ec505b68241643edde8,"sys_platform,sys_style,sec_tenant,sec_prod,sec_secrets,tool_search_docs,tool_get_incident,tool_list_exceptions,tool_run_query,tool_page_oncall,rag_0000,rag_0001,rag_0002,rag_0003,hist_0000,hist_0036,hist_0037,hist_0038,hist_0039,hist_0040,hist_0041,hist_0042,hist_0043,hist_0044,hist_0045,hist_0046,hist_0047,hist_0048,hist_0049,toolres_0008,toolres_0009,toolres_0010,toolres_0011,agent_bypass,user_current"
policy_pressure,Critical policy under heavy pressure,policy-pressure,waterfill,1,32k,cl100k_base,32768,4096,512,28160,106,104,33,1696,1664,28096,28012,148,0.9947,1.0,1.0,1.0,,,,0,,0,,False,False,,2,"toolres_0008,toolres_0007",14.511,1.183,0.033,0.004202,o200k_base,27902,False,"{""agent"": 1, ""history"": 11, ""rag"": 5, ""security"": 3, ""system"": 2, ""tool_result"": 5, ""tool_schema"": 5, ""user"": 1}","{""agent"": 32, ""history"": 50800, ""memory"": 0, ""rag"": 45480, ""security"": 273, ""system"": 349, ""tool_result"": 24192, ""tool_schema"": 221, ""user"": 45}","{""agent"": 32, ""history"": 10870, ""memory"": 0, ""rag"": 8696, ""security"": 273, ""system"": 349, ""tool_result"": 7610, ""tool_schema"": 221, ""user"": 45}","{""agent"": 32, ""history"": 11176, ""rag"": 7580, ""security"": 273, ""system"": 349, ""tool_result"": 8420, ""tool_schema"": 221, ""user"": 45}",protected first | elastic floors | weighted water-fill | ceilings | spillover consumed packing leftover under ceilings,9a44ab51729a02fcddf6e606a3c4b9ae8e8ea0207791878d59576b790469da44,f5ab49ef159b80449b934a778c4c116b8a82bb6d4710326829d039586032e936,"sys_platform,sys_style,sec_tenant,sec_prod,sec_secrets,tool_search_docs,tool_get_incident,tool_list_exceptions,tool_run_query,tool_page_oncall,rag_0000,rag_0001,rag_0002,rag_0003,rag_0004,hist_0000,hist_0040,hist_0041,hist_0042,hist_0043,hist_0044,hist_0045,hist_0046,hist_0047,hist_0048,hist_0049,toolres_0007,toolres_0008,toolres_0009,toolres_0010,toolres_0011,agent_bypass,user_current"
policy_pressure,Critical policy under heavy pressure,policy-pressure,utility,1,32k,cl100k_base,32768,4096,512,28160,106,104,35,1696,1664,28096,28001,159,0.9944,1.0,1.0,1.0,,,,0,,0,,False,False,,2,"toolres_0010,toolres_0009",14.568,0.98,0.032,0.0042,o200k_base,27878,False,"{""agent"": 1, ""history"": 13, ""rag"": 7, ""security"": 3, ""system"": 2, ""tool_result"": 3, ""tool_schema"": 5, ""user"": 1}","{""agent"": 32, ""history"": 50800, ""memory"": 0, ""rag"": 45480, ""security"": 273, ""system"": 349, ""tool_result"": 24192, ""tool_schema"": 221, ""user"": 45}","{""agent"": 32, ""history"": 13208, ""memory"": 0, ""rag"": 10612, ""security"": 273, ""system"": 349, ""tool_result"": 3356, ""tool_schema"": 221, ""user"": 45}","{""agent"": 32, ""history"": 13208, ""rag"": 10612, ""security"": 273, ""system"": 349, ""tool_result"": 3356, ""tool_schema"": 221, ""user"": 45}",protected first | elastic floors | greedy score packing | ceilings,2d8afbb48f6e6e3e78f19a624dcbdddb9ffa4808d5f0f427754c5f5288c3a419,de810eefcc75de50d2c79e2e2b9087170d22619cdbf0ca1bde075727331a98f3,"sys_platform,sys_style,sec_tenant,sec_prod,sec_secrets,tool_search_docs,tool_get_incident,tool_list_exceptions,tool_run_query,tool_page_oncall,rag_0000,rag_0001,rag_0002,rag_0003,rag_0004,rag_0005,rag_0006,hist_0000,hist_0038,hist_0039,hist_0040,hist_0041,hist_0042,hist_0043,hist_0044,hist_0045,hist_0046,hist_0047,hist_0048,hist_0049,toolres_0009,toolres_0010,toolres_0011,agent_bypass,user_current"
policy_pressure,Critical policy under heavy pressure,policy-pressure,recency,1,32k,cl100k_base,32768,4096,512,28160,106,104,26,1696,1664,27144,27083,1077,0.9618,1.0,1.0,1.0,,,rag,1,,0,,False,False,,0,,14.621,0.075,0.031,0.004062,o200k_base,27057,False,"{""agent"": 1, ""history"": 2, ""security"": 3, ""system"": 2, ""tool_result"": 12, ""tool_schema"": 5, ""user"": 1}","{""agent"": 32, ""history"": 50800, ""memory"": 0, ""rag"": 45480, ""security"": 273, ""system"": 349, ""tool_result"": 24192, ""tool_schema"": 221, ""user"": 45}","{""agent"": 27208, ""history"": 27208, ""memory"": 952, ""rag"": 952, ""security"": 273, ""system"": 349, ""tool_result"": 27208, ""tool_schema"": 221, ""user"": 45}","{""agent"": 32, ""history"": 2032, ""security"": 273, ""system"": 349, ""tool_result"": 24192, ""tool_schema"": 221, ""user"": 45}",protected first | live classes newest-first (no oldest-history pin) | knowledge fills remainder by relevance | no elastic floors/ceilings,76081b48b0f9fdc71485bd5ff4d13e7e16c2105d8c55e98b0fdd297ef24c25fa,cae6321b25b34d4a5405ec09d4240752e0f7ab8a9be000f1859854344fd9f05d,"sys_platform,sys_style,sec_tenant,sec_prod,sec_secrets,tool_search_docs,tool_get_incident,tool_list_exceptions,tool_run_query,tool_page_oncall,hist_0048,hist_0049,toolres_0000,toolres_0001,toolres_0002,toolres_0003,toolres_0004,toolres_0005,toolres_0006,toolres_0007,toolres_0008,toolres_0009,toolres_0010,toolres_0011,agent_bypass,user_current"
policy_pressure,Critical policy under heavy pressure,policy-pressure,fixed_quota,1,64k,cl100k_base,65536,8192,1024,56320,106,104,58,1696,1664,56256,56093,227,0.996,1.0,1.0,1.0,,,,0,,0,,False,False,,2,"toolres_0006,toolres_0005",14.561,0.854,0.071,0.008414,o200k_base,55900,False,"{""agent"": 1, ""history"": 30, ""rag"": 9, ""security"": 3, ""system"": 2, ""tool_result"": 7, ""tool_schema"": 5, ""user"": 1}","{""agent"": 32, ""history"": 50800, ""memory"": 0, ""rag"": 45480, ""security"": 273, ""system"": 349, ""tool_result"": 24192, ""tool_schema"": 221, ""user"": 45}","{""agent"": 8305, ""history"": 16610, ""memory"": 5537, ""rag"": 13842, ""security"": 273, ""system"": 349, ""tool_result"": 11074, ""tool_schema"": 221, ""user"": 45}","{""agent"": 32, ""history"": 30480, ""rag"": 13644, ""security"": 273, ""system"": 349, ""tool_result"": 11212, ""tool_schema"": 221, ""user"": 45}",protected first | fixed elastic quotas | spillover in spillover_order | spillover consumed packing leftover,011b9310b2d5651c367f833f4bd00e446968834a771d98eee8b28fa614894e6d,90cc346bfaa8d50d428d93b6b188fd11813e138c4610c23761c0d0d732de2ee1,"sys_platform,sys_style,sec_tenant,sec_prod,sec_secrets,tool_search_docs,tool_get_incident,tool_list_exceptions,tool_run_query,tool_page_oncall,rag_0000,rag_0001,rag_0002,rag_0003,rag_0004,rag_0005,rag_0006,rag_0007,rag_0008,hist_0000,hist_0021,hist_0022,hist_0023,hist_0024,hist_0025,hist_0026,hist_0027,hist_0028,hist_0029,hist_0030,hist_0031,hist_0032,hist_0033,hist_0034,hist_0035,hist_0036,hist_0037,hist_0038,hist_0039,hist_0040,hist_0041,hist_0042,hist_0043,hist_0044,hist_0045,hist_0046,hist_0047,hist_0048,hist_0049,toolres_0005,toolres_0006,toolres_0007,toolres_0008,toolres_0009,toolres_0010,toolres_0011,agent_bypass,user_current"
policy_pressure,Critical policy under heavy pressure,policy-pressure,waterfill,1,64k,cl100k_base,65536,8192,1024,56320,106,104,54,1696,1664,56256,56110,210,0.9963,1.0,1.0,1.0,,,,0,,0,,False,False,,2,"toolres_0004,toolres_0003",14.469,1.11,0.06,0.008417,o200k_base,55937,False,"{""agent"": 1, ""history"": 22, ""rag"": 11, ""security"": 3, ""system"": 2, ""tool_result"": 9, ""tool_schema"": 5, ""user"": 1}","{""agent"": 32, ""history"": 50800, ""memory"": 0, ""rag"": 45480, ""security"": 273, ""system"": 349, ""tool_result"": 24192, ""tool_schema"": 221, ""user"": 45}","{""agent"": 32, ""history"": 22134, ""memory"": 0, ""rag"": 17708, ""security"": 273, ""system"": 349, ""tool_result"": 15494, ""tool_schema"": 221, ""user"": 45}","{""agent"": 32, ""history"": 22352, ""rag"": 16676, ""security"": 273, ""system"": 349, ""tool_result"": 16308, ""tool_schema"": 221, ""user"": 45}",protected first | elastic floors | weighted water-fill | ceilings | spillover consumed packing leftover under ceilings,898c4a4dc985c3e4d8939d4a678a94e9f4c9b57155598116151bfce2bec3bc57,7a65152adc3765bc6e5c8dfa98f489f3e406203c4445bf9a00fed0d36a3d0b4c,"sys_platform,sys_style,sec_tenant,sec_prod,sec_secrets,tool_search_docs,tool_get_incident,tool_list_exceptions,tool_run_query,tool_page_oncall,rag_0000,rag_0001,rag_0002,rag_0003,rag_0004,rag_0005,rag_0006,rag_0007,rag_0008,rag_0009,rag_0010,hist_0000,hist_0029,hist_0030,hist_0031,hist_0032,hist_0033,hist_0034,hist_0035,hist_0036,hist_0037,hist_0038,hist_0039,hist_0040,hist_0041,hist_0042,hist_0043,hist_0044,hist_0045,hist_0046,hist_0047,hist_0048,hist_0049,toolres_0003,toolres_0004,toolres_0005,toolres_0006,toolres_0007,toolres_0008,toolres_0009,toolres_0010,toolres_0011,agent_bypass,user_current"
policy_pressure,Critical policy under heavy pressure,policy-pressure,utility,1,64k,cl100k_base,65536,8192,1024,56320,106,104,58,1696,1664,56256,56089,231,0.9959,1.0,1.0,1.0,,,,0,,0,,False,False,,2,"toolres_0009,toolres_0007",14.534,0.815,0.074,0.008413,o200k_base,55877,False,"{""agent"": 1, ""history"": 27, ""rag"": 14, ""security"": 3, ""system"": 2, ""tool_result"": 5, ""tool_schema"": 5, ""user"": 1}","{""agent"": 32, ""history"": 50800, ""memory"": 0, ""rag"": 45480, ""security"": 273, ""system"": 349, ""tool_result"": 24192, ""tool_schema"": 221, ""user"": 45}","{""agent"": 32, ""history"": 27432, ""memory"": 0, ""rag"": 21224, ""security"": 273, ""system"": 349, ""tool_result"": 6680, ""tool_schema"": 221, ""user"": 45}","{""agent"": 32, ""history"": 27432, ""rag"": 21224, ""security"": 273, ""system"": 349, ""tool_result"": 6680, ""tool_schema"": 221, ""user"": 45}",protected first | elastic floors | greedy score packing | ceilings,19d38321a119139c3eec7d4aecc28ffca47ea3759cc4b8407d774b7735e729ea,867fdfae6cf2bb3562d595e66b75657a1655bc988105050a7cb85354c0aec5e7,"sys_platform,sys_style,sec_tenant,sec_prod,sec_secrets,tool_search_docs,tool_get_incident,tool_list_exceptions,tool_run_query,tool_page_oncall,rag_0000,rag_0001,rag_0002,rag_0003,rag_0004,rag_0005,rag_0006,rag_0007,rag_0008,rag_0009,rag_0010,rag_0011,rag_0012,rag_0013,hist_0000,hist_0024,hist_0025,hist_0026,hist_0027,hist_0028,hist_0029,hist_0030,hist_0031,hist_0032,hist_0033,hist_0034,hist_0035,hist_0036,hist_0037,hist_0038,hist_0039,hist_0040,hist_0041,hist_0042,hist_0043,hist_0044,hist_0045,hist_0046,hist_0047,hist_0048,hist_0049,toolres_0007,toolres_0008,toolres_0009,toolres_0010,toolres_0011,agent_bypass,user_current"
policy_pressure,Critical policy under heavy pressure,policy-pressure,recency,1,64k,cl100k_base,65536,8192,1024,56320,106,104,54,1696,1664,55592,55437,883,0.9843,1.0,1.0,1.0,,,rag,1,,0,,False,False,,0,,14.494,0.081,0.058,0.008316,o200k_base,55269,False,"{""agent"": 1, ""history"": 30, ""security"": 3, ""system"": 2, ""tool_result"": 12, ""tool_schema"": 5, ""user"": 1}","{""agent"": 32, ""history"": 50800, ""memory"": 0, ""rag"": 45480, ""security"": 273, ""system"": 349, ""tool_result"": 24192, ""tool_schema"": 221, ""user"": 45}","{""agent"": 55368, ""history"": 55368, ""memory"": 664, ""rag"": 664, ""security"": 273, ""system"": 349, ""tool_result"": 55368, ""tool_schema"": 221, ""user"": 45}","{""agent"": 32, ""history"": 30480, ""security"": 273, ""system"": 349, ""tool_result"": 24192, ""tool_schema"": 221, ""user"": 45}",protected first | live classes newest-first (no oldest-history pin) | knowledge fills remainder by relevance | no elastic floors/ceilings,38bebafdcc4977cfbe1f279346c7aa7d163f3bc1da3e412b0bc6056e473ee763,4987d52b8609c08a7057bcf36b1ebaa9804850f3f3b65b94d8940ae2597bb078,"sys_platform,sys_style,sec_tenant,sec_prod,sec_secrets,tool_search_docs,tool_get_incident,tool_list_exceptions,tool_run_query,tool_page_oncall,hist_0020,hist_0021,hist_0022,hist_0023,hist_0024,hist_0025,hist_0026,hist_0027,hist_0028,hist_0029,hist_0030,hist_0031,hist_0032,hist_0033,hist_0034,hist_0035,hist_0036,hist_0037,hist_0038,hist_0039,hist_0040,hist_0041,hist_0042,hist_0043,hist_0044,hist_0045,hist_0046,hist_0047,hist_0048,hist_0049,toolres_0000,toolres_0001,toolres_0002,toolres_0003,toolres_0004,toolres_0005,toolres_0006,toolres_0007,toolres_0008,toolres_0009,toolres_0010,toolres_0011,agent_bypass,user_current"
policy_pressure,Critical policy under heavy pressure,policy-pressure,fixed_quota,1,128k,cl100k_base,131072,8192,2048,120832,106,104,103,1696,1664,119660,119359,1473,0.9878,1.0,1.0,1.0,,,,0,,0,,False,False,,1,toolres_0000,14.557,0.782,0.131,0.017904,o200k_base,118901,False,"{""agent"": 1, ""history"": 50, ""rag"": 29, ""security"": 3, ""system"": 2, ""tool_result"": 12, ""tool_schema"": 5, ""user"": 1}","{""agent"": 32, ""history"": 50800, ""memory"": 0, ""rag"": 45480, ""security"": 273, ""system"": 349, ""tool_result"": 24192, ""tool_schema"": 221, ""user"": 45}","{""agent"": 17982, ""history"": 35964, ""memory"": 11988, ""rag"": 29970, ""security"": 273, ""system"": 349, ""tool_result"": 23976, ""tool_schema"": 221, ""user"": 45}","{""agent"": 32, ""history"": 50800, ""rag"": 43964, ""security"": 273, ""system"": 349, ""tool_result"": 23976, ""tool_schema"": 221, ""user"": 45}",protected first | fixed elastic quotas | spillover in spillover_order | spillover consumed packing leftover,f2f48a73524e16a0a842077ff0459b3abfb33b7c81b9522535f56c84d4e4b9d8,f59748db869151b43b2701dde023582742e54271246c147eec3da41166b5e4c3,"sys_platform,sys_style,sec_tenant,sec_prod,sec_secrets,tool_search_docs,tool_get_incident,tool_list_exceptions,tool_run_query,tool_page_oncall,rag_0000,rag_0001,rag_0002,rag_0003,rag_0004,rag_0005,rag_0006,rag_0007,rag_0008,rag_0009,rag_0010,rag_0011,rag_0012,rag_0013,rag_0014,rag_0015,rag_0016,rag_0017,rag_0018,rag_0019,rag_0020,rag_0021,rag_0022,rag_0023,rag_0024,rag_0025,rag_0026,rag_0027,rag_0028,hist_0000,hist_0001,hist_0002,hist_0003,hist_0004,hist_0005,hist_0006,hist_0007,hist_0008,hist_0009,hist_0010,hist_0011,hist_0012,hist_0013,hist_0014,hist_0015,hist_0016,hist_0017,hist_0018,hist_0019,hist_0020,hist_0021,hist_0022,hist_0023,hist_0024,hist_0025,hist_0026,hist_0027,hist_0028,hist_0029,hist_0030,hist_0031,hist_0032,hist_0033,hist_0034,hist_0035,hist_0036,hist_0037,hist_0038,hist_0039,hist_0040,hist_0041,hist_0042,hist_0043,hist_0044,hist_0045,hist_0046,hist_0047,hist_0048,hist_0049,toolres_0000,toolres_0001,toolres_0002,toolres_0003,toolres_0004,toolres_0005,toolres_0006,toolres_0007,toolres_0008,toolres_0009,toolres_0010,toolres_0011,agent_bypass,user_current"
policy_pressure,Critical policy under heavy pressure,policy-pressure,waterfill,1,128k,cl100k_base,131072,8192,2048,120832,106,104,103,1696,1664,119876,119572,1260,0.9896,1.0,1.0,1.0,,,,0,,0,,False,False,,0,,14.609,0.111,0.121,0.017936,o200k_base,119115,False,"{""agent"": 1, ""history"": 50, ""rag"": 29, ""security"": 3, ""system"": 2, ""tool_result"": 12, ""tool_schema"": 5, ""user"": 1}","{""agent"": 32, ""history"": 50800, ""memory"": 0, ""rag"": 45480, ""security"": 273, ""system"": 349, ""tool_result"": 24192, ""tool_schema"": 221, ""user"": 45}","{""agent"": 32, ""history"": 50800, ""memory"": 0, ""rag"": 44856, ""security"": 273, ""system"": 349, ""tool_result"": 24192, ""tool_schema"": 221, ""user"": 45}","{""agent"": 32, ""history"": 50800, ""rag"": 43964, ""security"": 273, ""system"": 349, ""tool_result"": 24192, ""tool_schema"": 221, ""user"": 45}",protected first | elastic floors | weighted water-fill | ceilings,24b570559231f2debc4e4c0efef0bcf9f0befc60c7cec4dd5df462cd9babd6e9,7fce2d1690e3a7e2f283875622af41bc73f7ae59e6012269f0c1bb15dab90037,"sys_platform,sys_style,sec_tenant,sec_prod,sec_secrets,tool_search_docs,tool_get_incident,tool_list_exceptions,tool_run_query,tool_page_oncall,rag_0000,rag_0001,rag_0002,rag_0003,rag_0004,rag_0005,rag_0006,rag_0007,rag_0008,rag_0009,rag_0010,rag_0011,rag_0012,rag_0013,rag_0014,rag_0015,rag_0016,rag_0017,rag_0018,rag_0019,rag_0020,rag_0021,rag_0022,rag_0023,rag_0024,rag_0025,rag_0026,rag_0027,rag_0028,hist_0000,hist_0001,hist_0002,hist_0003,hist_0004,hist_0005,hist_0006,hist_0007,hist_0008,hist_0009,hist_0010,hist_0011,hist_0012,hist_0013,hist_0014,hist_0015,hist_0016,hist_0017,hist_0018,hist_0019,hist_0020,hist_0021,hist_0022,hist_0023,hist_0024,hist_0025,hist_0026,hist_0027,hist_0028,hist_0029,hist_0030,hist_0031,hist_0032,hist_0033,hist_0034,hist_0035,hist_0036,hist_0037,hist_0038,hist_0039,hist_0040,hist_0041,hist_0042,hist_0043,hist_0044,hist_0045,hist_0046,hist_0047,hist_0048,hist_0049,toolres_0000,toolres_0001,toolres_0002,toolres_0003,toolres_0004,toolres_0005,toolres_0006,toolres_0007,toolres_0008,toolres_0009,toolres_0010,toolres_0011,agent_bypass,user_current"
policy_pressure,Critical policy under heavy pressure,policy-pressure,utility,1,128k,cl100k_base,131072,8192,2048,120832,106,104,104,1696,1664,120768,120466,366,0.997,1.0,1.0,1.0,,,,0,,0,,False,False,,2,"toolres_0007,toolres_0000",14.538,1.545,0.125,0.01807,o200k_base,120005,False,"{""agent"": 1, ""history"": 50, ""rag"": 30, ""security"": 3, ""system"": 2, ""tool_result"": 12, ""tool_schema"": 5, ""user"": 1}","{""agent"": 32, ""history"": 50800, ""memory"": 0, ""rag"": 45480, ""security"": 273, ""system"": 349, ""tool_result"": 24192, ""tool_schema"": 221, ""user"": 45}","{""agent"": 32, ""history"": 50800, ""memory"": 0, ""rag"": 45480, ""security"": 273, ""system"": 349, ""tool_result"": 23568, ""tool_schema"": 221, ""user"": 45}","{""agent"": 32, ""history"": 50800, ""rag"": 45480, ""security"": 273, ""system"": 349, ""tool_result"": 23568, ""tool_schema"": 221, ""user"": 45}",protected first | elastic floors | greedy score packing | ceilings,ba4f34727eb45d7d8f1a78ac73119e5752d7efa8f12712344c48e4e16f91c593,2aeee49b9775f2f1491c428b1df752806461c703dc80449a0756da8caff461e2,"sys_platform,sys_style,sec_tenant,sec_prod,sec_secrets,tool_search_docs,tool_get_incident,tool_list_exceptions,tool_run_query,tool_page_oncall,rag_0000,rag_0001,rag_0002,rag_0003,rag_0004,rag_0005,rag_0006,rag_0007,rag_0008,rag_0009,rag_0010,rag_0011,rag_0012,rag_0013,rag_0014,rag_0015,rag_0016,rag_0017,rag_0018,rag_0019,rag_0020,rag_0021,rag_0022,rag_0023,rag_0024,rag_0025,rag_0026,rag_0027,rag_0028,rag_0029,hist_0000,hist_0001,hist_0002,hist_0003,hist_0004,hist_0005,hist_0006,hist_0007,hist_0008,hist_0009,hist_0010,hist_0011,hist_0012,hist_0013,hist_0014,hist_0015,hist_0016,hist_0017,hist_0018,hist_0019,hist_0020,hist_0021,hist_0022,hist_0023,hist_0024,hist_0025,hist_0026,hist_0027,hist_0028,hist_0029,hist_0030,hist_0031,hist_0032,hist_0033,hist_0034,hist_0035,hist_0036,hist_0037,hist_0038,hist_0039,hist_0040,hist_0041,hist_0042,hist_0043,hist_0044,hist_0045,hist_0046,hist_0047,hist_0048,hist_0049,toolres_0000,toolres_0001,toolres_0002,toolres_0003,toolres_0004,toolres_0005,toolres_0006,toolres_0007,toolres_0008,toolres_0009,toolres_0010,toolres_0011,agent_bypass,user_current"
policy_pressure,Critical policy under heavy pressure,policy-pressure,recency,1,128k,cl100k_base,131072,8192,2048,120832,106,104,103,1696,1664,119876,119572,1260,0.9896,1.0,1.0,1.0,,,,0,,0,,False,False,,0,,14.576,0.104,0.119,0.017936,o200k_base,119115,False,"{""agent"": 1, ""history"": 50, ""rag"": 29, ""security"": 3, ""system"": 2, ""tool_result"": 12, ""tool_schema"": 5, ""user"": 1}","{""agent"": 32, ""history"": 50800, ""memory"": 0, ""rag"": 45480, ""security"": 273, ""system"": 349, ""tool_result"": 24192, ""tool_schema"": 221, ""user"": 45}","{""agent"": 119880, ""history"": 119880, ""memory"": 88820, ""rag"": 88820, ""security"": 273, ""system"": 349, ""tool_result"": 119880, ""tool_schema"": 221, ""user"": 45}","{""agent"": 32, ""history"": 50800, ""rag"": 43964, ""security"": 273, ""system"": 349, ""tool_result"": 24192, ""tool_schema"": 221, ""user"": 45}",protected first | live classes newest-first (no oldest-history pin) | knowledge fills remainder by relevance | no elastic floors/ceilings,24b570559231f2debc4e4c0efef0bcf9f0befc60c7cec4dd5df462cd9babd6e9,6f5c180a63a08b0e40abbf68b061aeb4541880ae045c0af15cb7a9c77e24de4e,"sys_platform,sys_style,sec_tenant,sec_prod,sec_secrets,tool_search_docs,tool_get_incident,tool_list_exceptions,tool_run_query,tool_page_oncall,rag_0000,rag_0001,rag_0002,rag_0003,rag_0004,rag_0005,rag_0006,rag_0007,rag_0008,rag_0009,rag_0010,rag_0011,rag_0012,rag_0013,rag_0014,rag_0015,rag_0016,rag_0017,rag_0018,rag_0019,rag_0020,rag_0021,rag_0022,rag_0023,rag_0024,rag_0025,rag_0026,rag_0027,rag_0028,hist_0000,hist_0001,hist_0002,hist_0003,hist_0004,hist_0005,hist_0006,hist_0007,hist_0008,hist_0009,hist_0010,hist_0011,hist_0012,hist_0013,hist_0014,hist_0015,hist_0016,hist_0017,hist_0018,hist_0019,hist_0020,hist_0021,hist_0022,hist_0023,hist_0024,hist_0025,hist_0026,hist_0027,hist_0028,hist_0029,hist_0030,hist_0031,hist_0032,hist_0033,hist_0034,hist_0035,hist_0036,hist_0037,hist_0038,hist_0039,hist_0040,hist_0041,hist_0042,hist_0043,hist_0044,hist_0045,hist_0046,hist_0047,hist_0048,hist_0049,toolres_0000,toolres_0001,toolres_0002,toolres_0003,toolres_0004,toolres_0005,toolres_0006,toolres_0007,toolres_0008,toolres_0009,toolres_0010,toolres_0011,agent_bypass,user_current"
policy_pressure,Critical policy under heavy pressure,policy-pressure,fixed_quota,1,256k,cl100k_base,262144,16384,2048,243712,106,104,104,1696,1664,121392,121085,122627,0.4968,1.0,1.0,1.0,,,,0,,0,,False,False,,0,,14.542,0.105,0.124,0.018163,o200k_base,120625,False,"{""agent"": 1, ""history"": 50, ""rag"": 30, ""security"": 3, ""system"": 2, ""tool_result"": 12, ""tool_schema"": 5, ""user"": 1}","{""agent"": 32, ""history"": 50800, ""memory"": 0, ""rag"": 45480, ""security"": 273, ""system"": 349, ""tool_result"": 24192, ""tool_schema"": 221, ""user"": 45}","{""agent"": 36414, ""history"": 72828, ""memory"": 24276, ""rag"": 60690, ""security"": 273, ""system"": 349, ""tool_result"": 48552, ""tool_schema"": 221, ""user"": 45}","{""agent"": 32, ""history"": 50800, ""rag"": 45480, ""security"": 273, ""system"": 349, ""tool_result"": 24192, ""tool_schema"": 221, ""user"": 45}",protected first | fixed elastic quotas | spillover in spillover_order,cc031ab1445f89971df596d2bbafa379ee743c43adec5f362e408ebca686d414,d103a057141ef068b84525055837cf7de2591496038c5871c578a4257b8aa309,"sys_platform,sys_style,sec_tenant,sec_prod,sec_secrets,tool_search_docs,tool_get_incident,tool_list_exceptions,tool_run_query,tool_page_oncall,rag_0000,rag_0001,rag_0002,rag_0003,rag_0004,rag_0005,rag_0006,rag_0007,rag_0008,rag_0009,rag_0010,rag_0011,rag_0012,rag_0013,rag_0014,rag_0015,rag_0016,rag_0017,rag_0018,rag_0019,rag_0020,rag_0021,rag_0022,rag_0023,rag_0024,rag_0025,rag_0026,rag_0027,rag_0028,rag_0029,hist_0000,hist_0001,hist_0002,hist_0003,hist_0004,hist_0005,hist_0006,hist_0007,hist_0008,hist_0009,hist_0010,hist_0011,hist_0012,hist_0013,hist_0014,hist_0015,hist_0016,hist_0017,hist_0018,hist_0019,hist_0020,hist_0021,hist_0022,hist_0023,hist_0024,hist_0025,hist_0026,hist_0027,hist_0028,hist_0029,hist_0030,hist_0031,hist_0032,hist_0033,hist_0034,hist_0035,hist_0036,hist_0037,hist_0038,hist_0039,hist_0040,hist_0041,hist_0042,hist_0043,hist_0044,hist_0045,hist_0046,hist_0047,hist_0048,hist_0049,toolres_0000,toolres_0001,toolres_0002,toolres_0003,toolres_0004,toolres_0005,toolres_0006,toolres_0007,toolres_0008,toolres_0009,toolres_0010,toolres_0011,agent_bypass,user_current"
policy_pressure,Critical policy under heavy pressure,policy-pressure,waterfill,1,256k,cl100k_base,262144,16384,2048,243712,106,104,104,1696,1664,121392,121085,122627,0.4968,1.0,1.0,1.0,,,,0,,0,,False,False,,0,,14.548,0.134,0.124,0.018163,o200k_base,120625,False,"{""agent"": 1, ""history"": 50, ""rag"": 30, ""security"": 3, ""system"": 2, ""tool_result"": 12, ""tool_schema"": 5, ""user"": 1}","{""agent"": 32, ""history"": 50800, ""memory"": 0, ""rag"": 45480, ""security"": 273, ""system"": 349, ""tool_result"": 24192, ""tool_schema"": 221, ""user"": 45}","{""agent"": 32, ""history"": 50800, ""memory"": 0, ""rag"": 45480, ""security"": 273, ""system"": 349, ""tool_result"": 24192, ""tool_schema"": 221, ""user"": 45}","{""agent"": 32, ""history"": 50800, ""rag"": 45480, ""security"": 273, ""system"": 349, ""tool_result"": 24192, ""tool_schema"": 221, ""user"": 45}",protected first | elastic floors | weighted water-fill | ceilings,cc031ab1445f89971df596d2bbafa379ee743c43adec5f362e408ebca686d414,344e9d4adae328c74ef3425de4ad21a2470161b2cebecf06ed40d9608b61dd9a,"sys_platform,sys_style,sec_tenant,sec_prod,sec_secrets,tool_search_docs,tool_get_incident,tool_list_exceptions,tool_run_query,tool_page_oncall,rag_0000,rag_0001,rag_0002,rag_0003,rag_0004,rag_0005,rag_0006,rag_0007,rag_0008,rag_0009,rag_0010,rag_0011,rag_0012,rag_0013,rag_0014,rag_0015,rag_0016,rag_0017,rag_0018,rag_0019,rag_0020,rag_0021,rag_0022,rag_0023,rag_0024,rag_0025,rag_0026,rag_0027,rag_0028,rag_0029,hist_0000,hist_0001,hist_0002,hist_0003,hist_0004,hist_0005,hist_0006,hist_0007,hist_0008,hist_0009,hist_0010,hist_0011,hist_0012,hist_0013,hist_0014,hist_0015,hist_0016,hist_0017,hist_0018,hist_0019,hist_0020,hist_0021,hist_0022,hist_0023,hist_0024,hist_0025,hist_0026,hist_0027,hist_0028,hist_0029,hist_0030,hist_0031,hist_0032,hist_0033,hist_0034,hist_0035,hist_0036,hist_0037,hist_0038,hist_0039,hist_0040,hist_0041,hist_0042,hist_0043,hist_0044,hist_0045,hist_0046,hist_0047,hist_0048,hist_0049,toolres_0000,toolres_0001,toolres_0002,toolres_0003,toolres_0004,toolres_0005,toolres_0006,toolres_0007,toolres_0008,toolres_0009,toolres_0010,toolres_0011,agent_bypass,user_current"
policy_pressure,Critical policy under heavy pressure,policy-pressure,utility,1,256k,cl100k_base,262144,16384,2048,243712,106,104,104,1696,1664,120652,120348,123364,0.4938,1.0,1.0,1.0,,,,0,,0,,False,False,,1,toolres_0002,14.556,0.715,0.123,0.018052,o200k_base,119898,False,"{""agent"": 1, ""history"": 50, ""rag"": 30, ""security"": 3, ""system"": 2, ""tool_result"": 12, ""tool_schema"": 5, ""user"": 1}","{""agent"": 32, ""history"": 50800, ""memory"": 0, ""rag"": 45480, ""security"": 273, ""system"": 349, ""tool_result"": 24192, ""tool_schema"": 221, ""user"": 45}","{""agent"": 32, ""history"": 50800, ""memory"": 0, ""rag"": 45480, ""security"": 273, ""system"": 349, ""tool_result"": 23452, ""tool_schema"": 221, ""user"": 45}","{""agent"": 32, ""history"": 50800, ""rag"": 45480, ""security"": 273, ""system"": 349, ""tool_result"": 23452, ""tool_schema"": 221, ""user"": 45}",protected first | elastic floors | greedy score packing | ceilings,5ae235ea835f3dae3e00cb1e1d53db5a159da13736e37ee6f5a4dc5132d94234,93fc7c7aafb56670ee62c374b0c77a7f2dd221e42c464c4c12b74143a8f4dfe5,"sys_platform,sys_style,sec_tenant,sec_prod,sec_secrets,tool_search_docs,tool_get_incident,tool_list_exceptions,tool_run_query,tool_page_oncall,rag_0000,rag_0001,rag_0002,rag_0003,rag_0004,rag_0005,rag_0006,rag_0007,rag_0008,rag_0009,rag_0010,rag_0011,rag_0012,rag_0013,rag_0014,rag_0015,rag_0016,rag_0017,rag_0018,rag_0019,rag_0020,rag_0021,rag_0022,rag_0023,rag_0024,rag_0025,rag_0026,rag_0027,rag_0028,rag_0029,hist_0000,hist_0001,hist_0002,hist_0003,hist_0004,hist_0005,hist_0006,hist_0007,hist_0008,hist_0009,hist_0010,hist_0011,hist_0012,hist_0013,hist_0014,hist_0015,hist_0016,hist_0017,hist_0018,hist_0019,hist_0020,hist_0021,hist_0022,hist_0023,hist_0024,hist_0025,hist_0026,hist_0027,hist_0028,hist_0029,hist_0030,hist_0031,hist_0032,hist_0033,hist_0034,hist_0035,hist_0036,hist_0037,hist_0038,hist_0039,hist_0040,hist_0041,hist_0042,hist_0043,hist_0044,hist_0045,hist_0046,hist_0047,hist_0048,hist_0049,toolres_0000,toolres_0001,toolres_0002,toolres_0003,toolres_0004,toolres_0005,toolres_0006,toolres_0007,toolres_0008,toolres_0009,toolres_0010,toolres_0011,agent_bypass,user_current"
policy_pressure,Critical policy under heavy pressure,policy-pressure,recency,1,256k,cl100k_base,262144,16384,2048,243712,106,104,104,1696,1664,121392,121085,122627,0.4968,1.0,1.0,1.0,,,,0,,0,,False,False,,0,,14.544,0.094,0.121,0.018163,o200k_base,120625,False,"{""agent"": 1, ""history"": 50, ""rag"": 30, ""security"": 3, ""system"": 2, ""tool_result"": 12, ""tool_schema"": 5, ""user"": 1}","{""agent"": 32, ""history"": 50800, ""memory"": 0, ""rag"": 45480, ""security"": 273, ""system"": 349, ""tool_result"": 24192, ""tool_schema"": 221, ""user"": 45}","{""agent"": 242760, ""history"": 242760, ""memory"": 213216, ""rag"": 213216, ""security"": 273, ""system"": 349, ""tool_result"": 242760, ""tool_schema"": 221, ""user"": 45}","{""agent"": 32, ""history"": 50800, ""rag"": 45480, ""security"": 273, ""system"": 349, ""tool_result"": 24192, ""tool_schema"": 221, ""user"": 45}",protected first | live classes newest-first (no oldest-history pin) | knowledge fills remainder by relevance | no elastic floors/ceilings,cc031ab1445f89971df596d2bbafa379ee743c43adec5f362e408ebca686d414,34b840b06038ec074a1562ba269aab8e17cec3ce3cc90f41f1a0f5b1d4f61ec3,"sys_platform,sys_style,sec_tenant,sec_prod,sec_secrets,tool_search_docs,tool_get_incident,tool_list_exceptions,tool_run_query,tool_page_oncall,rag_0000,rag_0001,rag_0002,rag_0003,rag_0004,rag_0005,rag_0006,rag_0007,rag_0008,rag_0009,rag_0010,rag_0011,rag_0012,rag_0013,rag_0014,rag_0015,rag_0016,rag_0017,rag_0018,rag_0019,rag_0020,rag_0021,rag_0022,rag_0023,rag_0024,rag_0025,rag_0026,rag_0027,rag_0028,rag_0029,hist_0000,hist_0001,hist_0002,hist_0003,hist_0004,hist_0005,hist_0006,hist_0007,hist_0008,hist_0009,hist_0010,hist_0011,hist_0012,hist_0013,hist_0014,hist_0015,hist_0016,hist_0017,hist_0018,hist_0019,hist_0020,hist_0021,hist_0022,hist_0023,hist_0024,hist_0025,hist_0026,hist_0027,hist_0028,hist_0029,hist_0030,hist_0031,hist_0032,hist_0033,hist_0034,hist_0035,hist_0036,hist_0037,hist_0038,hist_0039,hist_0040,hist_0041,hist_0042,hist_0043,hist_0044,hist_0045,hist_0046,hist_0047,hist_0048,hist_0049,toolres_0000,toolres_0001,toolres_0002,toolres_0003,toolres_0004,toolres_0005,toolres_0006,toolres_0007,toolres_0008,toolres_0009,toolres_0010,toolres_0011,agent_bypass,user_current"
protected_pressure,Protected user competes with huge paste,protected-pressure,fixed_quota,1,32k,cl100k_base,32768,4096,512,28160,31,31,11,496,496,28096,28047,113,0.996,1.0,1.0,1.0,,,"history,rag",2,,0,,False,False,,1,user_current,7.235,11.46,0.026,0.004207,o200k_base,28010,False,"{""security"": 3, ""system"": 2, ""tool_schema"": 5, ""user"": 1}","{""agent"": 0, ""history"": 8160, ""memory"": 0, ""rag"": 12160, ""security"": 273, ""system"": 349, ""tool_result"": 0, ""tool_schema"": 221, ""user"": 40016}","{""agent"": 0, ""history"": 0, ""memory"": 0, ""rag"": 0, ""security"": 273, ""system"": 349, ""tool_result"": 0, ""tool_schema"": 221, ""user"": 27253}","{""security"": 273, ""system"": 349, ""tool_schema"": 221, ""user"": 27253}",protected first | fixed elastic quotas | spillover in spillover_order,ca80098435807c813ccb7fe2c3ec4405cdaf7932852d420185f650c3332dab65,f13880ba462e409c5924536cb93335b4a2532e42615b7f5649db342c6776ecd5,"sys_platform,sys_style,sec_tenant,sec_prod,sec_secrets,tool_search_docs,tool_get_incident,tool_list_exceptions,tool_run_query,tool_page_oncall,user_current"
protected_pressure,Protected user competes with huge paste,protected-pressure,waterfill,1,32k,cl100k_base,32768,4096,512,28160,31,31,11,496,496,28096,28047,113,0.996,1.0,1.0,1.0,,,"history,rag",2,,0,,False,False,,1,user_current,7.283,11.376,0.025,0.004207,o200k_base,28010,False,"{""security"": 3, ""system"": 2, ""tool_schema"": 5, ""user"": 1}","{""agent"": 0, ""history"": 8160, ""memory"": 0, ""rag"": 12160, ""security"": 273, ""system"": 349, ""tool_result"": 0, ""tool_schema"": 221, ""user"": 40016}","{""agent"": 0, ""history"": 0, ""memory"": 0, ""rag"": 0, ""security"": 273, ""system"": 349, ""tool_result"": 0, ""tool_schema"": 221, ""user"": 27253}","{""security"": 273, ""system"": 349, ""tool_schema"": 221, ""user"": 27253}",protected first | elastic floors | weighted water-fill | ceilings,ca80098435807c813ccb7fe2c3ec4405cdaf7932852d420185f650c3332dab65,cd24a559e9831d5e3fa8c952728ff4ceef6034e02e9205f637f5180a5402c7db,"sys_platform,sys_style,sec_tenant,sec_prod,sec_secrets,tool_search_docs,tool_get_incident,tool_list_exceptions,tool_run_query,tool_page_oncall,user_current"
protected_pressure,Protected user competes with huge paste,protected-pressure,utility,1,32k,cl100k_base,32768,4096,512,28160,31,31,11,496,496,28096,28047,113,0.996,1.0,1.0,1.0,,,"history,rag",2,,0,,False,False,,1,user_current,7.302,11.453,0.025,0.004207,o200k_base,28010,False,"{""security"": 3, ""system"": 2, ""tool_schema"": 5, ""user"": 1}","{""agent"": 0, ""history"": 8160, ""memory"": 0, ""rag"": 12160, ""security"": 273, ""system"": 349, ""tool_result"": 0, ""tool_schema"": 221, ""user"": 40016}","{""agent"": 0, ""history"": 0, ""memory"": 0, ""rag"": 0, ""security"": 273, ""system"": 349, ""tool_result"": 0, ""tool_schema"": 221, ""user"": 27253}","{""security"": 273, ""system"": 349, ""tool_schema"": 221, ""user"": 27253}",protected first | elastic floors | greedy score packing | ceilings,ca80098435807c813ccb7fe2c3ec4405cdaf7932852d420185f650c3332dab65,4e41b5cb85e73f4a2d81c6f41939e5f53ef097b9567824559f6923f1b9d92d68,"sys_platform,sys_style,sec_tenant,sec_prod,sec_secrets,tool_search_docs,tool_get_incident,tool_list_exceptions,tool_run_query,tool_page_oncall,user_current"
protected_pressure,Protected user competes with huge paste,protected-pressure,recency,1,32k,cl100k_base,32768,4096,512,28160,31,31,11,496,496,28096,28047,113,0.996,1.0,1.0,1.0,,,"history,rag",2,,0,,False,False,,1,user_current,7.334,11.358,0.025,0.004207,o200k_base,28010,False,"{""security"": 3, ""system"": 2, ""tool_schema"": 5, ""user"": 1}","{""agent"": 0, ""history"": 8160, ""memory"": 0, ""rag"": 12160, ""security"": 273, ""system"": 349, ""tool_result"": 0, ""tool_schema"": 221, ""user"": 40016}","{""agent"": 0, ""history"": 0, ""memory"": 0, ""rag"": 0, ""security"": 273, ""system"": 349, ""tool_result"": 0, ""tool_schema"": 221, ""user"": 27253}","{""security"": 273, ""system"": 349, ""tool_schema"": 221, ""user"": 27253}",protected first | live classes newest-first (no oldest-history pin) | knowledge fills remainder by relevance | no elastic floors/ceilings,ca80098435807c813ccb7fe2c3ec4405cdaf7932852d420185f650c3332dab65,4c53aa1c047b1a24d3e89668f4da15cd162823feb2dcf864a3072e24cd43eb08,"sys_platform,sys_style,sec_tenant,sec_prod,sec_secrets,tool_search_docs,tool_get_incident,tool_list_exceptions,tool_run_query,tool_page_oncall,user_current"
protected_pressure,Protected user competes with huge paste,protected-pressure,fixed_quota,1,64k,cl100k_base,65536,8192,1024,56320,31,31,26,496,496,55099,55014,1306,0.9768,1.0,1.0,1.0,,,,0,,0,,False,False,,0,,7.341,0.047,0.052,0.008252,o200k_base,54901,False,"{""history"": 10, ""rag"": 5, ""security"": 3, ""system"": 2, ""tool_schema"": 5, ""user"": 1}","{""agent"": 0, ""history"": 8160, ""memory"": 0, ""rag"": 12160, ""security"": 273, ""system"": 349, ""tool_result"": 0, ""tool_schema"": 221, ""user"": 40016}","{""agent"": 2310, ""history"": 4619, ""memory"": 1540, ""rag"": 3849, ""security"": 273, ""system"": 349, ""tool_result"": 3079, ""tool_schema"": 221, ""user"": 40016}","{""history"": 8160, ""rag"": 6080, ""security"": 273, ""system"": 349, ""tool_schema"": 221, ""user"": 40016}",protected first | fixed elastic quotas | spillover in spillover_order | spillover consumed packing leftover,ed245c41f355806fad11c9533873387efb83335d6b9d94071ead9c50574784d0,982d9d7deac6d06b500dc947d5edb4d409640bb1a95d31dba48343e740ae8a3f,"sys_platform,sys_style,sec_tenant,sec_prod,sec_secrets,tool_search_docs,tool_get_incident,tool_list_exceptions,tool_run_query,tool_page_oncall,rag_0000,rag_0001,rag_0002,rag_0003,rag_0004,hist_0000,hist_0001,hist_0002,hist_0003,hist_0004,hist_0005,hist_0006,hist_0007,hist_0008,hist_0009,user_current"
protected_pressure,Protected user competes with huge paste,protected-pressure,waterfill,1,64k,cl100k_base,65536,8192,1024,56320,31,31,25,496,496,54283,54201,2119,0.9624,1.0,1.0,1.0,,,,0,,0,,False,False,,0,,7.354,0.055,0.049,0.00813,o200k_base,54087,False,"{""history"": 9, ""rag"": 5, ""security"": 3, ""system"": 2, ""tool_schema"": 5, ""user"": 1}","{""agent"": 0, ""history"": 8160, ""memory"": 0, ""rag"": 12160, ""security"": 273, ""system"": 349, ""tool_result"": 0, ""tool_schema"": 221, ""user"": 40016}","{""agent"": 0, ""history"": 7698, ""memory"": 0, ""rag"": 6928, ""security"": 273, ""system"": 349, ""tool_result"": 0, ""tool_schema"": 221, ""user"": 40016}","{""history"": 7344, ""rag"": 6080, ""security"": 273, ""system"": 349, ""tool_schema"": 221, ""user"": 40016}",protected first | elastic floors | weighted water-fill | ceilings,1070f85b17257cabc03a4ce24060af66f54f6e8cd177621e2eae350024fc0b65,466d19df826980c00fdebf6da1fe0fc25d8190eec1d4c3a09adbab4e7649bfaa,"sys_platform,sys_style,sec_tenant,sec_prod,sec_secrets,tool_search_docs,tool_get_incident,tool_list_exceptions,tool_run_query,tool_page_oncall,rag_0000,rag_0001,rag_0002,rag_0003,rag_0004,hist_0000,hist_0002,hist_0003,hist_0004,hist_0005,hist_0006,hist_0007,hist_0008,hist_0009,user_current"
protected_pressure,Protected user competes with huge paste,protected-pressure,utility,1,64k,cl100k_base,65536,8192,1024,56320,31,31,25,496,496,54283,54201,2119,0.9624,1.0,1.0,1.0,,,,0,,0,,False,False,,0,,7.245,0.053,0.049,0.00813,o200k_base,54087,False,"{""history"": 9, ""rag"": 5, ""security"": 3, ""system"": 2, ""tool_schema"": 5, ""user"": 1}","{""agent"": 0, ""history"": 8160, ""memory"": 0, ""rag"": 12160, ""security"": 273, ""system"": 349, ""tool_result"": 0, ""tool_schema"": 221, ""user"": 40016}","{""agent"": 0, ""history"": 7344, ""memory"": 0, ""rag"": 6080, ""security"": 273, ""system"": 349, ""tool_result"": 0, ""tool_schema"": 221, ""user"": 40016}","{""history"": 7344, ""rag"": 6080, ""security"": 273, ""system"": 349, ""tool_schema"": 221, ""user"": 40016}",protected first | elastic floors | greedy score packing | ceilings,1070f85b17257cabc03a4ce24060af66f54f6e8cd177621e2eae350024fc0b65,a700655628628ac4f5884da408725904f063fc5d497a0abb9b6e7ee4b9738f30,"sys_platform,sys_style,sec_tenant,sec_prod,sec_secrets,tool_search_docs,tool_get_incident,tool_list_exceptions,tool_run_query,tool_page_oncall,rag_0000,rag_0001,rag_0002,rag_0003,rag_0004,hist_0000,hist_0002,hist_0003,hist_0004,hist_0005,hist_0006,hist_0007,hist_0008,hist_0009,user_current"
protected_pressure,Protected user competes with huge paste,protected-pressure,recency,1,64k,cl100k_base,65536,8192,1024,56320,31,31,26,496,496,55099,55014,1306,0.9768,1.0,1.0,1.0,,,,0,,0,,False,False,,0,,7.244,0.035,0.049,0.008252,o200k_base,54901,False,"{""history"": 10, ""rag"": 5, ""security"": 3, ""system"": 2, ""tool_schema"": 5, ""user"": 1}","{""agent"": 0, ""history"": 8160, ""memory"": 0, ""rag"": 12160, ""security"": 273, ""system"": 349, ""tool_result"": 0, ""tool_schema"": 221, ""user"": 40016}","{""agent"": 15397, ""history"": 15397, ""memory"": 13317, ""rag"": 13317, ""security"": 273, ""system"": 349, ""tool_result"": 15397, ""tool_schema"": 221, ""user"": 40016}","{""history"": 8160, ""rag"": 6080, ""security"": 273, ""system"": 349, ""tool_schema"": 221, ""user"": 40016}",protected first | live classes newest-first (no oldest-history pin) | knowledge fills remainder by relevance | no elastic floors/ceilings,ed245c41f355806fad11c9533873387efb83335d6b9d94071ead9c50574784d0,36cb62c0a4826cddd0701da9100643b1ee12a6dea0658285a66b01ca84815835,"sys_platform,sys_style,sec_tenant,sec_prod,sec_secrets,tool_search_docs,tool_get_incident,tool_list_exceptions,tool_run_query,tool_page_oncall,rag_0000,rag_0001,rag_0002,rag_0003,rag_0004,hist_0000,hist_0001,hist_0002,hist_0003,hist_0004,hist_0005,hist_0006,hist_0007,hist_0008,hist_0009,user_current"
protected_pressure,Protected user competes with huge paste,protected-pressure,fixed_quota,1,128k,cl100k_base,131072,8192,2048,120832,31,31,31,496,496,61179,61079,59753,0.5055,1.0,1.0,1.0,,,,0,,0,,False,False,,0,,7.277,0.045,0.057,0.009162,o200k_base,60951,False,"{""history"": 10, ""rag"": 10, ""security"": 3, ""system"": 2, ""tool_schema"": 5, ""user"": 1}","{""agent"": 0, ""history"": 8160, ""memory"": 0, ""rag"": 12160, ""security"": 273, ""system"": 349, ""tool_result"": 0, ""tool_schema"": 221, ""user"": 40016}","{""agent"": 11986, ""history"": 23973, ""memory"": 7991, ""rag"": 19977, ""security"": 273, ""system"": 349, ""tool_result"": 15982, ""tool_schema"": 221, ""user"": 40016}","{""history"": 8160, ""rag"": 12160, ""security"": 273, ""system"": 349, ""tool_schema"": 221, ""user"": 40016}",protected first | fixed elastic quotas | spillover in spillover_order,780d47f4d554a8908f9786ec607b3157819839f62298b5f2c3ecf627560ba126,c4d8bcdb1e3d0af6257fd7bd33ef13869ef16f5d7004133814f7363320186af4,"sys_platform,sys_style,sec_tenant,sec_prod,sec_secrets,tool_search_docs,tool_get_incident,tool_list_exceptions,tool_run_query,tool_page_oncall,rag_0000,rag_0001,rag_0002,rag_0003,rag_0004,rag_0005,rag_0006,rag_0007,rag_0008,rag_0009,hist_0000,hist_0001,hist_0002,hist_0003,hist_0004,hist_0005,hist_0006,hist_0007,hist_0008,hist_0009,user_current"
protected_pressure,Protected user competes with huge paste,protected-pressure,waterfill,1,128k,cl100k_base,131072,8192,2048,120832,31,31,31,496,496,61179,61079,59753,0.5055,1.0,1.0,1.0,,,,0,,0,,False,False,,0,,7.289,0.053,0.056,0.009162,o200k_base,60951,False,"{""history"": 10, ""rag"": 10, ""security"": 3, ""system"": 2, ""tool_schema"": 5, ""user"": 1}","{""agent"": 0, ""history"": 8160, ""memory"": 0, ""rag"": 12160, ""security"": 273, ""system"": 349, ""tool_result"": 0, ""tool_schema"": 221, ""user"": 40016}","{""agent"": 0, ""history"": 8160, ""memory"": 0, ""rag"": 12160, ""security"": 273, ""system"": 349, ""tool_result"": 0, ""tool_schema"": 221, ""user"": 40016}","{""history"": 8160, ""rag"": 12160, ""security"": 273, ""system"": 349, ""tool_schema"": 221, ""user"": 40016}",protected first | elastic floors | weighted water-fill | ceilings,780d47f4d554a8908f9786ec607b3157819839f62298b5f2c3ecf627560ba126,2e2c4d867694c8ff17084d442658a760ddb368f81f00ad0dadea3fdfd2cf7bfd,"sys_platform,sys_style,sec_tenant,sec_prod,sec_secrets,tool_search_docs,tool_get_incident,tool_list_exceptions,tool_run_query,tool_page_oncall,rag_0000,rag_0001,rag_0002,rag_0003,rag_0004,rag_0005,rag_0006,rag_0007,rag_0008,rag_0009,hist_0000,hist_0001,hist_0002,hist_0003,hist_0004,hist_0005,hist_0006,hist_0007,hist_0008,hist_0009,user_current"
protected_pressure,Protected user competes with huge paste,protected-pressure,utility,1,128k,cl100k_base,131072,8192,2048,120832,31,31,31,496,496,61179,61079,59753,0.5055,1.0,1.0,1.0,,,,0,,0,,False,False,,0,,7.288,0.048,0.059,0.009162,o200k_base,60951,False,"{""history"": 10, ""rag"": 10, ""security"": 3, ""system"": 2, ""tool_schema"": 5, ""user"": 1}","{""agent"": 0, ""history"": 8160, ""memory"": 0, ""rag"": 12160, ""security"": 273, ""system"": 349, ""tool_result"": 0, ""tool_schema"": 221, ""user"": 40016}","{""agent"": 0, ""history"": 8160, ""memory"": 0, ""rag"": 12160, ""security"": 273, ""system"": 349, ""tool_result"": 0, ""tool_schema"": 221, ""user"": 40016}","{""history"": 8160, ""rag"": 12160, ""security"": 273, ""system"": 349, ""tool_schema"": 221, ""user"": 40016}",protected first | elastic floors | greedy score packing | ceilings,780d47f4d554a8908f9786ec607b3157819839f62298b5f2c3ecf627560ba126,702da2cf0e8397d033c5171e2eed076b6f0193ddd2698c6c741b02c3ff2c0652,"sys_platform,sys_style,sec_tenant,sec_prod,sec_secrets,tool_search_docs,tool_get_incident,tool_list_exceptions,tool_run_query,tool_page_oncall,rag_0000,rag_0001,rag_0002,rag_0003,rag_0004,rag_0005,rag_0006,rag_0007,rag_0008,rag_0009,hist_0000,hist_0001,hist_0002,hist_0003,hist_0004,hist_0005,hist_0006,hist_0007,hist_0008,hist_0009,user_current"
protected_pressure,Protected user competes with huge paste,protected-pressure,recency,1,128k,cl100k_base,131072,8192,2048,120832,31,31,31,496,496,61179,61079,59753,0.5055,1.0,1.0,1.0,,,,0,,0,,False,False,,0,,7.352,0.036,0.056,0.009162,o200k_base,60951,False,"{""history"": 10, ""rag"": 10, ""security"": 3, ""system"": 2, ""tool_schema"": 5, ""user"": 1}","{""agent"": 0, ""history"": 8160, ""memory"": 0, ""rag"": 12160, ""security"": 273, ""system"": 349, ""tool_result"": 0, ""tool_schema"": 221, ""user"": 40016}","{""agent"": 79909, ""history"": 79909, ""memory"": 83909, ""rag"": 83909, ""security"": 273, ""system"": 349, ""tool_result"": 79909, ""tool_schema"": 221, ""user"": 40016}","{""history"": 8160, ""rag"": 12160, ""security"": 273, ""system"": 349, ""tool_schema"": 221, ""user"": 40016}",protected first | live classes newest-first (no oldest-history pin) | knowledge fills remainder by relevance | no elastic floors/ceilings,780d47f4d554a8908f9786ec607b3157819839f62298b5f2c3ecf627560ba126,ba793b133968ba78dff05d387a9f53f41b1ce80c8695e72d3637d1cca63df021,"sys_platform,sys_style,sec_tenant,sec_prod,sec_secrets,tool_search_docs,tool_get_incident,tool_list_exceptions,tool_run_query,tool_page_oncall,rag_0000,rag_0001,rag_0002,rag_0003,rag_0004,rag_0005,rag_0006,rag_0007,rag_0008,rag_0009,hist_0000,hist_0001,hist_0002,hist_0003,hist_0004,hist_0005,hist_0006,hist_0007,hist_0008,hist_0009,user_current"
protected_pressure,Protected user competes with huge paste,protected-pressure,fixed_quota,1,256k,cl100k_base,262144,16384,2048,243712,31,31,31,496,496,61179,61079,182633,0.2506,1.0,1.0,1.0,,,,0,,0,,False,False,,0,,7.293,0.042,0.054,0.009162,o200k_base,60951,False,"{""history"": 10, ""rag"": 10, ""security"": 3, ""system"": 2, ""tool_schema"": 5, ""user"": 1}","{""agent"": 0, ""history"": 8160, ""memory"": 0, ""rag"": 12160, ""security"": 273, ""system"": 349, ""tool_result"": 0, ""tool_schema"": 221, ""user"": 40016}","{""agent"": 30418, ""history"": 60837, ""memory"": 20279, ""rag"": 50697, ""security"": 273, ""system"": 349, ""tool_result"": 40558, ""tool_schema"": 221, ""user"": 40016}","{""history"": 8160, ""rag"": 12160, ""security"": 273, ""system"": 349, ""tool_schema"": 221, ""user"": 40016}",protected first | fixed elastic quotas | spillover in spillover_order,780d47f4d554a8908f9786ec607b3157819839f62298b5f2c3ecf627560ba126,c4d8bcdb1e3d0af6257fd7bd33ef13869ef16f5d7004133814f7363320186af4,"sys_platform,sys_style,sec_tenant,sec_prod,sec_secrets,tool_search_docs,tool_get_incident,tool_list_exceptions,tool_run_query,tool_page_oncall,rag_0000,rag_0001,rag_0002,rag_0003,rag_0004,rag_0005,rag_0006,rag_0007,rag_0008,rag_0009,hist_0000,hist_0001,hist_0002,hist_0003,hist_0004,hist_0005,hist_0006,hist_0007,hist_0008,hist_0009,user_current"
protected_pressure,Protected user competes with huge paste,protected-pressure,waterfill,1,256k,cl100k_base,262144,16384,2048,243712,31,31,31,496,496,61179,61079,182633,0.2506,1.0,1.0,1.0,,,,0,,0,,False,False,,0,,7.164,0.044,0.055,0.009162,o200k_base,60951,False,"{""history"": 10, ""rag"": 10, ""security"": 3, ""system"": 2, ""tool_schema"": 5, ""user"": 1}","{""agent"": 0, ""history"": 8160, ""memory"": 0, ""rag"": 12160, ""security"": 273, ""system"": 349, ""tool_result"": 0, ""tool_schema"": 221, ""user"": 40016}","{""agent"": 0, ""history"": 8160, ""memory"": 0, ""rag"": 12160, ""security"": 273, ""system"": 349, ""tool_result"": 0, ""tool_schema"": 221, ""user"": 40016}","{""history"": 8160, ""rag"": 12160, ""security"": 273, ""system"": 349, ""tool_schema"": 221, ""user"": 40016}",protected first | elastic floors | weighted water-fill | ceilings,780d47f4d554a8908f9786ec607b3157819839f62298b5f2c3ecf627560ba126,2e2c4d867694c8ff17084d442658a760ddb368f81f00ad0dadea3fdfd2cf7bfd,"sys_platform,sys_style,sec_tenant,sec_prod,sec_secrets,tool_search_docs,tool_get_incident,tool_list_exceptions,tool_run_query,tool_page_oncall,rag_0000,rag_0001,rag_0002,rag_0003,rag_0004,rag_0005,rag_0006,rag_0007,rag_0008,rag_0009,hist_0000,hist_0001,hist_0002,hist_0003,hist_0004,hist_0005,hist_0006,hist_0007,hist_0008,hist_0009,user_current"
protected_pressure,Protected user competes with huge paste,protected-pressure,utility,1,256k,cl100k_base,262144,16384,2048,243712,31,31,31,496,496,61179,61079,182633,0.2506,1.0,1.0,1.0,,,,0,,0,,False,False,,0,,7.171,0.037,0.054,0.009162,o200k_base,60951,False,"{""history"": 10, ""rag"": 10, ""security"": 3, ""system"": 2, ""tool_schema"": 5, ""user"": 1}","{""agent"": 0, ""history"": 8160, ""memory"": 0, ""rag"": 12160, ""security"": 273, ""system"": 349, ""tool_result"": 0, ""tool_schema"": 221, ""user"": 40016}","{""agent"": 0, ""history"": 8160, ""memory"": 0, ""rag"": 12160, ""security"": 273, ""system"": 349, ""tool_result"": 0, ""tool_schema"": 221, ""user"": 40016}","{""history"": 8160, ""rag"": 12160, ""security"": 273, ""system"": 349, ""tool_schema"": 221, ""user"": 40016}",protected first | elastic floors | greedy score packing | ceilings,780d47f4d554a8908f9786ec607b3157819839f62298b5f2c3ecf627560ba126,702da2cf0e8397d033c5171e2eed076b6f0193ddd2698c6c741b02c3ff2c0652,"sys_platform,sys_style,sec_tenant,sec_prod,sec_secrets,tool_search_docs,tool_get_incident,tool_list_exceptions,tool_run_query,tool_page_oncall,rag_0000,rag_0001,rag_0002,rag_0003,rag_0004,rag_0005,rag_0006,rag_0007,rag_0008,rag_0009,hist_0000,hist_0001,hist_0002,hist_0003,hist_0004,hist_0005,hist_0006,hist_0007,hist_0008,hist_0009,user_current"
protected_pressure,Protected user competes with huge paste,protected-pressure,recency,1,256k,cl100k_base,262144,16384,2048,243712,31,31,31,496,496,61179,61079,182633,0.2506,1.0,1.0,1.0,,,,0,,0,,False,False,,0,,7.306,0.033,0.055,0.009162,o200k_base,60951,False,"{""history"": 10, ""rag"": 10, ""security"": 3, ""system"": 2, ""tool_schema"": 5, ""user"": 1}","{""agent"": 0, ""history"": 8160, ""memory"": 0, ""rag"": 12160, ""security"": 273, ""system"": 349, ""tool_result"": 0, ""tool_schema"": 221, ""user"": 40016}","{""agent"": 202789, ""history"": 202789, ""memory"": 206789, ""rag"": 206789, ""security"": 273, ""system"": 349, ""tool_result"": 202789, ""tool_schema"": 221, ""user"": 40016}","{""history"": 8160, ""rag"": 12160, ""security"": 273, ""system"": 349, ""tool_schema"": 221, ""user"": 40016}",protected first | live classes newest-first (no oldest-history pin) | knowledge fills remainder by relevance | no elastic floors/ceilings,780d47f4d554a8908f9786ec607b3157819839f62298b5f2c3ecf627560ba126,ba793b133968ba78dff05d387a9f53f41b1ce80c8695e72d3637d1cca63df021,"sys_platform,sys_style,sec_tenant,sec_prod,sec_secrets,tool_search_docs,tool_get_incident,tool_list_exceptions,tool_run_query,tool_page_oncall,rag_0000,rag_0001,rag_0002,rag_0003,rag_0004,rag_0005,rag_0006,rag_0007,rag_0008,rag_0009,hist_0000,hist_0001,hist_0002,hist_0003,hist_0004,hist_0005,hist_0006,hist_0007,hist_0008,hist_0009,user_current"
retrieval_heavy,Retrieval-heavy,retrieval-heavy,fixed_quota,1,32k,cl100k_base,32768,4096,512,28160,65,63,29,1040,1008,26792,26701,1459,0.9482,1.0,1.0,1.0,rag_sla_p1,,,0,,0,,False,False,,0,,9.928,0.075,0.031,0.004005,o200k_base,26584,False,"{""history"": 2, ""rag"": 16, ""security"": 3, ""system"": 2, ""tool_schema"": 5, ""user"": 1}","{""agent"": 0, ""history"": 56, ""memory"": 0, ""rag"": 80800, ""security"": 273, ""system"": 349, ""tool_result"": 0, ""tool_schema"": 221, ""user"": 37}","{""agent"": 4082, ""history"": 8165, ""memory"": 2722, ""rag"": 6804, ""security"": 273, ""system"": 349, ""tool_result"": 5443, ""tool_schema"": 221, ""user"": 37}","{""history"": 56, ""rag"": 25856, ""security"": 273, ""system"": 349, ""tool_schema"": 221, ""user"": 37}",protected first | fixed elastic quotas | spillover in spillover_order | spillover consumed packing leftover,d385963247754f8a3c974053c118352096e5dee1e7c9498ee88daf4a99051071,02309993341748dbccdee4b8a1f57947453c92720a355d2064305204925788e7,"sys_platform,sys_style,sec_tenant,sec_prod,sec_secrets,tool_search_docs,tool_get_incident,tool_list_exceptions,tool_run_query,tool_page_oncall,rag_sla_p1,rag_0000,rag_0001,rag_0003,rag_0004,rag_0005,rag_0006,rag_0007,rag_0008,rag_0009,rag_0010,rag_0011,rag_0012,rag_0013,rag_0014,rag_0015,hist_0000,hist_0001,user_current"
retrieval_heavy,Retrieval-heavy,retrieval-heavy,waterfill,1,32k,cl100k_base,32768,4096,512,28160,65,63,20,1040,1008,12248,12184,15976,0.4327,1.0,1.0,1.0,rag_sla_p1,,,0,,0,,False,False,,0,,9.893,0.07,0.016,0.001828,o200k_base,12119,False,"{""history"": 2, ""rag"": 7, ""security"": 3, ""system"": 2, ""tool_schema"": 5, ""user"": 1}","{""agent"": 0, ""history"": 56, ""memory"": 0, ""rag"": 80800, ""security"": 273, ""system"": 349, ""tool_result"": 0, ""tool_schema"": 221, ""user"": 37}","{""agent"": 0, ""history"": 56, ""memory"": 0, ""rag"": 12247, ""security"": 273, ""system"": 349, ""tool_result"": 0, ""tool_schema"": 221, ""user"": 37}","{""history"": 56, ""rag"": 11312, ""security"": 273, ""system"": 349, ""tool_schema"": 221, ""user"": 37}",protected first | elastic floors | weighted water-fill | ceilings,ece3e1b6c2d8029eab9f159f65ba75fad215153baf5b7ad848116fb0edb1d7df,5dc61550bfaedc7058a0739927b9d6c876b4cabbff463f24331f6577f576e71b,"sys_platform,sys_style,sec_tenant,sec_prod,sec_secrets,tool_search_docs,tool_get_incident,tool_list_exceptions,tool_run_query,tool_page_oncall,rag_sla_p1,rag_0000,rag_0001,rag_0003,rag_0004,rag_0005,rag_0006,hist_0000,hist_0001,user_current"
retrieval_heavy,Retrieval-heavy,retrieval-heavy,utility,1,32k,cl100k_base,32768,4096,512,28160,65,63,20,1040,1008,12248,12184,15976,0.4327,1.0,1.0,1.0,rag_sla_p1,,,0,,0,,False,False,,0,,9.756,0.081,0.015,0.001828,o200k_base,12119,False,"{""history"": 2, ""rag"": 7, ""security"": 3, ""system"": 2, ""tool_schema"": 5, ""user"": 1}","{""agent"": 0, ""history"": 56, ""memory"": 0, ""rag"": 80800, ""security"": 273, ""system"": 349, ""tool_result"": 0, ""tool_schema"": 221, ""user"": 37}","{""agent"": 0, ""history"": 56, ""memory"": 0, ""rag"": 11312, ""security"": 273, ""system"": 349, ""tool_result"": 0, ""tool_schema"": 221, ""user"": 37}","{""history"": 56, ""rag"": 11312, ""security"": 273, ""system"": 349, ""tool_schema"": 221, ""user"": 37}",protected first | elastic floors | greedy score packing | ceilings,ece3e1b6c2d8029eab9f159f65ba75fad215153baf5b7ad848116fb0edb1d7df,84ecdb5c4f60030620ec4c4b54d0efbf6a951adeba4e5774bae0f947492618fc,"sys_platform,sys_style,sec_tenant,sec_prod,sec_secrets,tool_search_docs,tool_get_incident,tool_list_exceptions,tool_run_query,tool_page_oncall,rag_sla_p1,rag_0000,rag_0001,rag_0003,rag_0004,rag_0005,rag_0006,hist_0000,hist_0001,user_current"
retrieval_heavy,Retrieval-heavy,retrieval-heavy,recency,1,32k,cl100k_base,32768,4096,512,28160,65,63,29,1040,1008,26792,26701,1459,0.9482,1.0,1.0,1.0,rag_sla_p1,,,0,,0,,False,False,,0,,9.77,0.055,0.042,0.004005,o200k_base,26584,False,"{""history"": 2, ""rag"": 16, ""security"": 3, ""system"": 2, ""tool_schema"": 5, ""user"": 1}","{""agent"": 0, ""history"": 56, ""memory"": 0, ""rag"": 80800, ""security"": 273, ""system"": 349, ""tool_result"": 0, ""tool_schema"": 221, ""user"": 37}","{""agent"": 27216, ""history"": 27216, ""memory"": 53016, ""rag"": 53016, ""security"": 273, ""system"": 349, ""tool_result"": 27216, ""tool_schema"": 221, ""user"": 37}","{""history"": 56, ""rag"": 25856, ""security"": 273, ""system"": 349, ""tool_schema"": 221, ""user"": 37}",protected first | live classes newest-first (no oldest-history pin) | knowledge fills remainder by relevance | no elastic floors/ceilings,d385963247754f8a3c974053c118352096e5dee1e7c9498ee88daf4a99051071,2eb72ae78f778cdc1e27111e9e688c7eed23b2075cdd3e9a93cb70ff08810676,"sys_platform,sys_style,sec_tenant,sec_prod,sec_secrets,tool_search_docs,tool_get_incident,tool_list_exceptions,tool_run_query,tool_page_oncall,rag_sla_p1,rag_0000,rag_0001,rag_0003,rag_0004,rag_0005,rag_0006,rag_0007,rag_0008,rag_0009,rag_0010,rag_0011,rag_0012,rag_0013,rag_0014,rag_0015,hist_0000,hist_0001,user_current"
retrieval_heavy,Retrieval-heavy,retrieval-heavy,fixed_quota,1,64k,cl100k_base,65536,8192,1024,56320,65,63,47,1040,1008,55880,55735,585,0.9896,1.0,1.0,1.0,rag_sla_p1,,,0,,0,,False,False,,0,,9.829,0.068,0.056,0.00836,o200k_base,55518,False,"{""history"": 2, ""rag"": 34, ""security"": 3, ""system"": 2, ""tool_schema"": 5, ""user"": 1}","{""agent"": 0, ""history"": 56, ""memory"": 0, ""rag"": 80800, ""security"": 273, ""system"": 349, ""tool_result"": 0, ""tool_schema"": 221, ""user"": 37}","{""agent"": 8306, ""history"": 16613, ""memory"": 5538, ""rag"": 13844, ""security"": 273, ""system"": 349, ""tool_result"": 11075, ""tool_schema"": 221, ""user"": 37}","{""history"": 56, ""rag"": 54944, ""security"": 273, ""system"": 349, ""tool_schema"": 221, ""user"": 37}",protected first | fixed elastic quotas | spillover in spillover_order | spillover consumed packing leftover,0d11fbe22094b3b93ceab0c3e784530529cf8ba9a5f08dda47cc2b4aaad5a647,958585ab99957a0aea75e17469868341e4ad8af64f1d701ebdea2530273373db,"sys_platform,sys_style,sec_tenant,sec_prod,sec_secrets,tool_search_docs,tool_get_incident,tool_list_exceptions,tool_run_query,tool_page_oncall,rag_sla_p1,rag_0000,rag_0001,rag_0003,rag_0004,rag_0005,rag_0006,rag_0007,rag_0008,rag_0009,rag_0010,rag_0011,rag_0012,rag_0013,rag_0014,rag_0015,rag_0016,rag_0017,rag_0018,rag_0019,rag_0020,rag_0021,rag_0022,rag_0023,rag_0024,rag_0025,rag_0026,rag_0027,rag_0028,rag_0029,rag_0030,rag_0031,rag_0032,rag_0033,hist_0000,hist_0001,user_current"
retrieval_heavy,Retrieval-heavy,retrieval-heavy,waterfill,1,64k,cl100k_base,65536,8192,1024,56320,65,63,28,1040,1008,25176,25088,31232,0.4455,1.0,1.0,1.0,rag_sla_p1,,,0,,0,,False,False,,0,,9.806,0.072,0.027,0.003763,o200k_base,24974,False,"{""history"": 2, ""rag"": 15, ""security"": 3, ""system"": 2, ""tool_schema"": 5, ""user"": 1}","{""agent"": 0, ""history"": 56, ""memory"": 0, ""rag"": 80800, ""security"": 273, ""system"": 349, ""tool_result"": 0, ""tool_schema"": 221, ""user"": 37}","{""agent"": 0, ""history"": 56, ""memory"": 0, ""rag"": 24919, ""security"": 273, ""system"": 349, ""tool_result"": 0, ""tool_schema"": 221, ""user"": 37}","{""history"": 56, ""rag"": 24240, ""security"": 273, ""system"": 349, ""tool_schema"": 221, ""user"": 37}",protected first | elastic floors | weighted water-fill | ceilings,35b9278f01357a3e9273573652667f9c022847f7ef2c7cd84eb5f634e80d8fc8,0d0526382b35f911144be49103e2ccc695c9f9ac725845a94563a41e85f76921,"sys_platform,sys_style,sec_tenant,sec_prod,sec_secrets,tool_search_docs,tool_get_incident,tool_list_exceptions,tool_run_query,tool_page_oncall,rag_sla_p1,rag_0000,rag_0001,rag_0003,rag_0004,rag_0005,rag_0006,rag_0007,rag_0008,rag_0009,rag_0010,rag_0011,rag_0012,rag_0013,rag_0014,hist_0000,hist_0001,user_current"
retrieval_heavy,Retrieval-heavy,retrieval-heavy,utility,1,64k,cl100k_base,65536,8192,1024,56320,65,63,28,1040,1008,25176,25088,31232,0.4455,1.0,1.0,1.0,rag_sla_p1,,,0,,0,,False,False,,0,,9.782,0.075,0.026,0.003763,o200k_base,24974,False,"{""history"": 2, ""rag"": 15, ""security"": 3, ""system"": 2, ""tool_schema"": 5, ""user"": 1}","{""agent"": 0, ""history"": 56, ""memory"": 0, ""rag"": 80800, ""security"": 273, ""system"": 349, ""tool_result"": 0, ""tool_schema"": 221, ""user"": 37}","{""agent"": 0, ""history"": 56, ""memory"": 0, ""rag"": 24240, ""security"": 273, ""system"": 349, ""tool_result"": 0, ""tool_schema"": 221, ""user"": 37}","{""history"": 56, ""rag"": 24240, ""security"": 273, ""system"": 349, ""tool_schema"": 221, ""user"": 37}",protected first | elastic floors | greedy score packing | ceilings,35b9278f01357a3e9273573652667f9c022847f7ef2c7cd84eb5f634e80d8fc8,02c99e232ca7228508d5e31040f534c3248a44df6bd1d7146c40ad0689ca22cc,"sys_platform,sys_style,sec_tenant,sec_prod,sec_secrets,tool_search_docs,tool_get_incident,tool_list_exceptions,tool_run_query,tool_page_oncall,rag_sla_p1,rag_0000,rag_0001,rag_0003,rag_0004,rag_0005,rag_0006,rag_0007,rag_0008,rag_0009,rag_0010,rag_0011,rag_0012,rag_0013,rag_0014,hist_0000,hist_0001,user_current"
retrieval_heavy,Retrieval-heavy,retrieval-heavy,recency,1,64k,cl100k_base,65536,8192,1024,56320,65,63,47,1040,1008,55880,55735,585,0.9896,1.0,1.0,1.0,rag_sla_p1,,,0,,0,,False,False,,0,,9.771,0.056,0.053,0.00836,o200k_base,55518,False,"{""history"": 2, ""rag"": 34, ""security"": 3, ""system"": 2, ""tool_schema"": 5, ""user"": 1}","{""agent"": 0, ""history"": 56, ""memory"": 0, ""rag"": 80800, ""security"": 273, ""system"": 349, ""tool_result"": 0, ""tool_schema"": 221, ""user"": 37}","{""agent"": 55376, ""history"": 55376, ""memory"": 110264, ""rag"": 110264, ""security"": 273, ""system"": 349, ""tool_result"": 55376, ""tool_schema"": 221, ""user"": 37}","{""history"": 56, ""rag"": 54944, ""security"": 273, ""system"": 349, ""tool_schema"": 221, ""user"": 37}",protected first | live classes newest-first (no oldest-history pin) | knowledge fills remainder by relevance | no elastic floors/ceilings,0d11fbe22094b3b93ceab0c3e784530529cf8ba9a5f08dda47cc2b4aaad5a647,f67519efe25923e6e6d7ac9002b690fb4f96ac6b3814cfbc8f77bf824cf0e418,"sys_platform,sys_style,sec_tenant,sec_prod,sec_secrets,tool_search_docs,tool_get_incident,tool_list_exceptions,tool_run_query,tool_page_oncall,rag_sla_p1,rag_0000,rag_0001,rag_0003,rag_0004,rag_0005,rag_0006,rag_0007,rag_0008,rag_0009,rag_0010,rag_0011,rag_0012,rag_0013,rag_0014,rag_0015,rag_0016,rag_0017,rag_0018,rag_0019,rag_0020,rag_0021,rag_0022,rag_0023,rag_0024,rag_0025,rag_0026,rag_0027,rag_0028,rag_0029,rag_0030,rag_0031,rag_0032,rag_0033,hist_0000,hist_0001,user_current"
retrieval_heavy,Retrieval-heavy,retrieval-heavy,fixed_quota,1,128k,cl100k_base,131072,8192,2048,120832,65,63,63,1040,1008,81736,81543,39289,0.6748,1.0,1.0,1.0,rag_sla_p1,,,0,,0,,False,False,,0,,9.795,0.071,0.086,0.012231,o200k_base,81211,False,"{""history"": 2, ""rag"": 50, ""security"": 3, ""system"": 2, ""tool_schema"": 5, ""user"": 1}","{""agent"": 0, ""history"": 56, ""memory"": 0, ""rag"": 80800, ""security"": 273, ""system"": 349, ""tool_result"": 0, ""tool_schema"": 221, ""user"": 37}","{""agent"": 17983, ""history"": 35966, ""memory"": 11989, ""rag"": 29972, ""security"": 273, ""system"": 349, ""tool_result"": 23978, ""tool_schema"": 221, ""user"": 37}","{""history"": 56, ""rag"": 80800, ""security"": 273, ""system"": 349, ""tool_schema"": 221, ""user"": 37}",protected first | fixed elastic quotas | spillover in spillover_order | spillover consumed packing leftover,b744abd2668e9fed60be792c802917b20cc3d03ff218e757cd0acd31a011bebf,1442706ec5084b0f502c5541381180993a0cef652ac710ee3598f013b228507f,"sys_platform,sys_style,sec_tenant,sec_prod,sec_secrets,tool_search_docs,tool_get_incident,tool_list_exceptions,tool_run_query,tool_page_oncall,rag_sla_p1,rag_0000,rag_0001,rag_0003,rag_0004,rag_0005,rag_0006,rag_0007,rag_0008,rag_0009,rag_0010,rag_0011,rag_0012,rag_0013,rag_0014,rag_0015,rag_0016,rag_0017,rag_0018,rag_0019,rag_0020,rag_0021,rag_0022,rag_0023,rag_0024,rag_0025,rag_0026,rag_0027,rag_0028,rag_0029,rag_0030,rag_0031,rag_0032,rag_0033,rag_0034,rag_0035,rag_0036,rag_0037,rag_0038,rag_0039,rag_0040,rag_0041,rag_0042,rag_0043,rag_0044,rag_0045,rag_0046,rag_0047,rag_0048,rag_0049,hist_0000,hist_0001,user_current"
retrieval_heavy,Retrieval-heavy,retrieval-heavy,waterfill,1,128k,cl100k_base,131072,8192,2048,120832,65,63,46,1040,1008,54264,54122,66710,0.4479,1.0,1.0,1.0,rag_sla_p1,,,0,,0,,False,False,,0,,9.878,0.072,0.055,0.008118,o200k_base,53909,False,"{""history"": 2, ""rag"": 33, ""security"": 3, ""system"": 2, ""tool_schema"": 5, ""user"": 1}","{""agent"": 0, ""history"": 56, ""memory"": 0, ""rag"": 80800, ""security"": 273, ""system"": 349, ""tool_result"": 0, ""tool_schema"": 221, ""user"": 37}","{""agent"": 0, ""history"": 56, ""memory"": 0, ""rag"": 53949, ""security"": 273, ""system"": 349, ""tool_result"": 0, ""tool_schema"": 221, ""user"": 37}","{""history"": 56, ""rag"": 53328, ""security"": 273, ""system"": 349, ""tool_schema"": 221, ""user"": 37}",protected first | elastic floors | weighted water-fill | ceilings,773ae2595afba3a4171cfe5ba5f879646f19db10c313804ae45b495f982c23fd,90bcbc1248ce96f54a860ab980cf7864bb67ae1ac0a5e54dd2c7f8e8e23ea111,"sys_platform,sys_style,sec_tenant,sec_prod,sec_secrets,tool_search_docs,tool_get_incident,tool_list_exceptions,tool_run_query,tool_page_oncall,rag_sla_p1,rag_0000,rag_0001,rag_0003,rag_0004,rag_0005,rag_0006,rag_0007,rag_0008,rag_0009,rag_0010,rag_0011,rag_0012,rag_0013,rag_0014,rag_0015,rag_0016,rag_0017,rag_0018,rag_0019,rag_0020,rag_0021,rag_0022,rag_0023,rag_0024,rag_0025,rag_0026,rag_0027,rag_0028,rag_0029,rag_0030,rag_0031,rag_0032,hist_0000,hist_0001,user_current"
retrieval_heavy,Retrieval-heavy,retrieval-heavy,utility,1,128k,cl100k_base,131072,8192,2048,120832,65,63,46,1040,1008,54264,54122,66710,0.4479,1.0,1.0,1.0,rag_sla_p1,,,0,,0,,False,False,,0,,9.773,0.078,0.052,0.008118,o200k_base,53909,False,"{""history"": 2, ""rag"": 33, ""security"": 3, ""system"": 2, ""tool_schema"": 5, ""user"": 1}","{""agent"": 0, ""history"": 56, ""memory"": 0, ""rag"": 80800, ""security"": 273, ""system"": 349, ""tool_result"": 0, ""tool_schema"": 221, ""user"": 37}","{""agent"": 0, ""history"": 56, ""memory"": 0, ""rag"": 53328, ""security"": 273, ""system"": 349, ""tool_result"": 0, ""tool_schema"": 221, ""user"": 37}","{""history"": 56, ""rag"": 53328, ""security"": 273, ""system"": 349, ""tool_schema"": 221, ""user"": 37}",protected first | elastic floors | greedy score packing | ceilings,773ae2595afba3a4171cfe5ba5f879646f19db10c313804ae45b495f982c23fd,92b6317f4498f3366bfe6d037459f2dbff00c3567fa1ab44a99f1525e87e05c9,"sys_platform,sys_style,sec_tenant,sec_prod,sec_secrets,tool_search_docs,tool_get_incident,tool_list_exceptions,tool_run_query,tool_page_oncall,rag_sla_p1,rag_0000,rag_0001,rag_0003,rag_0004,rag_0005,rag_0006,rag_0007,rag_0008,rag_0009,rag_0010,rag_0011,rag_0012,rag_0013,rag_0014,rag_0015,rag_0016,rag_0017,rag_0018,rag_0019,rag_0020,rag_0021,rag_0022,rag_0023,rag_0024,rag_0025,rag_0026,rag_0027,rag_0028,rag_0029,rag_0030,rag_0031,rag_0032,hist_0000,hist_0001,user_current"
retrieval_heavy,Retrieval-heavy,retrieval-heavy,recency,1,128k,cl100k_base,131072,8192,2048,120832,65,63,63,1040,1008,81736,81543,39289,0.6748,1.0,1.0,1.0,rag_sla_p1,,,0,,0,,False,False,,0,,9.896,0.059,0.081,0.012231,o200k_base,81211,False,"{""history"": 2, ""rag"": 50, ""security"": 3, ""system"": 2, ""tool_schema"": 5, ""user"": 1}","{""agent"": 0, ""history"": 56, ""memory"": 0, ""rag"": 80800, ""security"": 273, ""system"": 349, ""tool_result"": 0, ""tool_schema"": 221, ""user"": 37}","{""agent"": 119888, ""history"": 119888, ""memory"": 200632, ""rag"": 200632, ""security"": 273, ""system"": 349, ""tool_result"": 119888, ""tool_schema"": 221, ""user"": 37}","{""history"": 56, ""rag"": 80800, ""security"": 273, ""system"": 349, ""tool_schema"": 221, ""user"": 37}",protected first | live classes newest-first (no oldest-history pin) | knowledge fills remainder by relevance | no elastic floors/ceilings,b744abd2668e9fed60be792c802917b20cc3d03ff218e757cd0acd31a011bebf,b2247f6b980c7123d3da5ba1291fb8fdbd0a10aad0367ea3a7a0e7efa350659d,"sys_platform,sys_style,sec_tenant,sec_prod,sec_secrets,tool_search_docs,tool_get_incident,tool_list_exceptions,tool_run_query,tool_page_oncall,rag_sla_p1,rag_0000,rag_0001,rag_0003,rag_0004,rag_0005,rag_0006,rag_0007,rag_0008,rag_0009,rag_0010,rag_0011,rag_0012,rag_0013,rag_0014,rag_0015,rag_0016,rag_0017,rag_0018,rag_0019,rag_0020,rag_0021,rag_0022,rag_0023,rag_0024,rag_0025,rag_0026,rag_0027,rag_0028,rag_0029,rag_0030,rag_0031,rag_0032,rag_0033,rag_0034,rag_0035,rag_0036,rag_0037,rag_0038,rag_0039,rag_0040,rag_0041,rag_0042,rag_0043,rag_0044,rag_0045,rag_0046,rag_0047,rag_0048,rag_0049,hist_0000,hist_0001,user_current"
retrieval_heavy,Retrieval-heavy,retrieval-heavy,fixed_quota,1,256k,cl100k_base,262144,16384,2048,243712,65,63,63,1040,1008,81736,81543,162169,0.3346,1.0,1.0,1.0,rag_sla_p1,,,0,,0,,False,False,,0,,9.788,0.067,0.077,0.012231,o200k_base,81211,False,"{""history"": 2, ""rag"": 50, ""security"": 3, ""system"": 2, ""tool_schema"": 5, ""user"": 1}","{""agent"": 0, ""history"": 56, ""memory"": 0, ""rag"": 80800, ""security"": 273, ""system"": 349, ""tool_result"": 0, ""tool_schema"": 221, ""user"": 37}","{""agent"": 36415, ""history"": 72830, ""memory"": 24277, ""rag"": 60692, ""security"": 273, ""system"": 349, ""tool_result"": 48554, ""tool_schema"": 221, ""user"": 37}","{""history"": 56, ""rag"": 80800, ""security"": 273, ""system"": 349, ""tool_schema"": 221, ""user"": 37}",protected first | fixed elastic quotas | spillover in spillover_order | spillover consumed packing leftover,b744abd2668e9fed60be792c802917b20cc3d03ff218e757cd0acd31a011bebf,1442706ec5084b0f502c5541381180993a0cef652ac710ee3598f013b228507f,"sys_platform,sys_style,sec_tenant,sec_prod,sec_secrets,tool_search_docs,tool_get_incident,tool_list_exceptions,tool_run_query,tool_page_oncall,rag_sla_p1,rag_0000,rag_0001,rag_0003,rag_0004,rag_0005,rag_0006,rag_0007,rag_0008,rag_0009,rag_0010,rag_0011,rag_0012,rag_0013,rag_0014,rag_0015,rag_0016,rag_0017,rag_0018,rag_0019,rag_0020,rag_0021,rag_0022,rag_0023,rag_0024,rag_0025,rag_0026,rag_0027,rag_0028,rag_0029,rag_0030,rag_0031,rag_0032,rag_0033,rag_0034,rag_0035,rag_0036,rag_0037,rag_0038,rag_0039,rag_0040,rag_0041,rag_0042,rag_0043,rag_0044,rag_0045,rag_0046,rag_0047,rag_0048,rag_0049,hist_0000,hist_0001,user_current"
retrieval_heavy,Retrieval-heavy,retrieval-heavy,waterfill,1,256k,cl100k_base,262144,16384,2048,243712,65,63,63,1040,1008,81736,81543,162169,0.3346,1.0,1.0,1.0,rag_sla_p1,,,0,,0,,False,False,,0,,9.918,0.073,0.085,0.012231,o200k_base,81211,False,"{""history"": 2, ""rag"": 50, ""security"": 3, ""system"": 2, ""tool_schema"": 5, ""user"": 1}","{""agent"": 0, ""history"": 56, ""memory"": 0, ""rag"": 80800, ""security"": 273, ""system"": 349, ""tool_result"": 0, ""tool_schema"": 221, ""user"": 37}","{""agent"": 0, ""history"": 56, ""memory"": 0, ""rag"": 80800, ""security"": 273, ""system"": 349, ""tool_result"": 0, ""tool_schema"": 221, ""user"": 37}","{""history"": 56, ""rag"": 80800, ""security"": 273, ""system"": 349, ""tool_schema"": 221, ""user"": 37}",protected first | elastic floors | weighted water-fill | ceilings,b744abd2668e9fed60be792c802917b20cc3d03ff218e757cd0acd31a011bebf,eb258233fc23381417180cca0dc74ddeb8ea4c3ceb2f8b9b9e937268b46fd0f9,"sys_platform,sys_style,sec_tenant,sec_prod,sec_secrets,tool_search_docs,tool_get_incident,tool_list_exceptions,tool_run_query,tool_page_oncall,rag_sla_p1,rag_0000,rag_0001,rag_0003,rag_0004,rag_0005,rag_0006,rag_0007,rag_0008,rag_0009,rag_0010,rag_0011,rag_0012,rag_0013,rag_0014,rag_0015,rag_0016,rag_0017,rag_0018,rag_0019,rag_0020,rag_0021,rag_0022,rag_0023,rag_0024,rag_0025,rag_0026,rag_0027,rag_0028,rag_0029,rag_0030,rag_0031,rag_0032,rag_0033,rag_0034,rag_0035,rag_0036,rag_0037,rag_0038,rag_0039,rag_0040,rag_0041,rag_0042,rag_0043,rag_0044,rag_0045,rag_0046,rag_0047,rag_0048,rag_0049,hist_0000,hist_0001,user_current"
retrieval_heavy,Retrieval-heavy,retrieval-heavy,utility,1,256k,cl100k_base,262144,16384,2048,243712,65,63,63,1040,1008,81736,81543,162169,0.3346,1.0,1.0,1.0,rag_sla_p1,,,0,,0,,False,False,,0,,9.788,0.089,0.083,0.012231,o200k_base,81211,False,"{""history"": 2, ""rag"": 50, ""security"": 3, ""system"": 2, ""tool_schema"": 5, ""user"": 1}","{""agent"": 0, ""history"": 56, ""memory"": 0, ""rag"": 80800, ""security"": 273, ""system"": 349, ""tool_result"": 0, ""tool_schema"": 221, ""user"": 37}","{""agent"": 0, ""history"": 56, ""memory"": 0, ""rag"": 80800, ""security"": 273, ""system"": 349, ""tool_result"": 0, ""tool_schema"": 221, ""user"": 37}","{""history"": 56, ""rag"": 80800, ""security"": 273, ""system"": 349, ""tool_schema"": 221, ""user"": 37}",protected first | elastic floors | greedy score packing | ceilings,b744abd2668e9fed60be792c802917b20cc3d03ff218e757cd0acd31a011bebf,aed35f4cf6a8ad537fe416b376a6214db358544656676a4f2f4c5c2ff3e7ab67,"sys_platform,sys_style,sec_tenant,sec_prod,sec_secrets,tool_search_docs,tool_get_incident,tool_list_exceptions,tool_run_query,tool_page_oncall,rag_sla_p1,rag_0000,rag_0001,rag_0003,rag_0004,rag_0005,rag_0006,rag_0007,rag_0008,rag_0009,rag_0010,rag_0011,rag_0012,rag_0013,rag_0014,rag_0015,rag_0016,rag_0017,rag_0018,rag_0019,rag_0020,rag_0021,rag_0022,rag_0023,rag_0024,rag_0025,rag_0026,rag_0027,rag_0028,rag_0029,rag_0030,rag_0031,rag_0032,rag_0033,rag_0034,rag_0035,rag_0036,rag_0037,rag_0038,rag_0039,rag_0040,rag_0041,rag_0042,rag_0043,rag_0044,rag_0045,rag_0046,rag_0047,rag_0048,rag_0049,hist_0000,hist_0001,user_current"
retrieval_heavy,Retrieval-heavy,retrieval-heavy,recency,1,256k,cl100k_base,262144,16384,2048,243712,65,63,63,1040,1008,81736,81543,162169,0.3346,1.0,1.0,1.0,rag_sla_p1,,,0,,0,,False,False,,0,,9.911,0.062,0.08,0.012231,o200k_base,81211,False,"{""history"": 2, ""rag"": 50, ""security"": 3, ""system"": 2, ""tool_schema"": 5, ""user"": 1}","{""agent"": 0, ""history"": 56, ""memory"": 0, ""rag"": 80800, ""security"": 273, ""system"": 349, ""tool_result"": 0, ""tool_schema"": 221, ""user"": 37}","{""agent"": 242768, ""history"": 242768, ""memory"": 323512, ""rag"": 323512, ""security"": 273, ""system"": 349, ""tool_result"": 242768, ""tool_schema"": 221, ""user"": 37}","{""history"": 56, ""rag"": 80800, ""security"": 273, ""system"": 349, ""tool_schema"": 221, ""user"": 37}",protected first | live classes newest-first (no oldest-history pin) | knowledge fills remainder by relevance | no elastic floors/ceilings,b744abd2668e9fed60be792c802917b20cc3d03ff218e757cd0acd31a011bebf,b2247f6b980c7123d3da5ba1291fb8fdbd0a10aad0367ea3a7a0e7efa350659d,"sys_platform,sys_style,sec_tenant,sec_prod,sec_secrets,tool_search_docs,tool_get_incident,tool_list_exceptions,tool_run_query,tool_page_oncall,rag_sla_p1,rag_0000,rag_0001,rag_0003,rag_0004,rag_0005,rag_0006,rag_0007,rag_0008,rag_0009,rag_0010,rag_0011,rag_0012,rag_0013,rag_0014,rag_0015,rag_0016,rag_0017,rag_0018,rag_0019,rag_0020,rag_0021,rag_0022,rag_0023,rag_0024,rag_0025,rag_0026,rag_0027,rag_0028,rag_0029,rag_0030,rag_0031,rag_0032,rag_0033,rag_0034,rag_0035,rag_0036,rag_0037,rag_0038,rag_0039,rag_0040,rag_0041,rag_0042,rag_0043,rag_0044,rag_0045,rag_0046,rag_0047,rag_0048,rag_0049,hist_0000,hist_0001,user_current"
tool_bomb,Huge tool output,tool-bomb,fixed_quota,1,32k,cl100k_base,32768,4096,512,28160,18,16,16,288,256,6611,6563,21597,0.2331,1.0,1.0,1.0,rag_billing_retry,,,0,,0,,False,False,,1,toolres_bomb,6.673,7.8,0.011,0.000984,o200k_base,6559,False,"{""history"": 2, ""memory"": 1, ""rag"": 1, ""security"": 3, ""system"": 2, ""tool_result"": 1, ""tool_schema"": 5, ""user"": 1}","{""agent"": 0, ""history"": 49, ""memory"": 86, ""rag"": 155, ""security"": 273, ""system"": 349, ""tool_result"": 55016, ""tool_schema"": 221, ""user"": 34}","{""agent"": 4083, ""history"": 8165, ""memory"": 2722, ""rag"": 6805, ""security"": 273, ""system"": 349, ""tool_result"": 5444, ""tool_schema"": 221, ""user"": 34}","{""history"": 49, ""memory"": 86, ""rag"": 155, ""security"": 273, ""system"": 349, ""tool_result"": 5444, ""tool_schema"": 221, ""user"": 34}",protected first | fixed elastic quotas | spillover in spillover_order,be000d00473f2bc9641bf776c261228619d73b7fecf28f5f22470052bb161aec,25dfa49645f2e76c68c4f38bcdfd8f83e04eca8a04c48c95842392320c8877a3,"sys_platform,sys_style,sec_tenant,sec_prod,sec_secrets,tool_search_docs,tool_get_incident,tool_list_exceptions,tool_run_query,tool_page_oncall,mem_csv_monday,rag_billing_retry,hist_0000,hist_0001,toolres_bomb,user_current"
tool_bomb,Huge tool output,tool-bomb,waterfill,1,32k,cl100k_base,32768,4096,512,28160,18,16,16,288,256,12054,12007,16153,0.4264,1.0,1.0,1.0,rag_billing_retry,,,0,,0,,False,False,,1,toolres_bomb,6.674,9.016,0.015,0.001801,o200k_base,11993,False,"{""history"": 2, ""memory"": 1, ""rag"": 1, ""security"": 3, ""system"": 2, ""tool_result"": 1, ""tool_schema"": 5, ""user"": 1}","{""agent"": 0, ""history"": 49, ""memory"": 86, ""rag"": 155, ""security"": 273, ""system"": 349, ""tool_result"": 55016, ""tool_schema"": 221, ""user"": 34}","{""agent"": 0, ""history"": 49, ""memory"": 86, ""rag"": 155, ""security"": 273, ""system"": 349, ""tool_result"": 10887, ""tool_schema"": 221, ""user"": 34}","{""history"": 49, ""memory"": 86, ""rag"": 155, ""security"": 273, ""system"": 349, ""tool_result"": 10887, ""tool_schema"": 221, ""user"": 34}",protected first | elastic floors | weighted water-fill | ceilings,e5db8444f60d17c57713baf59cfef5869c446e1a77873f1aed18c13defee5658,c8d956ba37002d53f821376247aecbeaa108547f2685181024ffc3746700dde5,"sys_platform,sys_style,sec_tenant,sec_prod,sec_secrets,tool_search_docs,tool_get_incident,tool_list_exceptions,tool_run_query,tool_page_oncall,mem_csv_monday,rag_billing_retry,hist_0000,hist_0001,toolres_bomb,user_current"
tool_bomb,Huge tool output,tool-bomb,utility,1,32k,cl100k_base,32768,4096,512,28160,18,16,16,288,256,3344,3297,24863,0.1171,1.0,1.0,1.0,rag_billing_retry,,,0,,0,,False,False,,1,toolres_bomb,6.514,6.975,0.009,0.000495,o200k_base,3296,False,"{""history"": 2, ""memory"": 1, ""rag"": 1, ""security"": 3, ""system"": 2, ""tool_result"": 1, ""tool_schema"": 5, ""user"": 1}","{""agent"": 0, ""history"": 49, ""memory"": 86, ""rag"": 155, ""security"": 273, ""system"": 349, ""tool_result"": 55016, ""tool_schema"": 221, ""user"": 34}","{""agent"": 0, ""history"": 49, ""memory"": 86, ""rag"": 155, ""security"": 273, ""system"": 349, ""tool_result"": 2177, ""tool_schema"": 221, ""user"": 34}","{""history"": 49, ""memory"": 86, ""rag"": 155, ""security"": 273, ""system"": 349, ""tool_result"": 2177, ""tool_schema"": 221, ""user"": 34}",protected first | elastic floors | greedy score packing | ceilings,879d24b55141a9c47c7eb535c034eb1c93dfcf20afa4bf6f8773116f86ad308a,c706ce147113dd5fc6898fdc2608261ef4804aef26163e1d4b3caaa546edb642,"sys_platform,sys_style,sec_tenant,sec_prod,sec_secrets,tool_search_docs,tool_get_incident,tool_list_exceptions,tool_run_query,tool_page_oncall,mem_csv_monday,rag_billing_retry,hist_0000,hist_0001,toolres_bomb,user_current"
tool_bomb,Huge tool output,tool-bomb,recency,1,32k,cl100k_base,32768,4096,512,28160,18,16,12,288,256,28096,28049,111,0.9961,1.0,1.0,0.0,,rag_billing_retry,"history,rag,memory",3,,0,,False,False,,1,toolres_bomb,6.559,13.062,0.029,0.004207,o200k_base,28009,False,"{""security"": 3, ""system"": 2, ""tool_result"": 1, ""tool_schema"": 5, ""user"": 1}","{""agent"": 0, ""history"": 49, ""memory"": 86, ""rag"": 155, ""security"": 273, ""system"": 349, ""tool_result"": 55016, ""tool_schema"": 221, ""user"": 34}","{""agent"": 27219, ""history"": 27219, ""memory"": 0, ""rag"": 0, ""security"": 273, ""system"": 349, ""tool_result"": 27219, ""tool_schema"": 221, ""user"": 34}","{""security"": 273, ""system"": 349, ""tool_result"": 27219, ""tool_schema"": 221, ""user"": 34}",protected first | live classes newest-first (no oldest-history pin) | knowledge fills remainder by relevance | no elastic floors/ceilings,fbd156b197f2220e3b4a49c6bf4a144be1e81110425e2efcd4501d99631e7b3a,956cd3091388cb3c8b0a18c707153846747c8efe9940387cdfd6f07de1bd972f,"sys_platform,sys_style,sec_tenant,sec_prod,sec_secrets,tool_search_docs,tool_get_incident,tool_list_exceptions,tool_run_query,tool_page_oncall,toolres_bomb,user_current"
tool_bomb,Huge tool output,tool-bomb,fixed_quota,1,64k,cl100k_base,65536,8192,1024,56320,18,16,16,288,256,12243,12196,44124,0.2165,1.0,1.0,1.0,rag_billing_retry,,,0,,0,,False,False,,1,toolres_bomb,6.693,9.091,0.016,0.001829,o200k_base,12181,False,"{""history"": 2, ""memory"": 1, ""rag"": 1, ""security"": 3, ""system"": 2, ""tool_result"": 1, ""tool_schema"": 5, ""user"": 1}","{""agent"": 0, ""history"": 49, ""memory"": 86, ""rag"": 155, ""security"": 273, ""system"": 349, ""tool_result"": 55016, ""tool_schema"": 221, ""user"": 34}","{""agent"": 8307, ""history"": 16613, ""memory"": 5538, ""rag"": 13845, ""security"": 273, ""system"": 349, ""tool_result"": 11076, ""tool_schema"": 221, ""user"": 34}","{""history"": 49, ""memory"": 86, ""rag"": 155, ""security"": 273, ""system"": 349, ""tool_result"": 11076, ""tool_schema"": 221, ""user"": 34}",protected first | fixed elastic quotas | spillover in spillover_order,e332fe1dd3c05eb1033baf0aa5f10f818f22552be21a23a55349975c0c653dac,df89472c8ce23a0b781191f85c5362a54a1d97c49eca6a9de5ec0e995cf04f4d,"sys_platform,sys_style,sec_tenant,sec_prod,sec_secrets,tool_search_docs,tool_get_incident,tool_list_exceptions,tool_run_query,tool_page_oncall,mem_csv_monday,rag_billing_retry,hist_0000,hist_0001,toolres_bomb,user_current"
tool_bomb,Huge tool output,tool-bomb,waterfill,1,64k,cl100k_base,65536,8192,1024,56320,18,16,16,288,256,23318,23271,33049,0.4132,1.0,1.0,1.0,rag_billing_retry,,,0,,0,,False,False,,1,toolres_bomb,6.602,11.775,0.023,0.003491,o200k_base,23237,False,"{""history"": 2, ""memory"": 1, ""rag"": 1, ""security"": 3, ""system"": 2, ""tool_result"": 1, ""tool_schema"": 5, ""user"": 1}","{""agent"": 0, ""history"": 49, ""memory"": 86, ""rag"": 155, ""security"": 273, ""system"": 349, ""tool_result"": 55016, ""tool_schema"": 221, ""user"": 34}","{""agent"": 0, ""history"": 49, ""memory"": 86, ""rag"": 155, ""security"": 273, ""system"": 349, ""tool_result"": 22151, ""tool_schema"": 221, ""user"": 34}","{""history"": 49, ""memory"": 86, ""rag"": 155, ""security"": 273, ""system"": 349, ""tool_result"": 22151, ""tool_schema"": 221, ""user"": 34}",protected first | elastic floors | weighted water-fill | ceilings,8ae0f227380cd32fa8af895dedc3d936d8e91abf80021231ec5e06657a109322,ae4f00bbff8a51ad6b51fdde10ba89484efa18ec2c39841492d2c96d61958524,"sys_platform,sys_style,sec_tenant,sec_prod,sec_secrets,tool_search_docs,tool_get_incident,tool_list_exceptions,tool_run_query,tool_page_oncall,mem_csv_monday,rag_billing_retry,hist_0000,hist_0001,toolres_bomb,user_current"
tool_bomb,Huge tool output,tool-bomb,utility,1,64k,cl100k_base,65536,8192,1024,56320,18,16,16,288,256,5597,5550,50770,0.0985,1.0,1.0,1.0,rag_billing_retry,,,0,,0,,False,False,,1,toolres_bomb,6.596,7.514,0.01,0.000833,o200k_base,5548,False,"{""history"": 2, ""memory"": 1, ""rag"": 1, ""security"": 3, ""system"": 2, ""tool_result"": 1, ""tool_schema"": 5, ""user"": 1}","{""agent"": 0, ""history"": 49, ""memory"": 86, ""rag"": 155, ""security"": 273, ""system"": 349, ""tool_result"": 55016, ""tool_schema"": 221, ""user"": 34}","{""agent"": 0, ""history"": 49, ""memory"": 86, ""rag"": 155, ""security"": 273, ""system"": 349, ""tool_result"": 4430, ""tool_schema"": 221, ""user"": 34}","{""history"": 49, ""memory"": 86, ""rag"": 155, ""security"": 273, ""system"": 349, ""tool_result"": 4430, ""tool_schema"": 221, ""user"": 34}",protected first | elastic floors | greedy score packing | ceilings,326fc93ab93ff0260e4003bf256cde4ffd432be76d683068a1d43f0f42b898d5,f232be1f849fd2466fa814cc5b217f8c59e462c22ec9a234a08ed17860047672,"sys_platform,sys_style,sec_tenant,sec_prod,sec_secrets,tool_search_docs,tool_get_incident,tool_list_exceptions,tool_run_query,tool_page_oncall,mem_csv_monday,rag_billing_retry,hist_0000,hist_0001,toolres_bomb,user_current"
tool_bomb,Huge tool output,tool-bomb,recency,1,64k,cl100k_base,65536,8192,1024,56320,18,16,16,288,256,56183,56133,187,0.9967,1.0,1.0,1.0,rag_billing_retry,,,0,,0,,False,False,,0,,6.474,0.025,0.046,0.00842,o200k_base,56049,False,"{""history"": 2, ""memory"": 1, ""rag"": 1, ""security"": 3, ""system"": 2, ""tool_result"": 1, ""tool_schema"": 5, ""user"": 1}","{""agent"": 0, ""history"": 49, ""memory"": 86, ""rag"": 155, ""security"": 273, ""system"": 349, ""tool_result"": 55016, ""tool_schema"": 221, ""user"": 34}","{""agent"": 55379, ""history"": 55379, ""memory"": 555, ""rag"": 555, ""security"": 273, ""system"": 349, ""tool_result"": 55379, ""tool_schema"": 221, ""user"": 34}","{""history"": 49, ""memory"": 86, ""rag"": 155, ""security"": 273, ""system"": 349, ""tool_result"": 55016, ""tool_schema"": 221, ""user"": 34}",protected first | live classes newest-first (no oldest-history pin) | knowledge fills remainder by relevance | no elastic floors/ceilings,60749b354eea0c961daca9c9b98907fda85012a35cfce0fbf71a2a45ae1e0dda,570ab90e4d17db315873c17fe9ecc1832dc040e8cc401048603c22c261e6f1ba,"sys_platform,sys_style,sec_tenant,sec_prod,sec_secrets,tool_search_docs,tool_get_incident,tool_list_exceptions,tool_run_query,tool_page_oncall,mem_csv_monday,rag_billing_retry,hist_0000,hist_0001,toolres_bomb,user_current"
tool_bomb,Huge tool output,tool-bomb,fixed_quota,1,128k,cl100k_base,131072,8192,2048,120832,18,16,16,288,256,25145,25098,95734,0.2077,1.0,1.0,1.0,rag_billing_retry,,,0,,0,,False,False,,1,toolres_bomb,8.348,12.491,0.036,0.003765,o200k_base,25063,False,"{""history"": 2, ""memory"": 1, ""rag"": 1, ""security"": 3, ""system"": 2, ""tool_result"": 1, ""tool_schema"": 5, ""user"": 1}","{""agent"": 0, ""history"": 49, ""memory"": 86, ""rag"": 155, ""security"": 273, ""system"": 349, ""tool_result"": 55016, ""tool_schema"": 221, ""user"": 34}","{""agent"": 17984, ""history"": 35967, ""memory"": 11989, ""rag"": 29973, ""security"": 273, ""system"": 349, ""tool_result"": 23978, ""tool_schema"": 221, ""user"": 34}","{""history"": 49, ""memory"": 86, ""rag"": 155, ""security"": 273, ""system"": 349, ""tool_result"": 23978, ""tool_schema"": 221, ""user"": 34}",protected first | fixed elastic quotas | spillover in spillover_order,43084941af6cf13a16279a682b8cf2c301fc3e653ccf3a7d36e12127d8de2316,014f75b556fcb66af79f058cb5363b0f444c1c235fdacb879f01fd7b9baa9588,"sys_platform,sys_style,sec_tenant,sec_prod,sec_secrets,tool_search_docs,tool_get_incident,tool_list_exceptions,tool_run_query,tool_page_oncall,mem_csv_monday,rag_billing_retry,hist_0000,hist_0001,toolres_bomb,user_current"
tool_bomb,Huge tool output,tool-bomb,waterfill,1,128k,cl100k_base,131072,8192,2048,120832,18,16,16,288,256,49123,49075,71757,0.4061,1.0,1.0,1.0,rag_billing_retry,,,0,,0,,False,False,,1,toolres_bomb,6.786,18.484,0.044,0.007361,o200k_base,49003,False,"{""history"": 2, ""memory"": 1, ""rag"": 1, ""security"": 3, ""system"": 2, ""tool_result"": 1, ""tool_schema"": 5, ""user"": 1}","{""agent"": 0, ""history"": 49, ""memory"": 86, ""rag"": 155, ""security"": 273, ""system"": 349, ""tool_result"": 55016, ""tool_schema"": 221, ""user"": 34}","{""agent"": 0, ""history"": 49, ""memory"": 86, ""rag"": 155, ""security"": 273, ""system"": 349, ""tool_result"": 47956, ""tool_schema"": 221, ""user"": 34}","{""history"": 49, ""memory"": 86, ""rag"": 155, ""security"": 273, ""system"": 349, ""tool_result"": 47956, ""tool_schema"": 221, ""user"": 34}",protected first | elastic floors | weighted water-fill | ceilings,fe6627f6a356b92f42d4903400ab7c1de8e2111832724e2c276ee1338496b5d2,0149bf993a7114c27071445796264da5aaefee345230a784d029620854119319,"sys_platform,sys_style,sec_tenant,sec_prod,sec_secrets,tool_search_docs,tool_get_incident,tool_list_exceptions,tool_run_query,tool_page_oncall,mem_csv_monday,rag_billing_retry,hist_0000,hist_0001,toolres_bomb,user_current"
tool_bomb,Huge tool output,tool-bomb,utility,1,128k,cl100k_base,131072,8192,2048,120832,18,16,16,288,256,10758,10711,110121,0.0886,1.0,1.0,1.0,rag_billing_retry,,,0,,0,,False,False,,1,toolres_bomb,6.692,8.77,0.017,0.001607,o200k_base,10699,False,"{""history"": 2, ""memory"": 1, ""rag"": 1, ""security"": 3, ""system"": 2, ""tool_result"": 1, ""tool_schema"": 5, ""user"": 1}","{""agent"": 0, ""history"": 49, ""memory"": 86, ""rag"": 155, ""security"": 273, ""system"": 349, ""tool_result"": 55016, ""tool_schema"": 221, ""user"": 34}","{""agent"": 0, ""history"": 49, ""memory"": 86, ""rag"": 155, ""security"": 273, ""system"": 349, ""tool_result"": 9591, ""tool_schema"": 221, ""user"": 34}","{""history"": 49, ""memory"": 86, ""rag"": 155, ""security"": 273, ""system"": 349, ""tool_result"": 9591, ""tool_schema"": 221, ""user"": 34}",protected first | elastic floors | greedy score packing | ceilings,a515ed25b9fe4517ee3bd6a6979927ffe522b42c10a047b69e3041b2d762ec53,a87caf7f9645745b29bb913b642ab1faef0ec58a6189263642e7a2ca0c05d198,"sys_platform,sys_style,sec_tenant,sec_prod,sec_secrets,tool_search_docs,tool_get_incident,tool_list_exceptions,tool_run_query,tool_page_oncall,mem_csv_monday,rag_billing_retry,hist_0000,hist_0001,toolres_bomb,user_current"
tool_bomb,Huge tool output,tool-bomb,recency,1,128k,cl100k_base,131072,8192,2048,120832,18,16,16,288,256,56183,56133,64699,0.4646,1.0,1.0,1.0,rag_billing_retry,,,0,,0,,False,False,,0,,6.584,0.035,0.049,0.00842,o200k_base,56049,False,"{""history"": 2, ""memory"": 1, ""rag"": 1, ""security"": 3, ""system"": 2, ""tool_result"": 1, ""tool_schema"": 5, ""user"": 1}","{""agent"": 0, ""history"": 49, ""memory"": 86, ""rag"": 155, ""security"": 273, ""system"": 349, ""tool_result"": 55016, ""tool_schema"": 221, ""user"": 34}","{""agent"": 119891, ""history"": 119891, ""memory"": 65067, ""rag"": 65067, ""security"": 273, ""system"": 349, ""tool_result"": 119891, ""tool_schema"": 221, ""user"": 34}","{""history"": 49, ""memory"": 86, ""rag"": 155, ""security"": 273, ""system"": 349, ""tool_result"": 55016, ""tool_schema"": 221, ""user"": 34}",protected first | live classes newest-first (no oldest-history pin) | knowledge fills remainder by relevance | no elastic floors/ceilings,60749b354eea0c961daca9c9b98907fda85012a35cfce0fbf71a2a45ae1e0dda,570ab90e4d17db315873c17fe9ecc1832dc040e8cc401048603c22c261e6f1ba,"sys_platform,sys_style,sec_tenant,sec_prod,sec_secrets,tool_search_docs,tool_get_incident,tool_list_exceptions,tool_run_query,tool_page_oncall,mem_csv_monday,rag_billing_retry,hist_0000,hist_0001,toolres_bomb,user_current"
tool_bomb,Huge tool output,tool-bomb,fixed_quota,1,256k,cl100k_base,262144,16384,2048,243712,18,16,16,288,256,49721,49674,194038,0.2038,1.0,1.0,1.0,rag_billing_retry,,,0,,0,,False,False,,1,toolres_bomb,6.529,18.333,0.045,0.007451,o200k_base,49600,False,"{""history"": 2, ""memory"": 1, ""rag"": 1, ""security"": 3, ""system"": 2, ""tool_result"": 1, ""tool_schema"": 5, ""user"": 1}","{""agent"": 0, ""history"": 49, ""memory"": 86, ""rag"": 155, ""security"": 273, ""system"": 349, ""tool_result"": 55016, ""tool_schema"": 221, ""user"": 34}","{""agent"": 36416, ""history"": 72831, ""memory"": 24277, ""rag"": 60693, ""security"": 273, ""system"": 349, ""tool_result"": 48554, ""tool_schema"": 221, ""user"": 34}","{""history"": 49, ""memory"": 86, ""rag"": 155, ""security"": 273, ""system"": 349, ""tool_result"": 48554, ""tool_schema"": 221, ""user"": 34}",protected first | fixed elastic quotas | spillover in spillover_order,0956c546d58e8feedfb45cfe372c0dfbb0db1c173f7761c07bc15dedfd8dd1cc,40e2633ce2199f21a9d5adda2815586eeb2e3a816449b8c81937f28c0cf88531,"sys_platform,sys_style,sec_tenant,sec_prod,sec_secrets,tool_search_docs,tool_get_incident,tool_list_exceptions,tool_run_query,tool_page_oncall,mem_csv_monday,rag_billing_retry,hist_0000,hist_0001,toolres_bomb,user_current"
tool_bomb,Huge tool output,tool-bomb,waterfill,1,256k,cl100k_base,262144,16384,2048,243712,18,16,16,288,256,56183,56133,187579,0.2303,1.0,1.0,1.0,rag_billing_retry,,,0,,0,,False,False,,0,,6.614,0.044,0.048,0.00842,o200k_base,56049,False,"{""history"": 2, ""memory"": 1, ""rag"": 1, ""security"": 3, ""system"": 2, ""tool_result"": 1, ""tool_schema"": 5, ""user"": 1}","{""agent"": 0, ""history"": 49, ""memory"": 86, ""rag"": 155, ""security"": 273, ""system"": 349, ""tool_result"": 55016, ""tool_schema"": 221, ""user"": 34}","{""agent"": 0, ""history"": 49, ""memory"": 86, ""rag"": 155, ""security"": 273, ""system"": 349, ""tool_result"": 55016, ""tool_schema"": 221, ""user"": 34}","{""history"": 49, ""memory"": 86, ""rag"": 155, ""security"": 273, ""system"": 349, ""tool_result"": 55016, ""tool_schema"": 221, ""user"": 34}",protected first | elastic floors | weighted water-fill | ceilings,60749b354eea0c961daca9c9b98907fda85012a35cfce0fbf71a2a45ae1e0dda,b63cbd59900ea838255a2e112640b0d36a7750d0e3821f323eef337f8f6e1f4c,"sys_platform,sys_style,sec_tenant,sec_prod,sec_secrets,tool_search_docs,tool_get_incident,tool_list_exceptions,tool_run_query,tool_page_oncall,mem_csv_monday,rag_billing_retry,hist_0000,hist_0001,toolres_bomb,user_current"
tool_bomb,Huge tool output,tool-bomb,utility,1,256k,cl100k_base,262144,16384,2048,243712,18,16,16,288,256,20588,20541,223171,0.0843,1.0,1.0,1.0,rag_billing_retry,,,0,,0,,False,False,,1,toolres_bomb,6.657,11.311,0.022,0.003081,o200k_base,20515,False,"{""history"": 2, ""memory"": 1, ""rag"": 1, ""security"": 3, ""system"": 2, ""tool_result"": 1, ""tool_schema"": 5, ""user"": 1}","{""agent"": 0, ""history"": 49, ""memory"": 86, ""rag"": 155, ""security"": 273, ""system"": 349, ""tool_result"": 55016, ""tool_schema"": 221, ""user"": 34}","{""agent"": 0, ""history"": 49, ""memory"": 86, ""rag"": 155, ""security"": 273, ""system"": 349, ""tool_result"": 19421, ""tool_schema"": 221, ""user"": 34}","{""history"": 49, ""memory"": 86, ""rag"": 155, ""security"": 273, ""system"": 349, ""tool_result"": 19421, ""tool_schema"": 221, ""user"": 34}",protected first | elastic floors | greedy score packing | ceilings,6ce6d2faa429df0a24c1b2fab6b8e5bf1260c834e7a9bf34d97a4a92ab83b332,f7519f214495cb1601d0078dacecd9f6de427e176dbce328e798a018ebb20a6e,"sys_platform,sys_style,sec_tenant,sec_prod,sec_secrets,tool_search_docs,tool_get_incident,tool_list_exceptions,tool_run_query,tool_page_oncall,mem_csv_monday,rag_billing_retry,hist_0000,hist_0001,toolres_bomb,user_current"
tool_bomb,Huge tool output,tool-bomb,recency,1,256k,cl100k_base,262144,16384,2048,243712,18,16,16,288,256,56183,56133,187579,0.2303,1.0,1.0,1.0,rag_billing_retry,,,0,,0,,False,False,,0,,6.599,0.026,0.052,0.00842,o200k_base,56049,False,"{""history"": 2, ""memory"": 1, ""rag"": 1, ""security"": 3, ""system"": 2, ""tool_result"": 1, ""tool_schema"": 5, ""user"": 1}","{""agent"": 0, ""history"": 49, ""memory"": 86, ""rag"": 155, ""security"": 273, ""system"": 349, ""tool_result"": 55016, ""tool_schema"": 221, ""user"": 34}","{""agent"": 242771, ""history"": 242771, ""memory"": 187947, ""rag"": 187947, ""security"": 273, ""system"": 349, ""tool_result"": 242771, ""tool_schema"": 221, ""user"": 34}","{""history"": 49, ""memory"": 86, ""rag"": 155, ""security"": 273, ""system"": 349, ""tool_result"": 55016, ""tool_schema"": 221, ""user"": 34}",protected first | live classes newest-first (no oldest-history pin) | knowledge fills remainder by relevance | no elastic floors/ceilings,60749b354eea0c961daca9c9b98907fda85012a35cfce0fbf71a2a45ae1e0dda,570ab90e4d17db315873c17fe9ecc1832dc040e8cc401048603c22c261e6f1ba,"sys_platform,sys_style,sec_tenant,sec_prod,sec_secrets,tool_search_docs,tool_get_incident,tool_list_exceptions,tool_run_query,tool_page_oncall,mem_csv_monday,rag_billing_retry,hist_0000,hist_0001,toolres_bomb,user_current"
tool_heavy,Tool-heavy,tool-heavy,fixed_quota,1,32k,cl100k_base,32768,4096,512,28160,39,37,27,624,592,28096,28027,133,0.9953,1.0,1.0,0.0,,toolres_inc2044,,0,,0,,False,False,,2,"toolres_0016,toolres_0010",7.667,1.593,0.039,0.004204,o200k_base,27962,False,"{""history"": 8, ""security"": 3, ""system"": 2, ""tool_result"": 8, ""tool_schema"": 5, ""user"": 1}","{""agent"": 0, ""history"": 3328, ""memory"": 0, ""rag"": 0, ""security"": 273, ""system"": 349, ""tool_result"": 59910, ""tool_schema"": 221, ""user"": 30}","{""agent"": 4083, ""history"": 8167, ""memory"": 2722, ""rag"": 6806, ""security"": 273, ""system"": 349, ""tool_result"": 5445, ""tool_schema"": 221, ""user"": 30}","{""history"": 3328, ""security"": 273, ""system"": 349, ""tool_result"": 23895, ""tool_schema"": 221, ""user"": 30}",protected first | fixed elastic quotas | spillover in spillover_order | spillover consumed packing leftover,0d5c302f1243fe90cf8b7b004a8423f67bf099d1ffcb1a6d3007232f52ebc202,12be5ddf53eaf3a83e8a8d01366db1e29337f95d670445dcbe6826f149553317,"sys_platform,sys_style,sec_tenant,sec_prod,sec_secrets,tool_search_docs,tool_get_incident,tool_list_exceptions,tool_run_query,tool_page_oncall,hist_0000,hist_0001,hist_0002,hist_0003,hist_0004,hist_0005,hist_0006,hist_0007,toolres_0010,toolres_0011,toolres_0012,toolres_0013,toolres_0014,toolres_0015,toolres_0016,toolres_0017,user_current"
tool_heavy,Tool-heavy,tool-heavy,waterfill,1,32k,cl100k_base,32768,4096,512,28160,39,37,23,624,592,15090,15024,13136,0.5335,1.0,1.0,0.0,,toolres_inc2044,,0,,0,,False,False,,1,toolres_0014,7.65,0.585,0.019,0.002254,o200k_base,14973,False,"{""history"": 8, ""security"": 3, ""system"": 2, ""tool_result"": 4, ""tool_schema"": 5, ""user"": 1}","{""agent"": 0, ""history"": 3328, ""memory"": 0, ""rag"": 0, ""security"": 273, ""system"": 349, ""tool_result"": 59910, ""tool_schema"": 221, ""user"": 30}","{""agent"": 0, ""history"": 3328, ""memory"": 0, ""rag"": 0, ""security"": 273, ""system"": 349, ""tool_result"": 10889, ""tool_schema"": 221, ""user"": 30}","{""history"": 3328, ""security"": 273, ""system"": 349, ""tool_result"": 10889, ""tool_schema"": 221, ""user"": 30}",protected first | elastic floors | weighted water-fill | ceilings,95c4b9ccaa60c78a6ab24a50064d9d84ebe7b2e94328e967f6281dd14705f41a,199da6e2b4b3c3808f4c126174aae25c6867e62794e5620781e1042bad3fca52,"sys_platform,sys_style,sec_tenant,sec_prod,sec_secrets,tool_search_docs,tool_get_incident,tool_list_exceptions,tool_run_query,tool_page_oncall,hist_0000,hist_0001,hist_0002,hist_0003,hist_0004,hist_0005,hist_0006,hist_0007,toolres_0014,toolres_0015,toolres_0016,toolres_0017,user_current"
tool_heavy,Tool-heavy,tool-heavy,utility,1,32k,cl100k_base,32768,4096,512,28160,39,37,23,624,592,15090,15026,13134,0.5336,1.0,1.0,0.0,,toolres_inc2044,,0,,0,,False,False,,2,"toolres_0017,toolres_0014",7.629,1.909,0.018,0.002254,o200k_base,14993,False,"{""history"": 8, ""security"": 3, ""system"": 2, ""tool_result"": 4, ""tool_schema"": 5, ""user"": 1}","{""agent"": 0, ""history"": 3328, ""memory"": 0, ""rag"": 0, ""security"": 273, ""system"": 349, ""tool_result"": 59910, ""tool_schema"": 221, ""user"": 30}","{""agent"": 0, ""history"": 3328, ""memory"": 0, ""rag"": 0, ""security"": 273, ""system"": 349, ""tool_result"": 10889, ""tool_schema"": 221, ""user"": 30}","{""history"": 3328, ""security"": 273, ""system"": 349, ""tool_result"": 10889, ""tool_schema"": 221, ""user"": 30}",protected first | elastic floors | greedy score packing | ceilings,5b247bfac88afdf21c228bb01e8613954ba5d4be506ed969fa97081c381dbac9,17f931e9244555a3a3338682f191cfcb8f30e8f5790310f3d1180f0af4732c04,"sys_platform,sys_style,sec_tenant,sec_prod,sec_secrets,tool_search_docs,tool_get_incident,tool_list_exceptions,tool_run_query,tool_page_oncall,hist_0000,hist_0001,hist_0002,hist_0003,hist_0004,hist_0005,hist_0006,hist_0007,toolres_0014,toolres_0015,toolres_0016,toolres_0017,user_current"
tool_heavy,Tool-heavy,tool-heavy,recency,1,32k,cl100k_base,32768,4096,512,28160,39,37,19,624,592,28096,28042,118,0.9958,1.0,1.0,0.0,,toolres_inc2044,history,1,,0,,False,False,,1,toolres_0010,7.723,1.095,0.029,0.004206,o200k_base,27964,False,"{""security"": 3, ""system"": 2, ""tool_result"": 8, ""tool_schema"": 5, ""user"": 1}","{""agent"": 0, ""history"": 3328, ""memory"": 0, ""rag"": 0, ""security"": 273, ""system"": 349, ""tool_result"": 59910, ""tool_schema"": 221, ""user"": 30}","{""agent"": 27223, ""history"": 27223, ""memory"": 0, ""rag"": 0, ""security"": 273, ""system"": 349, ""tool_result"": 27223, ""tool_schema"": 221, ""user"": 30}","{""security"": 273, ""system"": 349, ""tool_result"": 27223, ""tool_schema"": 221, ""user"": 30}",protected first | live classes newest-first (no oldest-history pin) | knowledge fills remainder by relevance | no elastic floors/ceilings,4e98354b8bedc1c736b4ca350f4459a4590b6337838a44d210d6ac7f49ea652d,b29276d685d2693293727c4dd5ab30f7fbd90c5344af333ce46fa115fd99df6b,"sys_platform,sys_style,sec_tenant,sec_prod,sec_secrets,tool_search_docs,tool_get_incident,tool_list_exceptions,tool_run_query,tool_page_oncall,toolres_0010,toolres_0011,toolres_0012,toolres_0013,toolres_0014,toolres_0015,toolres_0016,toolres_0017,user_current"
tool_heavy,Tool-heavy,tool-heavy,fixed_quota,1,64k,cl100k_base,65536,8192,1024,56320,39,37,36,624,592,56256,56175,145,0.9974,1.0,1.0,1.0,toolres_inc2044,,,0,,0,,False,False,,2,"toolres_0014,toolres_0001",7.76,1.55,0.062,0.008426,o200k_base,55973,False,"{""history"": 8, ""security"": 3, ""system"": 2, ""tool_result"": 17, ""tool_schema"": 5, ""user"": 1}","{""agent"": 0, ""history"": 3328, ""memory"": 0, ""rag"": 0, ""security"": 273, ""system"": 349, ""tool_result"": 59910, ""tool_schema"": 221, ""user"": 30}","{""agent"": 8307, ""history"": 16615, ""memory"": 5538, ""rag"": 13846, ""security"": 273, ""system"": 349, ""tool_result"": 11077, ""tool_schema"": 221, ""user"": 30}","{""history"": 3328, ""security"": 273, ""system"": 349, ""tool_result"": 52055, ""tool_schema"": 221, ""user"": 30}",protected first | fixed elastic quotas | spillover in spillover_order | spillover consumed packing leftover,1a008a48dc28a271531f271efde0dd98e0b4dd791a2cfe33dea55ce1ae531958,e2e2a5258602482071d06ea3ed5d05f5f4b12d91b4e95c94819ea3004e67b41e,"sys_platform,sys_style,sec_tenant,sec_prod,sec_secrets,tool_search_docs,tool_get_incident,tool_list_exceptions,tool_run_query,tool_page_oncall,hist_0000,hist_0001,hist_0002,hist_0003,hist_0004,hist_0005,hist_0006,hist_0007,toolres_0001,toolres_0002,toolres_0003,toolres_inc2044,toolres_0005,toolres_0006,toolres_0007,toolres_0008,toolres_0009,toolres_0010,toolres_0011,toolres_0012,toolres_0013,toolres_0014,toolres_0015,toolres_0016,toolres_0017,user_current"
tool_heavy,Tool-heavy,tool-heavy,waterfill,1,64k,cl100k_base,65536,8192,1024,56320,39,37,26,624,592,26354,26284,30036,0.4667,1.0,1.0,0.0,,toolres_inc2044,,0,,0,,False,False,,1,toolres_0011,7.598,0.721,0.028,0.003943,o200k_base,26216,False,"{""history"": 8, ""security"": 3, ""system"": 2, ""tool_result"": 7, ""tool_schema"": 5, ""user"": 1}","{""agent"": 0, ""history"": 3328, ""memory"": 0, ""rag"": 0, ""security"": 273, ""system"": 349, ""tool_result"": 59910, ""tool_schema"": 221, ""user"": 30}","{""agent"": 0, ""history"": 3328, ""memory"": 0, ""rag"": 0, ""security"": 273, ""system"": 349, ""tool_result"": 22153, ""tool_schema"": 221, ""user"": 30}","{""history"": 3328, ""security"": 273, ""system"": 349, ""tool_result"": 22153, ""tool_schema"": 221, ""user"": 30}",protected first | elastic floors | weighted water-fill | ceilings,117d16c02a70634b90927aa1fd6f2b66665885868f41691a3f7dbd39da575da1,e90894cc0e3e05279bfdb06102d4248101efb0d896868e37fbc38606cef7d19a,"sys_platform,sys_style,sec_tenant,sec_prod,sec_secrets,tool_search_docs,tool_get_incident,tool_list_exceptions,tool_run_query,tool_page_oncall,hist_0000,hist_0001,hist_0002,hist_0003,hist_0004,hist_0005,hist_0006,hist_0007,toolres_0011,toolres_0012,toolres_0013,toolres_0014,toolres_0015,toolres_0016,toolres_0017,user_current"
tool_heavy,Tool-heavy,tool-heavy,utility,1,64k,cl100k_base,65536,8192,1024,56320,39,37,27,624,592,26354,26285,30035,0.4667,1.0,1.0,0.0,,toolres_inc2044,,0,,0,,False,False,,2,"toolres_0016,toolres_0010",7.707,1.162,0.03,0.003943,o200k_base,26218,False,"{""history"": 8, ""security"": 3, ""system"": 2, ""tool_result"": 8, ""tool_schema"": 5, ""user"": 1}","{""agent"": 0, ""history"": 3328, ""memory"": 0, ""rag"": 0, ""security"": 273, ""system"": 349, ""tool_result"": 59910, ""tool_schema"": 221, ""user"": 30}","{""agent"": 0, ""history"": 3328, ""memory"": 0, ""rag"": 0, ""security"": 273, ""system"": 349, ""tool_result"": 22153, ""tool_schema"": 221, ""user"": 30}","{""history"": 3328, ""security"": 273, ""system"": 349, ""tool_result"": 22153, ""tool_schema"": 221, ""user"": 30}",protected first | elastic floors | greedy score packing | ceilings,a036004d9aedd3071d15991842e289a97ec21811aacd31d592ad338d47fc7e7d,0f6362a678186b4828f4f8b74a8fe5ac39c246421ecb976ad338196ad7575bb1,"sys_platform,sys_style,sec_tenant,sec_prod,sec_secrets,tool_search_docs,tool_get_incident,tool_list_exceptions,tool_run_query,tool_page_oncall,hist_0000,hist_0001,hist_0002,hist_0003,hist_0004,hist_0005,hist_0006,hist_0007,toolres_0010,toolres_0011,toolres_0012,toolres_0013,toolres_0014,toolres_0015,toolres_0016,toolres_0017,user_current"
tool_heavy,Tool-heavy,tool-heavy,recency,1,64k,cl100k_base,65536,8192,1024,56320,39,37,28,624,592,56256,56188,132,0.9977,1.0,1.0,1.0,toolres_inc2044,,history,1,,0,,False,False,,1,toolres_0001,7.684,1.105,0.055,0.008428,o200k_base,55976,False,"{""security"": 3, ""system"": 2, ""tool_result"": 17, ""tool_schema"": 5, ""user"": 1}","{""agent"": 0, ""history"": 3328, ""memory"": 0, ""rag"": 0, ""security"": 273, ""system"": 349, ""tool_result"": 59910, ""tool_schema"": 221, ""user"": 30}","{""agent"": 55383, ""history"": 55383, ""memory"": 0, ""rag"": 0, ""security"": 273, ""system"": 349, ""tool_result"": 55383, ""tool_schema"": 221, ""user"": 30}","{""security"": 273, ""system"": 349, ""tool_result"": 55383, ""tool_schema"": 221, ""user"": 30}",protected first | live classes newest-first (no oldest-history pin) | knowledge fills remainder by relevance | no elastic floors/ceilings,7bde57892c72493108d470f8a79ebff5d7eacb22ca3db07da950e4d46cdd9812,613ad9c0d27fee4120abc30de4738fb22716a388db25e83c3b60e03b5820ec08,"sys_platform,sys_style,sec_tenant,sec_prod,sec_secrets,tool_search_docs,tool_get_incident,tool_list_exceptions,tool_run_query,tool_page_oncall,toolres_0001,toolres_0002,toolres_0003,toolres_inc2044,toolres_0005,toolres_0006,toolres_0007,toolres_0008,toolres_0009,toolres_0010,toolres_0011,toolres_0012,toolres_0013,toolres_0014,toolres_0015,toolres_0016,toolres_0017,user_current"
tool_heavy,Tool-heavy,tool-heavy,fixed_quota,1,128k,cl100k_base,131072,8192,2048,120832,39,37,37,624,592,63478,63393,57439,0.5246,1.0,1.0,1.0,toolres_inc2044,,,0,,0,,False,False,,1,toolres_0011,7.669,1.164,0.061,0.009509,o200k_base,63180,False,"{""history"": 8, ""security"": 3, ""system"": 2, ""tool_result"": 18, ""tool_schema"": 5, ""user"": 1}","{""agent"": 0, ""history"": 3328, ""memory"": 0, ""rag"": 0, ""security"": 273, ""system"": 349, ""tool_result"": 59910, ""tool_schema"": 221, ""user"": 30}","{""agent"": 17984, ""history"": 35969, ""memory"": 11989, ""rag"": 29974, ""security"": 273, ""system"": 349, ""tool_result"": 23979, ""tool_schema"": 221, ""user"": 30}","{""history"": 3328, ""security"": 273, ""system"": 349, ""tool_result"": 59277, ""tool_schema"": 221, ""user"": 30}",protected first | fixed elastic quotas | spillover in spillover_order | spillover consumed packing leftover,fa2abdf1135b313015996542d327929066d0f19a0387b101894d34f7cd6469db,e88858ced1e5051e523fbf502bded0d87d07063ddaa0d96e9baf094472dd7335,"sys_platform,sys_style,sec_tenant,sec_prod,sec_secrets,tool_search_docs,tool_get_incident,tool_list_exceptions,tool_run_query,tool_page_oncall,hist_0000,hist_0001,hist_0002,hist_0003,hist_0004,hist_0005,hist_0006,hist_0007,toolres_0000,toolres_0001,toolres_0002,toolres_0003,toolres_inc2044,toolres_0005,toolres_0006,toolres_0007,toolres_0008,toolres_0009,toolres_0010,toolres_0011,toolres_0012,toolres_0013,toolres_0014,toolres_0015,toolres_0016,toolres_0017,user_current"
tool_heavy,Tool-heavy,tool-heavy,waterfill,1,128k,cl100k_base,131072,8192,2048,120832,39,37,34,624,592,52159,52076,68756,0.431,1.0,1.0,1.0,toolres_inc2044,,,0,,0,,False,False,,1,toolres_0003,7.62,0.973,0.048,0.007811,o200k_base,51879,False,"{""history"": 8, ""security"": 3, ""system"": 2, ""tool_result"": 15, ""tool_schema"": 5, ""user"": 1}","{""agent"": 0, ""history"": 3328, ""memory"": 0, ""rag"": 0, ""security"": 273, ""system"": 349, ""tool_result"": 59910, ""tool_schema"": 221, ""user"": 30}","{""agent"": 0, ""history"": 3328, ""memory"": 0, ""rag"": 0, ""security"": 273, ""system"": 349, ""tool_result"": 47958, ""tool_schema"": 221, ""user"": 30}","{""history"": 3328, ""security"": 273, ""system"": 349, ""tool_result"": 47958, ""tool_schema"": 221, ""user"": 30}",protected first | elastic floors | weighted water-fill | ceilings,e9933cbf9cb30bca03f939221b324048b507cbcf0ea4a43891e51898f9daeacd,41194db5310663a811cf6e82fbf3fd76678c2272b460dff2256184d7141edeed,"sys_platform,sys_style,sec_tenant,sec_prod,sec_secrets,tool_search_docs,tool_get_incident,tool_list_exceptions,tool_run_query,tool_page_oncall,hist_0000,hist_0001,hist_0002,hist_0003,hist_0004,hist_0005,hist_0006,hist_0007,toolres_0003,toolres_inc2044,toolres_0005,toolres_0006,toolres_0007,toolres_0008,toolres_0009,toolres_0010,toolres_0011,toolres_0012,toolres_0013,toolres_0014,toolres_0015,toolres_0016,toolres_0017,user_current"
tool_heavy,Tool-heavy,tool-heavy,utility,1,128k,cl100k_base,131072,8192,2048,120832,39,37,34,624,592,52159,52080,68752,0.431,1.0,1.0,1.0,toolres_inc2044,,,0,,0,,False,False,,2,"toolres_0015,toolres_0003",7.671,2.275,0.051,0.007812,o200k_base,51884,False,"{""history"": 8, ""security"": 3, ""system"": 2, ""tool_result"": 15, ""tool_schema"": 5, ""user"": 1}","{""agent"": 0, ""history"": 3328, ""memory"": 0, ""rag"": 0, ""security"": 273, ""system"": 349, ""tool_result"": 59910, ""tool_schema"": 221, ""user"": 30}","{""agent"": 0, ""history"": 3328, ""memory"": 0, ""rag"": 0, ""security"": 273, ""system"": 349, ""tool_result"": 47958, ""tool_schema"": 221, ""user"": 30}","{""history"": 3328, ""security"": 273, ""system"": 349, ""tool_result"": 47958, ""tool_schema"": 221, ""user"": 30}",protected first | elastic floors | greedy score packing | ceilings,2a56ff56b2536b85da1a22de1441650abcef638d9b736e1a954d51448357946a,7baa926a078fb3986870370169528aa45a653b82768c09731246397c725da9fc,"sys_platform,sys_style,sec_tenant,sec_prod,sec_secrets,tool_search_docs,tool_get_incident,tool_list_exceptions,tool_run_query,tool_page_oncall,hist_0000,hist_0001,hist_0002,hist_0003,hist_0004,hist_0005,hist_0006,hist_0007,toolres_0003,toolres_inc2044,toolres_0005,toolres_0006,toolres_0007,toolres_0008,toolres_0009,toolres_0010,toolres_0011,toolres_0012,toolres_0013,toolres_0014,toolres_0015,toolres_0016,toolres_0017,user_current"
tool_heavy,Tool-heavy,tool-heavy,recency,1,128k,cl100k_base,131072,8192,2048,120832,39,37,37,624,592,64111,64022,56810,0.5298,1.0,1.0,1.0,toolres_inc2044,,,0,,0,,False,False,,0,,7.68,0.039,0.06,0.009603,o200k_base,63806,False,"{""history"": 8, ""security"": 3, ""system"": 2, ""tool_result"": 18, ""tool_schema"": 5, ""user"": 1}","{""agent"": 0, ""history"": 3328, ""memory"": 0, ""rag"": 0, ""security"": 273, ""system"": 349, ""tool_result"": 59910, ""tool_schema"": 221, ""user"": 30}","{""agent"": 119895, ""history"": 119895, ""memory"": 56657, ""rag"": 56657, ""security"": 273, ""system"": 349, ""tool_result"": 119895, ""tool_schema"": 221, ""user"": 30}","{""history"": 3328, ""security"": 273, ""system"": 349, ""tool_result"": 59910, ""tool_schema"": 221, ""user"": 30}",protected first | live classes newest-first (no oldest-history pin) | knowledge fills remainder by relevance | no elastic floors/ceilings,7224bcea3220624f931cbc7ef764af1642c9ac9f2dc6a7f791227e85ceba30db,e7146689748bc07dbfea73d97189ede93b38648b9b32a02120a4e1b4fc43a218,"sys_platform,sys_style,sec_tenant,sec_prod,sec_secrets,tool_search_docs,tool_get_incident,tool_list_exceptions,tool_run_query,tool_page_oncall,hist_0000,hist_0001,hist_0002,hist_0003,hist_0004,hist_0005,hist_0006,hist_0007,toolres_0000,toolres_0001,toolres_0002,toolres_0003,toolres_inc2044,toolres_0005,toolres_0006,toolres_0007,toolres_0008,toolres_0009,toolres_0010,toolres_0011,toolres_0012,toolres_0013,toolres_0014,toolres_0015,toolres_0016,toolres_0017,user_current"
tool_heavy,Tool-heavy,tool-heavy,fixed_quota,1,256k,cl100k_base,262144,16384,2048,243712,39,37,37,624,592,63304,63218,180494,0.2594,1.0,1.0,1.0,toolres_inc2044,,,0,,0,,False,False,,1,toolres_0003,7.661,1.149,0.06,0.009483,o200k_base,63004,False,"{""history"": 8, ""security"": 3, ""system"": 2, ""tool_result"": 18, ""tool_schema"": 5, ""user"": 1}","{""agent"": 0, ""history"": 3328, ""memory"": 0, ""rag"": 0, ""security"": 273, ""system"": 349, ""tool_result"": 59910, ""tool_schema"": 221, ""user"": 30}","{""agent"": 36416, ""history"": 72833, ""memory"": 24277, ""rag"": 60694, ""security"": 273, ""system"": 349, ""tool_result"": 48555, ""tool_schema"": 221, ""user"": 30}","{""history"": 3328, ""security"": 273, ""system"": 349, ""tool_result"": 59103, ""tool_schema"": 221, ""user"": 30}",protected first | fixed elastic quotas | spillover in spillover_order | spillover consumed packing leftover,fbf5dfd5a46c7c05be8e0fa95d2f9806d37c42d5fbe9d05b478797fddd951cc0,39f3969d0ece272590983aeeccf9956eacca07a64a18843f26fe4d1774071833,"sys_platform,sys_style,sec_tenant,sec_prod,sec_secrets,tool_search_docs,tool_get_incident,tool_list_exceptions,tool_run_query,tool_page_oncall,hist_0000,hist_0001,hist_0002,hist_0003,hist_0004,hist_0005,hist_0006,hist_0007,toolres_0000,toolres_0001,toolres_0002,toolres_0003,toolres_inc2044,toolres_0005,toolres_0006,toolres_0007,toolres_0008,toolres_0009,toolres_0010,toolres_0011,toolres_0012,toolres_0013,toolres_0014,toolres_0015,toolres_0016,toolres_0017,user_current"
tool_heavy,Tool-heavy,tool-heavy,waterfill,1,256k,cl100k_base,262144,16384,2048,243712,39,37,37,624,592,64111,64022,179690,0.2627,1.0,1.0,1.0,toolres_inc2044,,,0,,0,,False,False,,0,,7.576,0.056,0.068,0.009603,o200k_base,63806,False,"{""history"": 8, ""security"": 3, ""system"": 2, ""tool_result"": 18, ""tool_schema"": 5, ""user"": 1}","{""agent"": 0, ""history"": 3328, ""memory"": 0, ""rag"": 0, ""security"": 273, ""system"": 349, ""tool_result"": 59910, ""tool_schema"": 221, ""user"": 30}","{""agent"": 0, ""history"": 3328, ""memory"": 0, ""rag"": 0, ""security"": 273, ""system"": 349, ""tool_result"": 59910, ""tool_schema"": 221, ""user"": 30}","{""history"": 3328, ""security"": 273, ""system"": 349, ""tool_result"": 59910, ""tool_schema"": 221, ""user"": 30}",protected first | elastic floors | weighted water-fill | ceilings,7224bcea3220624f931cbc7ef764af1642c9ac9f2dc6a7f791227e85ceba30db,959232d85138d1ec8d372329092137dcfc283044ade1948967c197dfa14c9f72,"sys_platform,sys_style,sec_tenant,sec_prod,sec_secrets,tool_search_docs,tool_get_incident,tool_list_exceptions,tool_run_query,tool_page_oncall,hist_0000,hist_0001,hist_0002,hist_0003,hist_0004,hist_0005,hist_0006,hist_0007,toolres_0000,toolres_0001,toolres_0002,toolres_0003,toolres_inc2044,toolres_0005,toolres_0006,toolres_0007,toolres_0008,toolres_0009,toolres_0010,toolres_0011,toolres_0012,toolres_0013,toolres_0014,toolres_0015,toolres_0016,toolres_0017,user_current"
tool_heavy,Tool-heavy,tool-heavy,utility,1,256k,cl100k_base,262144,16384,2048,243712,39,37,37,624,592,62437,62351,181361,0.2558,1.0,1.0,1.0,toolres_inc2044,,,0,,0,,False,False,,1,toolres_0012,7.518,0.923,0.063,0.009353,o200k_base,62139,False,"{""history"": 8, ""security"": 3, ""system"": 2, ""tool_result"": 18, ""tool_schema"": 5, ""user"": 1}","{""agent"": 0, ""history"": 3328, ""memory"": 0, ""rag"": 0, ""security"": 273, ""system"": 349, ""tool_result"": 59910, ""tool_schema"": 221, ""user"": 30}","{""agent"": 0, ""history"": 3328, ""memory"": 0, ""rag"": 0, ""security"": 273, ""system"": 349, ""tool_result"": 58236, ""tool_schema"": 221, ""user"": 30}","{""history"": 3328, ""security"": 273, ""system"": 349, ""tool_result"": 58236, ""tool_schema"": 221, ""user"": 30}",protected first | elastic floors | greedy score packing | ceilings,7df86d3583af2e5bb6e0d87e62232c82fe9500c3a2854a529b8315d02f7c31cd,32ce717b08163d2c28e34314ef80263e637bdafddbe98959290ea1da43f3fb5e,"sys_platform,sys_style,sec_tenant,sec_prod,sec_secrets,tool_search_docs,tool_get_incident,tool_list_exceptions,tool_run_query,tool_page_oncall,hist_0000,hist_0001,hist_0002,hist_0003,hist_0004,hist_0005,hist_0006,hist_0007,toolres_0000,toolres_0001,toolres_0002,toolres_0003,toolres_inc2044,toolres_0005,toolres_0006,toolres_0007,toolres_0008,toolres_0009,toolres_0010,toolres_0011,toolres_0012,toolres_0013,toolres_0014,toolres_0015,toolres_0016,toolres_0017,user_current"
tool_heavy,Tool-heavy,tool-heavy,recency,1,256k,cl100k_base,262144,16384,2048,243712,39,37,37,624,592,64111,64022,179690,0.2627,1.0,1.0,1.0,toolres_inc2044,,,0,,0,,False,False,,0,,7.693,0.045,0.063,0.009603,o200k_base,63806,False,"{""history"": 8, ""security"": 3, ""system"": 2, ""tool_result"": 18, ""tool_schema"": 5, ""user"": 1}","{""agent"": 0, ""history"": 3328, ""memory"": 0, ""rag"": 0, ""security"": 273, ""system"": 349, ""tool_result"": 59910, ""tool_schema"": 221, ""user"": 30}","{""agent"": 242775, ""history"": 242775, ""memory"": 179537, ""rag"": 179537, ""security"": 273, ""system"": 349, ""tool_result"": 242775, ""tool_schema"": 221, ""user"": 30}","{""history"": 3328, ""security"": 273, ""system"": 349, ""tool_result"": 59910, ""tool_schema"": 221, ""user"": 30}",protected first | live classes newest-first (no oldest-history pin) | knowledge fills remainder by relevance | no elastic floors/ceilings,7224bcea3220624f931cbc7ef764af1642c9ac9f2dc6a7f791227e85ceba30db,e7146689748bc07dbfea73d97189ede93b38648b9b32a02120a4e1b4fc43a218,"sys_platform,sys_style,sec_tenant,sec_prod,sec_secrets,tool_search_docs,tool_get_incident,tool_list_exceptions,tool_run_query,tool_page_oncall,hist_0000,hist_0001,hist_0002,hist_0003,hist_0004,hist_0005,hist_0006,hist_0007,toolres_0000,toolres_0001,toolres_0002,toolres_0003,toolres_inc2044,toolres_0005,toolres_0006,toolres_0007,toolres_0008,toolres_0009,toolres_0010,toolres_0011,toolres_0012,toolres_0013,toolres_0014,toolres_0015,toolres_0016,toolres_0017,user_current"
